key,period,value,unit,source,note
abl_facility_availability,Q2/26,335,USD m,https://www.sec.gov/Archives/edgar/data/1929561/000192956126000036/rxo-20260630.htm | 10-Q Q2/26 Note 6,
abl_facility_commitment,Q2/26,450,USD m,https://www.sec.gov/Archives/edgar/data/1929561/000192956126000036/rxo-20260630.htm | 10-Q Q2/26 Note 6 Debt 'Revolving Credit Facilities',"ABL entered 5-Feb-2026, matures 5-Feb-2031; secured; $335m available net of $65m drawn and $50m LCs; effective rate 5.12%"
abl_letters_of_credit,Q2/26,50,USD m,https://www.sec.gov/Archives/edgar/data/1929561/000192956126000036/rxo-20260630.htm | 10-Q Q2/26 Note 6,
accounts_payable,FY2021,520,USD m,"https://www.sec.gov/Archives/edgar/data/1929561/000192956123000023/rxoq42022pressrelease.htm | RXO earnings release (Ex.99.1) for Q4/22, T1 (BS: Current liabilities; row 'Accounts payable'), column BSprior",
accounts_payable,Q2/22,615,USD m,"https://www.sec.gov/Archives/edgar/data/1929561/000162828022026335/exhibit991-form10a.htm | Form 10/A information statement (Ex.99.1), unaudited condensed combined balance sheet as of June 30, 2022",
accounts_payable,Q3/22,547,USD m,"https://www.sec.gov/Archives/edgar/data/1929561/000192956122000022/rxo-20220930.htm | Form 10-Q Q3 2022, Condensed Combined Balance Sheet (Sept 30, 2022)",
accounts_payable,Q4/22,501,USD m,"https://www.sec.gov/Archives/edgar/data/1929561/000192956124000025/rxoq42023pressrelease.htm | RXO earnings release (Ex.99.1) for Q4/23, T1 (BS: Current liabilities; row 'Accounts payable'), column BSprior",Year-end balance (same as FY2022)
accounts_payable,FY2022,501,USD m,"https://www.sec.gov/Archives/edgar/data/1929561/000192956124000025/rxoq42023pressrelease.htm | RXO earnings release (Ex.99.1) for Q4/23, T1 (BS: Current liabilities; row 'Accounts payable'), column BSprior",Latest-filed value used (release Q4/23); originally reported 508 in Q4/22 release
accounts_payable,Q1/23,496,USD m,"https://www.sec.gov/Archives/edgar/data/1929561/000192956123000054/rxoq12023pressrelease.htm | RXO earnings release (Ex.99.1) for Q1/23, T1 (BS: Current liabilities; row 'Accounts payable'), column BScur",
accounts_payable,Q2/23,432,USD m,"https://www.sec.gov/Archives/edgar/data/1929561/000192956123000069/rxo2023q2pressrelease.htm | RXO earnings release (Ex.99.1) for Q2/23, T1 (BS: Current liabilities; row 'Accounts payable'), column BScur",
accounts_payable,Q3/23,448,USD m,"https://www.sec.gov/Archives/edgar/data/1929561/000192956123000090/rxo2023q3pressrelease.htm | RXO earnings release (Ex.99.1) for Q3/23, T1 (BS: Current liabilities; row 'Accounts payable'), column BScur",
accounts_payable,Q4/23,414,USD m,"https://www.sec.gov/Archives/edgar/data/1929561/000192956125000029/rxoq42024pressrelease.htm | RXO earnings release (Ex.99.1) for Q4/24, T1 (BS: Current liabilities; row 'Accounts payable'), column BSprior",Year-end balance (same as FY2023)
accounts_payable,FY2023,414,USD m,"https://www.sec.gov/Archives/edgar/data/1929561/000192956125000029/rxoq42024pressrelease.htm | RXO earnings release (Ex.99.1) for Q4/24, T1 (BS: Current liabilities; row 'Accounts payable'), column BSprior",
accounts_payable,Q1/24,372,USD m,"https://www.sec.gov/Archives/edgar/data/1929561/000192956124000075/rxo2024q1pressrelease.htm | RXO earnings release (Ex.99.1) for Q1/24, T1 (BS: Current liabilities; row 'Accounts payable'), column BScur",
accounts_payable,Q2/24,382,USD m,"https://www.sec.gov/Archives/edgar/data/1929561/000192956124000098/rxo2024q2pressrelease.htm | RXO earnings release (Ex.99.1) for Q2/24, T1 (BS: Current liabilities; row 'Accounts payable'), column BScur",
accounts_payable,Q3/24,572,USD m,"https://www.sec.gov/Archives/edgar/data/1929561/000192956124000123/rxo2024q3pressrelease.htm | RXO earnings release (Ex.99.1) for Q3/24, T1 (BS: Current liabilities; row 'Accounts payable'), column BScur",
accounts_payable,Q4/24,568,USD m,"https://www.sec.gov/Archives/edgar/data/1929561/000192956126000006/rxoq42025pressrelease.htm | RXO earnings release (Ex.99.1) for Q4/25, T1 (BS: Current liabilities; row 'Accounts payable'), column BSprior",Year-end balance (same as FY2024)
accounts_payable,FY2024,568,USD m,"https://www.sec.gov/Archives/edgar/data/1929561/000192956126000006/rxoq42025pressrelease.htm | RXO earnings release (Ex.99.1) for Q4/25, T1 (BS: Current liabilities; row 'Accounts payable'), column BSprior",Latest-filed value used (release Q4/25); originally reported 573 in Q4/24 release
accounts_payable,Q1/25,498,USD m,"https://www.sec.gov/Archives/edgar/data/1929561/000192956125000078/rxo2025q1pressrelease.htm | RXO earnings release (Ex.99.1) for Q1/25, T1 (BS: Current liabilities; row 'Accounts payable'), column BScur",
accounts_payable,Q2/25,461,USD m,"https://www.sec.gov/Archives/edgar/data/1929561/000192956125000096/rxo2025q2pressrelease.htm | RXO earnings release (Ex.99.1) for Q2/25, T1 (BS: Current liabilities; row 'Accounts payable'), column BScur",
accounts_payable,Q3/25,481,USD m,"https://www.sec.gov/Archives/edgar/data/1929561/000192956125000110/rxo2025q3pressrelease.htm | RXO earnings release (Ex.99.1) for Q3/25, T1 (BS: Current liabilities; row 'Accounts payable'), column BScur",
accounts_payable,Q4/25,539,USD m,"https://www.sec.gov/Archives/edgar/data/1929561/000192956126000033/rxo2026q2pressrelease.htm | RXO earnings release (Ex.99.1) for Q2/26, T1 (BS: Current liabilities; row 'Accounts payable'), column BSprior",Year-end balance (same as FY2025)
accounts_payable,FY2025,539,USD m,"https://www.sec.gov/Archives/edgar/data/1929561/000192956126000033/rxo2026q2pressrelease.htm | RXO earnings release (Ex.99.1) for Q2/26, T1 (BS: Current liabilities; row 'Accounts payable'), column BSprior",
accounts_payable,Q1/26,584,USD m,"https://www.sec.gov/Archives/edgar/data/1929561/000192956126000023/rxo2026q1pressrelease.htm | RXO earnings release (Ex.99.1) for Q1/26, T1 (BS: Current liabilities; row 'Accounts payable'), column BScur",
accounts_payable,Q2/26,713,USD m,"https://www.sec.gov/Archives/edgar/data/1929561/000192956126000033/rxo2026q2pressrelease.htm | RXO earnings release (Ex.99.1) for Q2/26, T1 (BS: Current liabilities; row 'Accounts payable'), column BScur",
accrued_expenses,FY2021,248,USD m,"https://www.sec.gov/Archives/edgar/data/1929561/000192956123000023/rxoq42022pressrelease.htm | RXO earnings release (Ex.99.1) for Q4/22, T1 (BS: Current liabilities; row 'Accrued expenses'), column BSprior",
accrued_expenses,Q2/22,291,USD m,"https://www.sec.gov/Archives/edgar/data/1929561/000162828022026335/exhibit991-form10a.htm | Form 10/A information statement (Ex.99.1), unaudited condensed combined balance sheet as of June 30, 2022",
accrued_expenses,Q3/22,284,USD m,"https://www.sec.gov/Archives/edgar/data/1929561/000192956122000022/rxo-20220930.htm | Form 10-Q Q3 2022, Condensed Combined Balance Sheet (Sept 30, 2022)",
accrued_expenses,Q4/22,256,USD m,"https://www.sec.gov/Archives/edgar/data/1929561/000192956124000025/rxoq42023pressrelease.htm | RXO earnings release (Ex.99.1) for Q4/23, T1 (BS: Current liabilities; row 'Accrued expenses'), column BSprior",Year-end balance (same as FY2022)
accrued_expenses,FY2022,256,USD m,"https://www.sec.gov/Archives/edgar/data/1929561/000192956124000025/rxoq42023pressrelease.htm | RXO earnings release (Ex.99.1) for Q4/23, T1 (BS: Current liabilities; row 'Accrued expenses'), column BSprior",Latest-filed value used (release Q4/23); originally reported 266 in Q4/22 release
accrued_expenses,Q1/23,265,USD m,"https://www.sec.gov/Archives/edgar/data/1929561/000192956123000054/rxoq12023pressrelease.htm | RXO earnings release (Ex.99.1) for Q1/23, T1 (BS: Current liabilities; row 'Accrued expenses'), column BScur",
accrued_expenses,Q2/23,210,USD m,"https://www.sec.gov/Archives/edgar/data/1929561/000192956123000069/rxo2023q2pressrelease.htm | RXO earnings release (Ex.99.1) for Q2/23, T1 (BS: Current liabilities; row 'Accrued expenses'), column BScur",
accrued_expenses,Q3/23,221,USD m,"https://www.sec.gov/Archives/edgar/data/1929561/000192956123000090/rxo2023q3pressrelease.htm | RXO earnings release (Ex.99.1) for Q3/23, T1 (BS: Current liabilities; row 'Accrued expenses'), column BScur",
accrued_expenses,Q4/23,199,USD m,"https://www.sec.gov/Archives/edgar/data/1929561/000192956125000029/rxoq42024pressrelease.htm | RXO earnings release (Ex.99.1) for Q4/24, T1 (BS: Current liabilities; row 'Accrued expenses'), column BSprior",Year-end balance (same as FY2023)
accrued_expenses,FY2023,199,USD m,"https://www.sec.gov/Archives/edgar/data/1929561/000192956125000029/rxoq42024pressrelease.htm | RXO earnings release (Ex.99.1) for Q4/24, T1 (BS: Current liabilities; row 'Accrued expenses'), column BSprior",
accrued_expenses,Q1/24,220,USD m,"https://www.sec.gov/Archives/edgar/data/1929561/000192956124000075/rxo2024q1pressrelease.htm | RXO earnings release (Ex.99.1) for Q1/24, T1 (BS: Current liabilities; row 'Accrued expenses'), column BScur",
accrued_expenses,Q2/24,197,USD m,"https://www.sec.gov/Archives/edgar/data/1929561/000192956124000098/rxo2024q2pressrelease.htm | RXO earnings release (Ex.99.1) for Q2/24, T1 (BS: Current liabilities; row 'Accrued expenses'), column BScur",
accrued_expenses,Q3/24,262,USD m,"https://www.sec.gov/Archives/edgar/data/1929561/000192956124000123/rxo2024q3pressrelease.htm | RXO earnings release (Ex.99.1) for Q3/24, T1 (BS: Current liabilities; row 'Accrued expenses'), column BScur",
accrued_expenses,Q4/24,373,USD m,"https://www.sec.gov/Archives/edgar/data/1929561/000192956126000006/rxoq42025pressrelease.htm | RXO earnings release (Ex.99.1) for Q4/25, T1 (BS: Current liabilities; row 'Accrued expenses'), column BSprior",Year-end balance (same as FY2024)
accrued_expenses,FY2024,373,USD m,"https://www.sec.gov/Archives/edgar/data/1929561/000192956126000006/rxoq42025pressrelease.htm | RXO earnings release (Ex.99.1) for Q4/25, T1 (BS: Current liabilities; row 'Accrued expenses'), column BSprior",Latest-filed value used (release Q4/25); originally reported 375 in Q4/24 release
accrued_expenses,Q1/25,358,USD m,"https://www.sec.gov/Archives/edgar/data/1929561/000192956125000078/rxo2025q1pressrelease.htm | RXO earnings release (Ex.99.1) for Q1/25, T1 (BS: Current liabilities; row 'Accrued expenses'), column BScur",
accrued_expenses,Q2/25,315,USD m,"https://www.sec.gov/Archives/edgar/data/1929561/000192956125000096/rxo2025q2pressrelease.htm | RXO earnings release (Ex.99.1) for Q2/25, T1 (BS: Current liabilities; row 'Accrued expenses'), column BScur",
accrued_expenses,Q3/25,321,USD m,"https://www.sec.gov/Archives/edgar/data/1929561/000192956125000110/rxo2025q3pressrelease.htm | RXO earnings release (Ex.99.1) for Q3/25, T1 (BS: Current liabilities; row 'Accrued expenses'), column BScur",
accrued_expenses,Q4/25,397,USD m,"https://www.sec.gov/Archives/edgar/data/1929561/000192956126000033/rxo2026q2pressrelease.htm | RXO earnings release (Ex.99.1) for Q2/26, T1 (BS: Current liabilities; row 'Accrued expenses'), column BSprior",Year-end balance (same as FY2025)
accrued_expenses,FY2025,397,USD m,"https://www.sec.gov/Archives/edgar/data/1929561/000192956126000033/rxo2026q2pressrelease.htm | RXO earnings release (Ex.99.1) for Q2/26, T1 (BS: Current liabilities; row 'Accrued expenses'), column BSprior",
accrued_expenses,Q1/26,367,USD m,"https://www.sec.gov/Archives/edgar/data/1929561/000192956126000023/rxo2026q1pressrelease.htm | RXO earnings release (Ex.99.1) for Q1/26, T1 (BS: Current liabilities; row 'Accrued expenses'), column BScur",
accrued_expenses,Q2/26,404,USD m,"https://www.sec.gov/Archives/edgar/data/1929561/000192956126000033/rxo2026q2pressrelease.htm | RXO earnings release (Ex.99.1) for Q2/26, T1 (BS: Current liabilities; row 'Accrued expenses'), column BScur",
acquisitions,Q3/23,0,USD m,"Derived: YTD through Q3 minus YTD through Q2. Sources: [https://www.sec.gov/Archives/edgar/data/1929561/000192956124000123/rxo2024q3pressrelease.htm | RXO earnings release (Ex.99.1) for Q3/24, T2 (CF: Investing activities; row 'Business acquisition, net of cash acquired'), column YTDprior] minus [n/a (line not shown = 0)]","Q3 three-month figure derived as YTD3 - YTD2; Business acquisition, net of cash acquired (2024: Coyote $1,019m; 2025: $10m Coyote post-closing adjustment). Negative = outflow"
acquisitions,Q4/23,0,USD m,"Derived: YTD through Q4 minus YTD through Q3. Sources: [https://www.sec.gov/Archives/edgar/data/1929561/000192956125000029/rxoq42024pressrelease.htm | RXO earnings release (Ex.99.1) for Q4/24, T2 (CF: Investing activities; row 'Business acquisition, net of cash acquired'), column YTDprior] minus [https://www.sec.gov/Archives/edgar/data/1929561/000192956124000123/rxo2024q3pressrelease.htm | RXO earnings release (Ex.99.1) for Q3/24, T2 (CF: Investing activities; row 'Business acquisition, net of cash acquired'), column YTDprior]","Q4 three-month figure derived as YTD4 - YTD3 (Q4 = FY - 9M); Business acquisition, net of cash acquired (2024: Coyote $1,019m; 2025: $10m Coyote post-closing adjustment). Negative = outflow"
acquisitions,FY2023,0,USD m,"https://www.sec.gov/Archives/edgar/data/1929561/000192956125000029/rxoq42024pressrelease.htm | RXO earnings release (Ex.99.1) for Q4/24, T2 (CF: Investing activities; row 'Business acquisition, net of cash acquired'), column YTDprior","Business acquisition, net of cash acquired (2024: Coyote $1,019m; 2025: $10m Coyote post-closing adjustment). Negative = outflow"
acquisitions,Q1/24,0,USD m,"https://www.sec.gov/Archives/edgar/data/1929561/000192956125000078/rxo2025q1pressrelease.htm | RXO earnings release (Ex.99.1) for Q1/25, T2 (CF: Investing activities; row 'Business acquisition, net of cash acquired'), column Qprior","Business acquisition, net of cash acquired (2024: Coyote $1,019m; 2025: $10m Coyote post-closing adjustment). Negative = outflow"
acquisitions,Q2/24,0,USD m,"Derived: YTD through Q2 minus YTD through Q1. Sources: [https://www.sec.gov/Archives/edgar/data/1929561/000192956125000096/rxo2025q2pressrelease.htm | RXO earnings release (Ex.99.1) for Q2/25, T2 (CF: Investing activities; row 'Business acquisition, net of cash acquired'), column YTDprior] minus [https://www.sec.gov/Archives/edgar/data/1929561/000192956125000078/rxo2025q1pressrelease.htm | RXO earnings release (Ex.99.1) for Q1/25, T2 (CF: Investing activities; row 'Business acquisition, net of cash acquired'), column Qprior]","Q2 three-month figure derived as YTD2 - YTD1; Business acquisition, net of cash acquired (2024: Coyote $1,019m; 2025: $10m Coyote post-closing adjustment). Negative = outflow"
acquisitions,Q3/24,-1019,USD m,"Derived: YTD through Q3 minus YTD through Q2. Sources: [https://www.sec.gov/Archives/edgar/data/1929561/000192956125000110/rxo2025q3pressrelease.htm | RXO earnings release (Ex.99.1) for Q3/25, T2 (CF: Investing activities; row 'Business acquisition, net of cash acquired'), column YTDprior] minus [https://www.sec.gov/Archives/edgar/data/1929561/000192956125000096/rxo2025q2pressrelease.htm | RXO earnings release (Ex.99.1) for Q2/25, T2 (CF: Investing activities; row 'Business acquisition, net of cash acquired'), column YTDprior]","Q3 three-month figure derived as YTD3 - YTD2; Business acquisition, net of cash acquired (2024: Coyote $1,019m; 2025: $10m Coyote post-closing adjustment). Negative = outflow"
acquisitions,Q4/24,0,USD m,"Derived: YTD through Q4 minus YTD through Q3. Sources: [https://www.sec.gov/Archives/edgar/data/1929561/000192956126000006/rxoq42025pressrelease.htm | RXO earnings release (Ex.99.1) for Q4/25, T2 (CF: Investing activities; row 'Business acquisition, net of cash acquired'), column YTDprior] minus [https://www.sec.gov/Archives/edgar/data/1929561/000192956125000110/rxo2025q3pressrelease.htm | RXO earnings release (Ex.99.1) for Q3/25, T2 (CF: Investing activities; row 'Business acquisition, net of cash acquired'), column YTDprior]","Q4 three-month figure derived as YTD4 - YTD3 (Q4 = FY - 9M); Business acquisition, net of cash acquired (2024: Coyote $1,019m; 2025: $10m Coyote post-closing adjustment). Negative = outflow"
acquisitions,FY2024,-1019,USD m,"https://www.sec.gov/Archives/edgar/data/1929561/000192956126000006/rxoq42025pressrelease.htm | RXO earnings release (Ex.99.1) for Q4/25, T2 (CF: Investing activities; row 'Business acquisition, net of cash acquired'), column YTDprior","Business acquisition, net of cash acquired (2024: Coyote $1,019m; 2025: $10m Coyote post-closing adjustment). Negative = outflow"
acquisitions,Q1/25,-10,USD m,"https://www.sec.gov/Archives/edgar/data/1929561/000192956126000023/rxo2026q1pressrelease.htm | RXO earnings release (Ex.99.1) for Q1/26, T2 (CF: Investing activities; row 'Business acquisition, net of cash acquired'), column Qprior","Business acquisition, net of cash acquired (2024: Coyote $1,019m; 2025: $10m Coyote post-closing adjustment). Negative = outflow"
acquisitions,Q2/25,0,USD m,"Derived: YTD through Q2 minus YTD through Q1. Sources: [https://www.sec.gov/Archives/edgar/data/1929561/000192956126000033/rxo2026q2pressrelease.htm | RXO earnings release (Ex.99.1) for Q2/26, T2 (CF: Investing activities; row 'Business acquisition, net of cash acquired'), column YTDprior] minus [https://www.sec.gov/Archives/edgar/data/1929561/000192956126000023/rxo2026q1pressrelease.htm | RXO earnings release (Ex.99.1) for Q1/26, T2 (CF: Investing activities; row 'Business acquisition, net of cash acquired'), column Qprior]","Q2 three-month figure derived as YTD2 - YTD1; Business acquisition, net of cash acquired (2024: Coyote $1,019m; 2025: $10m Coyote post-closing adjustment). Negative = outflow"
acquisitions,Q3/25,0,USD m,"Derived: YTD through Q3 minus YTD through Q2. Sources: [https://www.sec.gov/Archives/edgar/data/1929561/000192956125000110/rxo2025q3pressrelease.htm | RXO earnings release (Ex.99.1) for Q3/25, T2 (CF: Investing activities; row 'Business acquisition, net of cash acquired'), column YTDcur] minus [https://www.sec.gov/Archives/edgar/data/1929561/000192956126000033/rxo2026q2pressrelease.htm | RXO earnings release (Ex.99.1) for Q2/26, T2 (CF: Investing activities; row 'Business acquisition, net of cash acquired'), column YTDprior]","Q3 three-month figure derived as YTD3 - YTD2; Business acquisition, net of cash acquired (2024: Coyote $1,019m; 2025: $10m Coyote post-closing adjustment). Negative = outflow"
acquisitions,Q4/25,0,USD m,"Derived: YTD through Q4 minus YTD through Q3. Sources: [https://www.sec.gov/Archives/edgar/data/1929561/000192956126000006/rxoq42025pressrelease.htm | RXO earnings release (Ex.99.1) for Q4/25, T2 (CF: Investing activities; row 'Business acquisition, net of cash acquired'), column YTDcur] minus [https://www.sec.gov/Archives/edgar/data/1929561/000192956125000110/rxo2025q3pressrelease.htm | RXO earnings release (Ex.99.1) for Q3/25, T2 (CF: Investing activities; row 'Business acquisition, net of cash acquired'), column YTDcur]","Q4 three-month figure derived as YTD4 - YTD3 (Q4 = FY - 9M); Business acquisition, net of cash acquired (2024: Coyote $1,019m; 2025: $10m Coyote post-closing adjustment). Negative = outflow"
acquisitions,FY2025,-10,USD m,"https://www.sec.gov/Archives/edgar/data/1929561/000192956126000006/rxoq42025pressrelease.htm | RXO earnings release (Ex.99.1) for Q4/25, T2 (CF: Investing activities; row 'Business acquisition, net of cash acquired'), column YTDcur","Business acquisition, net of cash acquired (2024: Coyote $1,019m; 2025: $10m Coyote post-closing adjustment). Negative = outflow"
acquisitions,Q1/26,0,USD m,"https://www.sec.gov/Archives/edgar/data/1929561/000192956126000023/rxo2026q1pressrelease.htm | RXO earnings release (Ex.99.1) for Q1/26, T2 (CF: Investing activities; row 'Business acquisition, net of cash acquired'), column Qcur","Business acquisition, net of cash acquired (2024: Coyote $1,019m; 2025: $10m Coyote post-closing adjustment). Negative = outflow"
acquisitions,Q2/26,0,USD m,"Derived: YTD through Q2 minus YTD through Q1. Sources: [https://www.sec.gov/Archives/edgar/data/1929561/000192956126000033/rxo2026q2pressrelease.htm | RXO earnings release (Ex.99.1) for Q2/26, T2 (CF: Investing activities; row 'Business acquisition, net of cash acquired'), column YTDcur] minus [https://www.sec.gov/Archives/edgar/data/1929561/000192956126000023/rxo2026q1pressrelease.htm | RXO earnings release (Ex.99.1) for Q1/26, T2 (CF: Investing activities; row 'Business acquisition, net of cash acquired'), column Qcur]","Q2 three-month figure derived as YTD2 - YTD1; Business acquisition, net of cash acquired (2024: Coyote $1,019m; 2025: $10m Coyote post-closing adjustment). Negative = outflow"
adj_ebitda,FY2021,277,USD m,"https://www.sec.gov/Archives/edgar/data/1929561/000192956123000023/rxoq42022pressrelease.htm | RXO earnings release (Ex.99.1) for Q4/22, T4 (AEBITDA: Reconciliation of Net Income (Loss) to A; row 'Adjusted EBITDA'), column YTDprior",
adj_ebitda,Q1/22,75,USD m,"https://www.sec.gov/Archives/edgar/data/1929561/000192956123000054/rxoq12023pressrelease.htm | RXO earnings release (Ex.99.1) for Q1/23, T4 (AEBITDA: Reconciliation of Net Income to Adjusted; row 'Adjusted EBITDA'), column Qprior",
adj_ebitda,Q2/22,101,USD m,"https://www.sec.gov/Archives/edgar/data/1929561/000192956123000069/rxo2023q2pressrelease.htm | RXO earnings release (Ex.99.1) for Q2/23, T4 (AEBITDA: Reconciliation of Net Income to Adjusted; row 'Adjusted EBITDA'), column Qprior",
adj_ebitda,Q3/22,66,USD m,"https://www.sec.gov/Archives/edgar/data/1929561/000192956123000090/rxo2023q3pressrelease.htm | RXO earnings release (Ex.99.1) for Q3/23, T4 (AEBITDA: Reconciliation of Net Income (Loss) to A; row 'Adjusted EBITDA'), column Qprior",
adj_ebitda,Q4/22,64,USD m,"https://www.sec.gov/Archives/edgar/data/1929561/000192956124000025/rxoq42023pressrelease.htm | RXO earnings release (Ex.99.1) for Q4/23, T4 (AEBITDA: Reconciliation of Net Income (Loss) to A; row 'Adjusted EBITDA'), column Qprior",
adj_ebitda,FY2022,306,USD m,"https://www.sec.gov/Archives/edgar/data/1929561/000192956124000025/rxoq42023pressrelease.htm | RXO earnings release (Ex.99.1) for Q4/23, T4 (AEBITDA: Reconciliation of Net Income (Loss) to A; row 'Adjusted EBITDA'), column YTDprior",
adj_ebitda,Q1/23,37,USD m,"https://www.sec.gov/Archives/edgar/data/1929561/000192956124000075/rxo2024q1pressrelease.htm | RXO earnings release (Ex.99.1) for Q1/24, T4 (AEBITDA: Reconciliation of Net Income (Loss) to A; row 'Adjusted EBITDA'), column Qprior",
adj_ebitda,Q2/23,38,USD m,"https://www.sec.gov/Archives/edgar/data/1929561/000192956124000098/rxo2024q2pressrelease.htm | RXO earnings release (Ex.99.1) for Q2/24, T4 (AEBITDA: Reconciliation of Net Income (Loss) to A; row 'Adjusted EBITDA'), column Qprior",
adj_ebitda,Q3/23,26,USD m,"https://www.sec.gov/Archives/edgar/data/1929561/000192956124000123/rxo2024q3pressrelease.htm | RXO earnings release (Ex.99.1) for Q3/24, T4 (AEBITDA: Reconciliation of Net Income (Loss) to A; row 'Adjusted EBITDA'), column Qprior",
adj_ebitda,Q4/23,31,USD m,"https://www.sec.gov/Archives/edgar/data/1929561/000192956125000029/rxoq42024pressrelease.htm | RXO earnings release (Ex.99.1) for Q4/24, T4 (AEBITDA: Reconciliation of Net Income (Loss) to A; row 'Adjusted EBITDA'), column Qprior",
adj_ebitda,FY2023,132,USD m,"https://www.sec.gov/Archives/edgar/data/1929561/000192956125000029/rxoq42024pressrelease.htm | RXO earnings release (Ex.99.1) for Q4/24, T4 (AEBITDA: Reconciliation of Net Income (Loss) to A; row 'Adjusted EBITDA'), column YTDprior",
adj_ebitda,Q1/24,15,USD m,"https://www.sec.gov/Archives/edgar/data/1929561/000192956125000078/rxo2025q1pressrelease.htm | RXO earnings release (Ex.99.1) for Q1/25, T4 (AEBITDA: Reconciliation of Net Loss to Adjusted E; row 'Adjusted EBITDA'), column Qprior",
adj_ebitda,Q2/24,28,USD m,"https://www.sec.gov/Archives/edgar/data/1929561/000192956125000096/rxo2025q2pressrelease.htm | RXO earnings release (Ex.99.1) for Q2/25, T4 (AEBITDA: Reconciliation of Net Loss to Adjusted E; row 'Adjusted EBITDA'), column Qprior",
adj_ebitda,Q3/24,33,USD m,"https://www.sec.gov/Archives/edgar/data/1929561/000192956125000110/rxo2025q3pressrelease.htm | RXO earnings release (Ex.99.1) for Q3/25, T4 (AEBITDA: Reconciliation of Net Loss to Adjusted E; row 'Adjusted EBITDA'), column Qprior",
adj_ebitda,Q4/24,42,USD m,"https://www.sec.gov/Archives/edgar/data/1929561/000192956126000006/rxoq42025pressrelease.htm | RXO earnings release (Ex.99.1) for Q4/25, T4 (AEBITDA: Reconciliation of Net Loss to Adjusted E; row 'Adjusted EBITDA'), column Qprior",
adj_ebitda,FY2024,118,USD m,"https://www.sec.gov/Archives/edgar/data/1929561/000192956126000006/rxoq42025pressrelease.htm | RXO earnings release (Ex.99.1) for Q4/25, T4 (AEBITDA: Reconciliation of Net Loss to Adjusted E; row 'Adjusted EBITDA'), column YTDprior",
adj_ebitda,Q1/25,22,USD m,"https://www.sec.gov/Archives/edgar/data/1929561/000192956126000023/rxo2026q1pressrelease.htm | RXO earnings release (Ex.99.1) for Q1/26, T4 (AEBITDA: Reconciliation of Net Loss to Adjusted E; row 'Adjusted EBITDA'), column Qprior",
adj_ebitda,Q2/25,38,USD m,"https://www.sec.gov/Archives/edgar/data/1929561/000192956126000033/rxo2026q2pressrelease.htm | RXO earnings release (Ex.99.1) for Q2/26, T4 (AEBITDA: Reconciliation of Net Loss to Adjusted E; row 'Adjusted EBITDA'), column Qprior",
adj_ebitda,Q3/25,32,USD m,"https://www.sec.gov/Archives/edgar/data/1929561/000192956125000110/rxo2025q3pressrelease.htm | RXO earnings release (Ex.99.1) for Q3/25, T4 (AEBITDA: Reconciliation of Net Loss to Adjusted E; row 'Adjusted EBITDA'), column Qcur",
adj_ebitda,Q4/25,17,USD m,"https://www.sec.gov/Archives/edgar/data/1929561/000192956126000006/rxoq42025pressrelease.htm | RXO earnings release (Ex.99.1) for Q4/25, T4 (AEBITDA: Reconciliation of Net Loss to Adjusted E; row 'Adjusted EBITDA'), column Qcur",
adj_ebitda,FY2025,109,USD m,"https://www.sec.gov/Archives/edgar/data/1929561/000192956126000006/rxoq42025pressrelease.htm | RXO earnings release (Ex.99.1) for Q4/25, T4 (AEBITDA: Reconciliation of Net Loss to Adjusted E; row 'Adjusted EBITDA'), column YTDcur",
adj_ebitda,Q1/26,6,USD m,"https://www.sec.gov/Archives/edgar/data/1929561/000192956126000023/rxo2026q1pressrelease.htm | RXO earnings release (Ex.99.1) for Q1/26, T4 (AEBITDA: Reconciliation of Net Loss to Adjusted E; row 'Adjusted EBITDA'), column Qcur",
adj_ebitda,Q2/26,40,USD m,"https://www.sec.gov/Archives/edgar/data/1929561/000192956126000033/rxo2026q2pressrelease.htm | RXO earnings release (Ex.99.1) for Q2/26, T4 (AEBITDA: Reconciliation of Net Loss to Adjusted E; row 'Adjusted EBITDA'), column Qcur",
adj_ebitda,LTM_Q2/26,95,USD m,Derived: sum of Q3/25+Q4/25+Q1/26+Q2/26 three-month figures,LTM to 30-Jun-2026
adj_ebitda,LTM_Q2/25,135,USD m,Derived: sum of Q3/24..Q2/25 three-month figures,LTM to 30-Jun-2025
adj_ebitda_margin_pct,FY2021,5.9,%,"https://www.sec.gov/Archives/edgar/data/1929561/000192956123000023/rxoq42022pressrelease.htm | RXO earnings release (Ex.99.1) for Q4/22, T4 (AEBITDA: Reconciliation of Net Income (Loss) to A; row 'Adjusted EBITDA margin'), column YTDprior",
adj_ebitda_margin_pct,Q1/22,5.7,%,"https://www.sec.gov/Archives/edgar/data/1929561/000192956123000054/rxoq12023pressrelease.htm | RXO earnings release (Ex.99.1) for Q1/23, T4 (AEBITDA: Reconciliation of Net Income to Adjusted; row 'Adjusted EBITDA margin'), column Qprior",
adj_ebitda_margin_pct,Q2/22,8.2,%,"https://www.sec.gov/Archives/edgar/data/1929561/000192956123000069/rxo2023q2pressrelease.htm | RXO earnings release (Ex.99.1) for Q2/23, T4 (AEBITDA: Reconciliation of Net Income to Adjusted; row 'Adjusted EBITDA margin'), column Qprior",
adj_ebitda_margin_pct,Q3/22,5.8,%,"https://www.sec.gov/Archives/edgar/data/1929561/000192956123000090/rxo2023q3pressrelease.htm | RXO earnings release (Ex.99.1) for Q3/23, T4 (AEBITDA: Reconciliation of Net Income (Loss) to A; row 'Adjusted EBITDA margin'), column Qprior",
adj_ebitda_margin_pct,Q4/22,5.7,%,"https://www.sec.gov/Archives/edgar/data/1929561/000192956124000025/rxoq42023pressrelease.htm | RXO earnings release (Ex.99.1) for Q4/23, T4 (AEBITDA: Reconciliation of Net Income (Loss) to A; row 'Adjusted EBITDA margin'), column Qprior",
adj_ebitda_margin_pct,FY2022,6.4,%,"https://www.sec.gov/Archives/edgar/data/1929561/000192956124000025/rxoq42023pressrelease.htm | RXO earnings release (Ex.99.1) for Q4/23, T4 (AEBITDA: Reconciliation of Net Income (Loss) to A; row 'Adjusted EBITDA margin'), column YTDprior",
adj_ebitda_margin_pct,Q1/23,3.7,%,"https://www.sec.gov/Archives/edgar/data/1929561/000192956124000075/rxo2024q1pressrelease.htm | RXO earnings release (Ex.99.1) for Q1/24, T4 (AEBITDA: Reconciliation of Net Income (Loss) to A; row 'Adjusted EBITDA margin'), column Qprior",
adj_ebitda_margin_pct,Q2/23,3.9,%,"https://www.sec.gov/Archives/edgar/data/1929561/000192956124000098/rxo2024q2pressrelease.htm | RXO earnings release (Ex.99.1) for Q2/24, T4 (AEBITDA: Reconciliation of Net Income (Loss) to A; row 'Adjusted EBITDA margin'), column Qprior",
adj_ebitda_margin_pct,Q3/23,2.7,%,"https://www.sec.gov/Archives/edgar/data/1929561/000192956124000123/rxo2024q3pressrelease.htm | RXO earnings release (Ex.99.1) for Q3/24, T4 (AEBITDA: Reconciliation of Net Income (Loss) to A; row 'Adjusted EBITDA margin'), column Qprior",
adj_ebitda_margin_pct,Q4/23,3.2,%,"https://www.sec.gov/Archives/edgar/data/1929561/000192956125000029/rxoq42024pressrelease.htm | RXO earnings release (Ex.99.1) for Q4/24, T4 (AEBITDA: Reconciliation of Net Income (Loss) to A; row 'Adjusted EBITDA margin'), column Qprior",
adj_ebitda_margin_pct,FY2023,3.4,%,"https://www.sec.gov/Archives/edgar/data/1929561/000192956125000029/rxoq42024pressrelease.htm | RXO earnings release (Ex.99.1) for Q4/24, T4 (AEBITDA: Reconciliation of Net Income (Loss) to A; row 'Adjusted EBITDA margin'), column YTDprior",
adj_ebitda_margin_pct,Q1/24,1.6,%,"https://www.sec.gov/Archives/edgar/data/1929561/000192956125000078/rxo2025q1pressrelease.htm | RXO earnings release (Ex.99.1) for Q1/25, T4 (AEBITDA: Reconciliation of Net Loss to Adjusted E; row 'Adjusted EBITDA margin'), column Qprior",
adj_ebitda_margin_pct,Q2/24,3.0,%,"https://www.sec.gov/Archives/edgar/data/1929561/000192956125000096/rxo2025q2pressrelease.htm | RXO earnings release (Ex.99.1) for Q2/25, T4 (AEBITDA: Reconciliation of Net Loss to Adjusted E; row 'Adjusted EBITDA margin'), column Qprior",
adj_ebitda_margin_pct,Q3/24,3.2,%,"https://www.sec.gov/Archives/edgar/data/1929561/000192956125000110/rxo2025q3pressrelease.htm | RXO earnings release (Ex.99.1) for Q3/25, T4 (AEBITDA: Reconciliation of Net Loss to Adjusted E; row 'Adjusted EBITDA margin'), column Qprior",
adj_ebitda_margin_pct,Q4/24,2.5,%,"https://www.sec.gov/Archives/edgar/data/1929561/000192956126000006/rxoq42025pressrelease.htm | RXO earnings release (Ex.99.1) for Q4/25, T4 (AEBITDA: Reconciliation of Net Loss to Adjusted E; row 'Adjusted EBITDA margin'), column Qprior",
adj_ebitda_margin_pct,FY2024,2.6,%,"https://www.sec.gov/Archives/edgar/data/1929561/000192956126000006/rxoq42025pressrelease.htm | RXO earnings release (Ex.99.1) for Q4/25, T4 (AEBITDA: Reconciliation of Net Loss to Adjusted E; row 'Adjusted EBITDA margin'), column YTDprior",
adj_ebitda_margin_pct,Q1/25,1.5,%,"https://www.sec.gov/Archives/edgar/data/1929561/000192956126000023/rxo2026q1pressrelease.htm | RXO earnings release (Ex.99.1) for Q1/26, T4 (AEBITDA: Reconciliation of Net Loss to Adjusted E; row 'Adjusted EBITDA margin'), column Qprior",
adj_ebitda_margin_pct,Q2/25,2.7,%,"https://www.sec.gov/Archives/edgar/data/1929561/000192956126000033/rxo2026q2pressrelease.htm | RXO earnings release (Ex.99.1) for Q2/26, T4 (AEBITDA: Reconciliation of Net Loss to Adjusted E; row 'Adjusted EBITDA margin'), column Qprior",
adj_ebitda_margin_pct,Q3/25,2.3,%,"https://www.sec.gov/Archives/edgar/data/1929561/000192956125000110/rxo2025q3pressrelease.htm | RXO earnings release (Ex.99.1) for Q3/25, T4 (AEBITDA: Reconciliation of Net Loss to Adjusted E; row 'Adjusted EBITDA margin'), column Qcur",
adj_ebitda_margin_pct,Q4/25,1.2,%,"https://www.sec.gov/Archives/edgar/data/1929561/000192956126000006/rxoq42025pressrelease.htm | RXO earnings release (Ex.99.1) for Q4/25, T4 (AEBITDA: Reconciliation of Net Loss to Adjusted E; row 'Adjusted EBITDA margin'), column Qcur",
adj_ebitda_margin_pct,FY2025,1.9,%,"https://www.sec.gov/Archives/edgar/data/1929561/000192956126000006/rxoq42025pressrelease.htm | RXO earnings release (Ex.99.1) for Q4/25, T4 (AEBITDA: Reconciliation of Net Loss to Adjusted E; row 'Adjusted EBITDA margin'), column YTDcur",
adj_ebitda_margin_pct,Q1/26,0.4,%,"https://www.sec.gov/Archives/edgar/data/1929561/000192956126000023/rxo2026q1pressrelease.htm | RXO earnings release (Ex.99.1) for Q1/26, T4 (AEBITDA: Reconciliation of Net Loss to Adjusted E; row 'Adjusted EBITDA margin'), column Qcur",
adj_ebitda_margin_pct,Q2/26,2.3,%,"https://www.sec.gov/Archives/edgar/data/1929561/000192956126000033/rxo2026q2pressrelease.htm | RXO earnings release (Ex.99.1) for Q2/26, T4 (AEBITDA: Reconciliation of Net Loss to Adjusted E; row 'Adjusted EBITDA margin'), column Qcur",
adj_eps,FY2021,1.48,USD/share,"https://www.sec.gov/Archives/edgar/data/1929561/000192956123000023/rxoq42022pressrelease.htm | RXO earnings release (Ex.99.1) for Q4/22, T5 (AEPS: Reconciliation of Net Income (Loss) to A; row 'Adjusted diluted earnings per share'), column YTDprior",
adj_eps,Q1/22,0.39,USD/share,"https://www.sec.gov/Archives/edgar/data/1929561/000192956123000054/rxoq12023pressrelease.htm | RXO earnings release (Ex.99.1) for Q1/23, T5 (AEPS: Reconciliation of Net Income to Adjusted; row 'Adjusted diluted earnings per share'), column Qprior",
adj_eps,Q2/22,0.56,USD/share,"https://www.sec.gov/Archives/edgar/data/1929561/000192956123000069/rxo2023q2pressrelease.htm | RXO earnings release (Ex.99.1) for Q2/23, T5 (AEPS: Reconciliation of Net Income to Adjusted; row 'Adjusted diluted earnings per share'), column Qprior",
adj_eps,Q3/22,0.34,USD/share,"https://www.sec.gov/Archives/edgar/data/1929561/000192956123000090/rxo2023q3pressrelease.htm | RXO earnings release (Ex.99.1) for Q3/23, T5 (AEPS: Reconciliation of Net Income (Loss) to A; row 'Adjusted diluted earnings per share'), column Qprior",
adj_eps,Q4/22,0.28,USD/share,"https://www.sec.gov/Archives/edgar/data/1929561/000192956124000025/rxoq42023pressrelease.htm | RXO earnings release (Ex.99.1) for Q4/23, T5 (AEPS: Reconciliation of Net Income (Loss) to A; row 'Adjusted diluted earnings per share'), column Qprior",
adj_eps,FY2022,1.56,USD/share,"https://www.sec.gov/Archives/edgar/data/1929561/000192956124000025/rxoq42023pressrelease.htm | RXO earnings release (Ex.99.1) for Q4/23, T5 (AEPS: Reconciliation of Net Income (Loss) to A; row 'Adjusted diluted earnings per share'), column YTDprior",
adj_eps,Q1/23,0.11,USD/share,"https://www.sec.gov/Archives/edgar/data/1929561/000192956124000075/rxo2024q1pressrelease.htm | RXO earnings release (Ex.99.1) for Q1/24, T5 (AEPS: Reconciliation of Net Income (Loss) to A; row 'Adjusted diluted earnings (loss) per share'), column Qprior",
adj_eps,Q2/23,0.08,USD/share,"https://www.sec.gov/Archives/edgar/data/1929561/000192956124000098/rxo2024q2pressrelease.htm | RXO earnings release (Ex.99.1) for Q2/24, T5 (AEPS: Reconciliation of Net Income (Loss) to A; row 'Adjusted diluted earnings (loss) per share'), column Qprior",
adj_eps,Q3/23,0.05,USD/share,"https://www.sec.gov/Archives/edgar/data/1929561/000192956124000123/rxo2024q3pressrelease.htm | RXO earnings release (Ex.99.1) for Q3/24, T5 (AEPS: Reconciliation of Net Income (Loss) to A; row 'Adjusted diluted earnings per share'), column Qprior",
adj_eps,Q4/23,0.06,USD/share,"https://www.sec.gov/Archives/edgar/data/1929561/000192956125000029/rxoq42024pressrelease.htm | RXO earnings release (Ex.99.1) for Q4/24, T5 (AEPS: Reconciliation of Net Income (Loss) to A; row 'Adjusted diluted earnings per share'), column Qprior",
adj_eps,FY2023,0.3,USD/share,"https://www.sec.gov/Archives/edgar/data/1929561/000192956125000029/rxoq42024pressrelease.htm | RXO earnings release (Ex.99.1) for Q4/24, T5 (AEPS: Reconciliation of Net Income (Loss) to A; row 'Adjusted diluted earnings per share'), column YTDprior",
adj_eps,Q1/24,-0.03,USD/share,"https://www.sec.gov/Archives/edgar/data/1929561/000192956125000078/rxo2025q1pressrelease.htm | RXO earnings release (Ex.99.1) for Q1/25, T5 (AEPS: Reconciliation of Net Loss to Adjusted N; row 'Adjusted diluted loss per share'), column Qprior",
adj_eps,Q2/24,0.03,USD/share,"https://www.sec.gov/Archives/edgar/data/1929561/000192956125000096/rxo2025q2pressrelease.htm | RXO earnings release (Ex.99.1) for Q2/25, T5 (AEPS: Reconciliation of Net Loss to Adjusted N; row 'Adjusted diluted income (loss) per share'), column Qprior",
adj_eps,Q3/24,0.05,USD/share,"https://www.sec.gov/Archives/edgar/data/1929561/000192956125000110/rxo2025q3pressrelease.htm | RXO earnings release (Ex.99.1) for Q3/25, T5 (AEPS: Reconciliation of Net Loss to Adjusted N; row 'Adjusted diluted income per share'), column Qprior",
adj_eps,Q4/24,0.06,USD/share,"https://www.sec.gov/Archives/edgar/data/1929561/000192956126000006/rxoq42025pressrelease.htm | RXO earnings release (Ex.99.1) for Q4/25, T5 (AEPS: Reconciliation of Net Loss to Adjusted N; row 'Adjusted diluted income (loss) per share'), column Qprior",
adj_eps,FY2024,0.12,USD/share,"https://www.sec.gov/Archives/edgar/data/1929561/000192956126000006/rxoq42025pressrelease.htm | RXO earnings release (Ex.99.1) for Q4/25, T5 (AEPS: Reconciliation of Net Loss to Adjusted N; row 'Adjusted diluted income (loss) per share'), column YTDprior",
adj_eps,Q1/25,-0.03,USD/share,"https://www.sec.gov/Archives/edgar/data/1929561/000192956126000023/rxo2026q1pressrelease.htm | RXO earnings release (Ex.99.1) for Q1/26, T5 (AEPS: Reconciliation of Net Loss to Adjusted N; row 'Adjusted diluted loss per share'), column Qprior",
adj_eps,Q2/25,0.04,USD/share,"https://www.sec.gov/Archives/edgar/data/1929561/000192956126000033/rxo2026q2pressrelease.htm | RXO earnings release (Ex.99.1) for Q2/26, T5 (AEPS: Reconciliation of Net Loss to Adjusted N; row 'Adjusted diluted income (loss) per share'), column Qprior",
adj_eps,Q3/25,0.01,USD/share,"https://www.sec.gov/Archives/edgar/data/1929561/000192956125000110/rxo2025q3pressrelease.htm | RXO earnings release (Ex.99.1) for Q3/25, T5 (AEPS: Reconciliation of Net Loss to Adjusted N; row 'Adjusted diluted income per share'), column Qcur",
adj_eps,Q4/25,-0.07,USD/share,"https://www.sec.gov/Archives/edgar/data/1929561/000192956126000006/rxoq42025pressrelease.htm | RXO earnings release (Ex.99.1) for Q4/25, T5 (AEPS: Reconciliation of Net Loss to Adjusted N; row 'Adjusted diluted income (loss) per share'), column Qcur",
adj_eps,FY2025,-0.04,USD/share,"https://www.sec.gov/Archives/edgar/data/1929561/000192956126000006/rxoq42025pressrelease.htm | RXO earnings release (Ex.99.1) for Q4/25, T5 (AEPS: Reconciliation of Net Loss to Adjusted N; row 'Adjusted diluted income (loss) per share'), column YTDcur",
adj_eps,Q1/26,-0.09,USD/share,"https://www.sec.gov/Archives/edgar/data/1929561/000192956126000023/rxo2026q1pressrelease.htm | RXO earnings release (Ex.99.1) for Q1/26, T5 (AEPS: Reconciliation of Net Loss to Adjusted N; row 'Adjusted diluted loss per share'), column Qcur",
adj_eps,Q2/26,0.06,USD/share,"https://www.sec.gov/Archives/edgar/data/1929561/000192956126000033/rxo2026q2pressrelease.htm | RXO earnings release (Ex.99.1) for Q2/26, T5 (AEPS: Reconciliation of Net Loss to Adjusted N; row 'Adjusted diluted income (loss) per share'), column Qcur",
adj_fcf_company_defined,Q1/22,94,USD m,"https://www.sec.gov/Archives/edgar/data/1929561/000192956123000054/rxoq12023pressrelease.htm | RXO earnings release (Ex.99.1) for Q1/23, T7 (FCF: Reconciliation of Cash Flows from Operat; row 'Adjusted Free Cash Flow'), column Qprior",Company definition: FCF + cash transaction & integration and restructuring costs
adj_fcf_company_defined,Q1/23,37,USD m,"https://www.sec.gov/Archives/edgar/data/1929561/000192956123000054/rxoq12023pressrelease.htm | RXO earnings release (Ex.99.1) for Q1/23, T7 (FCF: Reconciliation of Cash Flows from Operat; row 'Adjusted Free Cash Flow'), column Qcur",Company definition: FCF + cash transaction & integration and restructuring costs
adj_net_income,FY2021,170,USD m,"https://www.sec.gov/Archives/edgar/data/1929561/000192956123000023/rxoq42022pressrelease.htm | RXO earnings release (Ex.99.1) for Q4/22, T5 (AEPS: Reconciliation of Net Income (Loss) to A; row 'Adjusted net income'), column YTDprior",
adj_net_income,Q1/22,45,USD m,"https://www.sec.gov/Archives/edgar/data/1929561/000192956123000054/rxoq12023pressrelease.htm | RXO earnings release (Ex.99.1) for Q1/23, T5 (AEPS: Reconciliation of Net Income to Adjusted; row 'Adjusted net income'), column Qprior",
adj_net_income,Q2/22,64,USD m,"https://www.sec.gov/Archives/edgar/data/1929561/000192956123000069/rxo2023q2pressrelease.htm | RXO earnings release (Ex.99.1) for Q2/23, T5 (AEPS: Reconciliation of Net Income to Adjusted; row 'Adjusted net income'), column Qprior",
adj_net_income,Q3/22,39,USD m,"https://www.sec.gov/Archives/edgar/data/1929561/000192956123000090/rxo2023q3pressrelease.htm | RXO earnings release (Ex.99.1) for Q3/23, T5 (AEPS: Reconciliation of Net Income (Loss) to A; row 'Adjusted net income'), column Qprior",
adj_net_income,Q4/22,33,USD m,"https://www.sec.gov/Archives/edgar/data/1929561/000192956124000025/rxoq42023pressrelease.htm | RXO earnings release (Ex.99.1) for Q4/23, T5 (AEPS: Reconciliation of Net Income (Loss) to A; row 'Adjusted net income'), column Qprior",
adj_net_income,FY2022,181,USD m,"https://www.sec.gov/Archives/edgar/data/1929561/000192956124000025/rxoq42023pressrelease.htm | RXO earnings release (Ex.99.1) for Q4/23, T5 (AEPS: Reconciliation of Net Income (Loss) to A; row 'Adjusted net income'), column YTDprior",
adj_net_income,Q1/23,13,USD m,"https://www.sec.gov/Archives/edgar/data/1929561/000192956124000075/rxo2024q1pressrelease.htm | RXO earnings release (Ex.99.1) for Q1/24, T5 (AEPS: Reconciliation of Net Income (Loss) to A; row 'Adjusted net income (loss)'), column Qprior",
adj_net_income,Q2/23,10,USD m,"https://www.sec.gov/Archives/edgar/data/1929561/000192956124000098/rxo2024q2pressrelease.htm | RXO earnings release (Ex.99.1) for Q2/24, T5 (AEPS: Reconciliation of Net Income (Loss) to A; row 'Adjusted net income (loss)'), column Qprior",
adj_net_income,Q3/23,6,USD m,"https://www.sec.gov/Archives/edgar/data/1929561/000192956124000123/rxo2024q3pressrelease.htm | RXO earnings release (Ex.99.1) for Q3/24, T5 (AEPS: Reconciliation of Net Income (Loss) to A; row 'Adjusted net income'), column Qprior",
adj_net_income,Q4/23,7,USD m,"https://www.sec.gov/Archives/edgar/data/1929561/000192956125000029/rxoq42024pressrelease.htm | RXO earnings release (Ex.99.1) for Q4/24, T5 (AEPS: Reconciliation of Net Income (Loss) to A; row 'Adjusted net income'), column Qprior",
adj_net_income,FY2023,36,USD m,"https://www.sec.gov/Archives/edgar/data/1929561/000192956125000029/rxoq42024pressrelease.htm | RXO earnings release (Ex.99.1) for Q4/24, T5 (AEPS: Reconciliation of Net Income (Loss) to A; row 'Adjusted net income'), column YTDprior",
adj_net_income,Q1/24,-4,USD m,"https://www.sec.gov/Archives/edgar/data/1929561/000192956125000078/rxo2025q1pressrelease.htm | RXO earnings release (Ex.99.1) for Q1/25, T5 (AEPS: Reconciliation of Net Loss to Adjusted N; row 'Adjusted net loss'), column Qprior",
adj_net_income,Q2/24,4,USD m,"https://www.sec.gov/Archives/edgar/data/1929561/000192956125000096/rxo2025q2pressrelease.htm | RXO earnings release (Ex.99.1) for Q2/25, T5 (AEPS: Reconciliation of Net Loss to Adjusted N; row 'Adjusted net income (loss)'), column Qprior",
adj_net_income,Q3/24,7,USD m,"https://www.sec.gov/Archives/edgar/data/1929561/000192956125000110/rxo2025q3pressrelease.htm | RXO earnings release (Ex.99.1) for Q3/25, T5 (AEPS: Reconciliation of Net Loss to Adjusted N; row 'Adjusted net income'), column Qprior",
adj_net_income,Q4/24,10,USD m,"https://www.sec.gov/Archives/edgar/data/1929561/000192956126000006/rxoq42025pressrelease.htm | RXO earnings release (Ex.99.1) for Q4/25, T5 (AEPS: Reconciliation of Net Loss to Adjusted N; row 'Adjusted net income (loss)'), column Qprior",
adj_net_income,FY2024,17,USD m,"https://www.sec.gov/Archives/edgar/data/1929561/000192956126000006/rxoq42025pressrelease.htm | RXO earnings release (Ex.99.1) for Q4/25, T5 (AEPS: Reconciliation of Net Loss to Adjusted N; row 'Adjusted net income (loss)'), column YTDprior",
adj_net_income,Q1/25,-5,USD m,"https://www.sec.gov/Archives/edgar/data/1929561/000192956126000023/rxo2026q1pressrelease.htm | RXO earnings release (Ex.99.1) for Q1/26, T5 (AEPS: Reconciliation of Net Loss to Adjusted N; row 'Adjusted net loss'), column Qprior",
adj_net_income,Q2/25,7,USD m,"https://www.sec.gov/Archives/edgar/data/1929561/000192956126000033/rxo2026q2pressrelease.htm | RXO earnings release (Ex.99.1) for Q2/26, T5 (AEPS: Reconciliation of Net Loss to Adjusted N; row 'Adjusted net income (loss)'), column Qprior",
adj_net_income,Q3/25,2,USD m,"https://www.sec.gov/Archives/edgar/data/1929561/000192956125000110/rxo2025q3pressrelease.htm | RXO earnings release (Ex.99.1) for Q3/25, T5 (AEPS: Reconciliation of Net Loss to Adjusted N; row 'Adjusted net income'), column Qcur",
adj_net_income,Q4/25,-11,USD m,"https://www.sec.gov/Archives/edgar/data/1929561/000192956126000006/rxoq42025pressrelease.htm | RXO earnings release (Ex.99.1) for Q4/25, T5 (AEPS: Reconciliation of Net Loss to Adjusted N; row 'Adjusted net income (loss)'), column Qcur",
adj_net_income,FY2025,-7,USD m,"https://www.sec.gov/Archives/edgar/data/1929561/000192956126000006/rxoq42025pressrelease.htm | RXO earnings release (Ex.99.1) for Q4/25, T5 (AEPS: Reconciliation of Net Loss to Adjusted N; row 'Adjusted net income (loss)'), column YTDcur",
adj_net_income,Q1/26,-16,USD m,"https://www.sec.gov/Archives/edgar/data/1929561/000192956126000023/rxo2026q1pressrelease.htm | RXO earnings release (Ex.99.1) for Q1/26, T5 (AEPS: Reconciliation of Net Loss to Adjusted N; row 'Adjusted net loss'), column Qcur",
adj_net_income,Q2/26,10,USD m,"https://www.sec.gov/Archives/edgar/data/1929561/000192956126000033/rxo2026q2pressrelease.htm | RXO earnings release (Ex.99.1) for Q2/26, T5 (AEPS: Reconciliation of Net Loss to Adjusted N; row 'Adjusted net income (loss)'), column Qcur",
adj_net_income,LTM_Q2/26,-15,USD m,Derived: sum of Q3/25+Q4/25+Q1/26+Q2/26 three-month figures,LTM to 30-Jun-2026
adj_net_income,LTM_Q2/25,19,USD m,Derived: sum of Q3/24..Q2/25 three-month figures,LTM to 30-Jun-2025
adjebitda_debt_extinguishment,Q1/25,0,USD m,"https://www.sec.gov/Archives/edgar/data/1929561/000192956126000023/rxo2026q1pressrelease.htm | RXO earnings release (Ex.99.1) for Q1/26, T4 (AEBITDA: Reconciliation of Net Loss to Adjusted E; row 'Debt extinguishment loss'), column Qprior",
adjebitda_debt_extinguishment,Q2/25,0,USD m,"https://www.sec.gov/Archives/edgar/data/1929561/000192956126000033/rxo2026q2pressrelease.htm | RXO earnings release (Ex.99.1) for Q2/26, T4 (AEBITDA: Reconciliation of Net Loss to Adjusted E; row 'Debt extinguishment loss'), column Qprior",
adjebitda_debt_extinguishment,Q1/26,11,USD m,"https://www.sec.gov/Archives/edgar/data/1929561/000192956126000023/rxo2026q1pressrelease.htm | RXO earnings release (Ex.99.1) for Q1/26, T4 (AEBITDA: Reconciliation of Net Loss to Adjusted E; row 'Debt extinguishment loss'), column Qcur",
adjebitda_debt_extinguishment,Q2/26,0,USD m,"https://www.sec.gov/Archives/edgar/data/1929561/000192956126000033/rxo2026q2pressrelease.htm | RXO earnings release (Ex.99.1) for Q2/26, T4 (AEBITDA: Reconciliation of Net Loss to Adjusted E; row 'Debt extinguishment loss'), column Qcur",
adjebitda_dep_amort,FY2021,81,USD m,"https://www.sec.gov/Archives/edgar/data/1929561/000192956123000023/rxoq42022pressrelease.htm | RXO earnings release (Ex.99.1) for Q4/22, T4 (AEBITDA: Reconciliation of Net Income (Loss) to A; row 'Depreciation and amortization expense'), column YTDprior",
adjebitda_dep_amort,Q1/22,21,USD m,"https://www.sec.gov/Archives/edgar/data/1929561/000192956123000054/rxoq12023pressrelease.htm | RXO earnings release (Ex.99.1) for Q1/23, T4 (AEBITDA: Reconciliation of Net Income to Adjusted; row 'Depreciation and amortization expense'), column Qprior",
adjebitda_dep_amort,Q2/22,21,USD m,"https://www.sec.gov/Archives/edgar/data/1929561/000192956123000069/rxo2023q2pressrelease.htm | RXO earnings release (Ex.99.1) for Q2/23, T4 (AEBITDA: Reconciliation of Net Income to Adjusted; row 'Depreciation and amortization expense'), column Qprior",
adjebitda_dep_amort,Q3/22,23,USD m,"https://www.sec.gov/Archives/edgar/data/1929561/000192956123000090/rxo2023q3pressrelease.htm | RXO earnings release (Ex.99.1) for Q3/23, T4 (AEBITDA: Reconciliation of Net Income (Loss) to A; row 'Depreciation and amortization expense'), column Qprior",
adjebitda_dep_amort,Q4/22,21,USD m,"https://www.sec.gov/Archives/edgar/data/1929561/000192956124000025/rxoq42023pressrelease.htm | RXO earnings release (Ex.99.1) for Q4/23, T4 (AEBITDA: Reconciliation of Net Income (Loss) to A; row 'Depreciation and amortization expense'), column Qprior",
adjebitda_dep_amort,FY2022,86,USD m,"https://www.sec.gov/Archives/edgar/data/1929561/000192956124000025/rxoq42023pressrelease.htm | RXO earnings release (Ex.99.1) for Q4/23, T4 (AEBITDA: Reconciliation of Net Income (Loss) to A; row 'Depreciation and amortization expense'), column YTDprior",
adjebitda_dep_amort,Q1/23,18,USD m,"https://www.sec.gov/Archives/edgar/data/1929561/000192956124000075/rxo2024q1pressrelease.htm | RXO earnings release (Ex.99.1) for Q1/24, T4 (AEBITDA: Reconciliation of Net Income (Loss) to A; row 'Depreciation and amortization expense'), column Qprior",
adjebitda_dep_amort,Q2/23,18,USD m,"https://www.sec.gov/Archives/edgar/data/1929561/000192956124000098/rxo2024q2pressrelease.htm | RXO earnings release (Ex.99.1) for Q2/24, T4 (AEBITDA: Reconciliation of Net Income (Loss) to A; row 'Depreciation and amortization expense'), column Qprior",
adjebitda_dep_amort,Q3/23,16,USD m,"https://www.sec.gov/Archives/edgar/data/1929561/000192956124000123/rxo2024q3pressrelease.htm | RXO earnings release (Ex.99.1) for Q3/24, T4 (AEBITDA: Reconciliation of Net Income (Loss) to A; row 'Depreciation and amortization expense'), column Qprior",
adjebitda_dep_amort,Q4/23,15,USD m,"https://www.sec.gov/Archives/edgar/data/1929561/000192956125000029/rxoq42024pressrelease.htm | RXO earnings release (Ex.99.1) for Q4/24, T4 (AEBITDA: Reconciliation of Net Income (Loss) to A; row 'Depreciation and amortization expense'), column Qprior",
adjebitda_dep_amort,FY2023,67,USD m,"https://www.sec.gov/Archives/edgar/data/1929561/000192956125000029/rxoq42024pressrelease.htm | RXO earnings release (Ex.99.1) for Q4/24, T4 (AEBITDA: Reconciliation of Net Income (Loss) to A; row 'Depreciation and amortization expense'), column YTDprior",
adjebitda_dep_amort,Q1/24,16,USD m,"https://www.sec.gov/Archives/edgar/data/1929561/000192956125000078/rxo2025q1pressrelease.htm | RXO earnings release (Ex.99.1) for Q1/25, T4 (AEBITDA: Reconciliation of Net Loss to Adjusted E; row 'Depreciation and amortization expense'), column Qprior",
adjebitda_dep_amort,Q2/24,17,USD m,"https://www.sec.gov/Archives/edgar/data/1929561/000192956125000096/rxo2025q2pressrelease.htm | RXO earnings release (Ex.99.1) for Q2/25, T4 (AEBITDA: Reconciliation of Net Loss to Adjusted E; row 'Depreciation and amortization expense'), column Qprior",
adjebitda_dep_amort,Q3/24,21,USD m,"https://www.sec.gov/Archives/edgar/data/1929561/000192956125000110/rxo2025q3pressrelease.htm | RXO earnings release (Ex.99.1) for Q3/25, T4 (AEBITDA: Reconciliation of Net Loss to Adjusted E; row 'Depreciation and amortization expense'), column Qprior",
adjebitda_dep_amort,Q4/24,33,USD m,"https://www.sec.gov/Archives/edgar/data/1929561/000192956126000006/rxoq42025pressrelease.htm | RXO earnings release (Ex.99.1) for Q4/25, T4 (AEBITDA: Reconciliation of Net Loss to Adjusted E; row 'Depreciation and amortization expense'), column Qprior",
adjebitda_dep_amort,FY2024,87,USD m,"https://www.sec.gov/Archives/edgar/data/1929561/000192956126000006/rxoq42025pressrelease.htm | RXO earnings release (Ex.99.1) for Q4/25, T4 (AEBITDA: Reconciliation of Net Loss to Adjusted E; row 'Depreciation and amortization expense'), column YTDprior",
adjebitda_dep_amort,Q1/25,32,USD m,"https://www.sec.gov/Archives/edgar/data/1929561/000192956126000023/rxo2026q1pressrelease.htm | RXO earnings release (Ex.99.1) for Q1/26, T4 (AEBITDA: Reconciliation of Net Loss to Adjusted E; row 'Depreciation and amortization expense'), column Qprior",
adjebitda_dep_amort,Q2/25,30,USD m,"https://www.sec.gov/Archives/edgar/data/1929561/000192956126000033/rxo2026q2pressrelease.htm | RXO earnings release (Ex.99.1) for Q2/26, T4 (AEBITDA: Reconciliation of Net Loss to Adjusted E; row 'Depreciation and amortization expense'), column Qprior",
adjebitda_dep_amort,Q3/25,26,USD m,"https://www.sec.gov/Archives/edgar/data/1929561/000192956125000110/rxo2025q3pressrelease.htm | RXO earnings release (Ex.99.1) for Q3/25, T4 (AEBITDA: Reconciliation of Net Loss to Adjusted E; row 'Depreciation and amortization expense'), column Qcur",
adjebitda_dep_amort,Q4/25,28,USD m,"https://www.sec.gov/Archives/edgar/data/1929561/000192956126000006/rxoq42025pressrelease.htm | RXO earnings release (Ex.99.1) for Q4/25, T4 (AEBITDA: Reconciliation of Net Loss to Adjusted E; row 'Depreciation and amortization expense'), column Qcur",
adjebitda_dep_amort,FY2025,116,USD m,"https://www.sec.gov/Archives/edgar/data/1929561/000192956126000006/rxoq42025pressrelease.htm | RXO earnings release (Ex.99.1) for Q4/25, T4 (AEBITDA: Reconciliation of Net Loss to Adjusted E; row 'Depreciation and amortization expense'), column YTDcur",
adjebitda_dep_amort,Q1/26,26,USD m,"https://www.sec.gov/Archives/edgar/data/1929561/000192956126000023/rxo2026q1pressrelease.htm | RXO earnings release (Ex.99.1) for Q1/26, T4 (AEBITDA: Reconciliation of Net Loss to Adjusted E; row 'Depreciation and amortization expense'), column Qcur",
adjebitda_dep_amort,Q2/26,26,USD m,"https://www.sec.gov/Archives/edgar/data/1929561/000192956126000033/rxo2026q2pressrelease.htm | RXO earnings release (Ex.99.1) for Q2/26, T4 (AEBITDA: Reconciliation of Net Loss to Adjusted E; row 'Depreciation and amortization expense'), column Qcur",
adjebitda_dep_amort,LTM_Q2/26,106,USD m,Derived: sum of Q3/25+Q4/25+Q1/26+Q2/26 three-month figures,LTM to 30-Jun-2026
adjebitda_dep_amort,LTM_Q2/25,116,USD m,Derived: sum of Q3/24..Q2/25 three-month figures,LTM to 30-Jun-2025
adjebitda_goodwill_impairment,Q4/24,0,USD m,"https://www.sec.gov/Archives/edgar/data/1929561/000192956126000006/rxoq42025pressrelease.htm | RXO earnings release (Ex.99.1) for Q4/25, T4 (AEBITDA: Reconciliation of Net Loss to Adjusted E; row 'Goodwill impairment'), column Qprior",
adjebitda_goodwill_impairment,FY2024,0,USD m,"https://www.sec.gov/Archives/edgar/data/1929561/000192956126000006/rxoq42025pressrelease.htm | RXO earnings release (Ex.99.1) for Q4/25, T4 (AEBITDA: Reconciliation of Net Loss to Adjusted E; row 'Goodwill impairment'), column YTDprior",
adjebitda_goodwill_impairment,Q4/25,12,USD m,"https://www.sec.gov/Archives/edgar/data/1929561/000192956126000006/rxoq42025pressrelease.htm | RXO earnings release (Ex.99.1) for Q4/25, T4 (AEBITDA: Reconciliation of Net Loss to Adjusted E; row 'Goodwill impairment'), column Qcur",
adjebitda_goodwill_impairment,FY2025,12,USD m,"https://www.sec.gov/Archives/edgar/data/1929561/000192956126000006/rxoq42025pressrelease.htm | RXO earnings release (Ex.99.1) for Q4/25, T4 (AEBITDA: Reconciliation of Net Loss to Adjusted E; row 'Goodwill impairment'), column YTDcur",
adjebitda_income_tax,FY2021,41,USD m,"https://www.sec.gov/Archives/edgar/data/1929561/000192956123000023/rxoq42022pressrelease.htm | RXO earnings release (Ex.99.1) for Q4/22, T4 (AEBITDA: Reconciliation of Net Income (Loss) to A; row 'Income tax provision (benefit)'), column YTDprior",
adjebitda_income_tax,Q1/22,12,USD m,"https://www.sec.gov/Archives/edgar/data/1929561/000192956123000054/rxoq12023pressrelease.htm | RXO earnings release (Ex.99.1) for Q1/23, T4 (AEBITDA: Reconciliation of Net Income to Adjusted; row 'Income tax provision (benefit)'), column Qprior",
adjebitda_income_tax,Q2/22,15,USD m,"https://www.sec.gov/Archives/edgar/data/1929561/000192956123000069/rxo2023q2pressrelease.htm | RXO earnings release (Ex.99.1) for Q2/23, T4 (AEBITDA: Reconciliation of Net Income to Adjusted; row 'Income tax provision'), column Qprior",
adjebitda_income_tax,Q3/22,2,USD m,"https://www.sec.gov/Archives/edgar/data/1929561/000192956123000090/rxo2023q3pressrelease.htm | RXO earnings release (Ex.99.1) for Q3/23, T4 (AEBITDA: Reconciliation of Net Income (Loss) to A; row 'Income tax provision (benefit)'), column Qprior",
adjebitda_income_tax,Q4/22,-2,USD m,"https://www.sec.gov/Archives/edgar/data/1929561/000192956124000025/rxoq42023pressrelease.htm | RXO earnings release (Ex.99.1) for Q4/23, T4 (AEBITDA: Reconciliation of Net Income (Loss) to A; row 'Income tax provision (benefit)'), column Qprior",
adjebitda_income_tax,FY2022,27,USD m,"https://www.sec.gov/Archives/edgar/data/1929561/000192956124000025/rxoq42023pressrelease.htm | RXO earnings release (Ex.99.1) for Q4/23, T4 (AEBITDA: Reconciliation of Net Income (Loss) to A; row 'Income tax provision (benefit)'), column YTDprior",
adjebitda_income_tax,Q1/23,-3,USD m,"https://www.sec.gov/Archives/edgar/data/1929561/000192956124000075/rxo2024q1pressrelease.htm | RXO earnings release (Ex.99.1) for Q1/24, T4 (AEBITDA: Reconciliation of Net Income (Loss) to A; row 'Income tax benefit'), column Qprior",
adjebitda_income_tax,Q2/23,3,USD m,"https://www.sec.gov/Archives/edgar/data/1929561/000192956124000098/rxo2024q2pressrelease.htm | RXO earnings release (Ex.99.1) for Q2/24, T4 (AEBITDA: Reconciliation of Net Income (Loss) to A; row 'Income tax provision (benefit)'), column Qprior",
adjebitda_income_tax,Q3/23,-2,USD m,"https://www.sec.gov/Archives/edgar/data/1929561/000192956124000123/rxo2024q3pressrelease.htm | RXO earnings release (Ex.99.1) for Q3/24, T4 (AEBITDA: Reconciliation of Net Income (Loss) to A; row 'Income tax provision (benefit)'), column Qprior",
adjebitda_income_tax,Q4/23,2,USD m,"https://www.sec.gov/Archives/edgar/data/1929561/000192956125000029/rxoq42024pressrelease.htm | RXO earnings release (Ex.99.1) for Q4/24, T4 (AEBITDA: Reconciliation of Net Income (Loss) to A; row 'Income tax provision (benefit)'), column Qprior",
adjebitda_income_tax,FY2023,0,USD m,"https://www.sec.gov/Archives/edgar/data/1929561/000192956125000029/rxoq42024pressrelease.htm | RXO earnings release (Ex.99.1) for Q4/24, T4 (AEBITDA: Reconciliation of Net Income (Loss) to A; row 'Income tax provision (benefit)'), column YTDprior",
adjebitda_income_tax,Q1/24,-6,USD m,"https://www.sec.gov/Archives/edgar/data/1929561/000192956125000078/rxo2025q1pressrelease.htm | RXO earnings release (Ex.99.1) for Q1/25, T4 (AEBITDA: Reconciliation of Net Loss to Adjusted E; row 'Income tax benefit'), column Qprior",
adjebitda_income_tax,Q2/24,-1,USD m,"https://www.sec.gov/Archives/edgar/data/1929561/000192956125000096/rxo2025q2pressrelease.htm | RXO earnings release (Ex.99.1) for Q2/25, T4 (AEBITDA: Reconciliation of Net Loss to Adjusted E; row 'Income tax benefit'), column Qprior",
adjebitda_income_tax,Q3/24,1,USD m,"https://www.sec.gov/Archives/edgar/data/1929561/000192956125000110/rxo2025q3pressrelease.htm | RXO earnings release (Ex.99.1) for Q3/25, T4 (AEBITDA: Reconciliation of Net Loss to Adjusted E; row 'Income tax provision (benefit)'), column Qprior",
adjebitda_income_tax,Q4/24,-8,USD m,"https://www.sec.gov/Archives/edgar/data/1929561/000192956126000006/rxoq42025pressrelease.htm | RXO earnings release (Ex.99.1) for Q4/25, T4 (AEBITDA: Reconciliation of Net Loss to Adjusted E; row 'Income tax benefit'), column Qprior",Latest-filed value used (release Q4/25); originally reported -13 in Q4/24 release
adjebitda_income_tax,FY2024,-14,USD m,"https://www.sec.gov/Archives/edgar/data/1929561/000192956126000006/rxoq42025pressrelease.htm | RXO earnings release (Ex.99.1) for Q4/25, T4 (AEBITDA: Reconciliation of Net Loss to Adjusted E; row 'Income tax benefit'), column YTDprior",Latest-filed value used (release Q4/25); originally reported -19 in Q4/24 release
adjebitda_income_tax,Q1/25,-8,USD m,"https://www.sec.gov/Archives/edgar/data/1929561/000192956126000023/rxo2026q1pressrelease.htm | RXO earnings release (Ex.99.1) for Q1/26, T4 (AEBITDA: Reconciliation of Net Loss to Adjusted E; row 'Income tax benefit'), column Qprior",
adjebitda_income_tax,Q2/25,-1,USD m,"https://www.sec.gov/Archives/edgar/data/1929561/000192956126000033/rxo2026q2pressrelease.htm | RXO earnings release (Ex.99.1) for Q2/26, T4 (AEBITDA: Reconciliation of Net Loss to Adjusted E; row 'Income tax provision (benefit)'), column Qprior",
adjebitda_income_tax,Q3/25,-1,USD m,"https://www.sec.gov/Archives/edgar/data/1929561/000192956125000110/rxo2025q3pressrelease.htm | RXO earnings release (Ex.99.1) for Q3/25, T4 (AEBITDA: Reconciliation of Net Loss to Adjusted E; row 'Income tax provision (benefit)'), column Qcur",
adjebitda_income_tax,Q4/25,-5,USD m,"https://www.sec.gov/Archives/edgar/data/1929561/000192956126000006/rxoq42025pressrelease.htm | RXO earnings release (Ex.99.1) for Q4/25, T4 (AEBITDA: Reconciliation of Net Loss to Adjusted E; row 'Income tax benefit'), column Qcur",
adjebitda_income_tax,FY2025,-15,USD m,"https://www.sec.gov/Archives/edgar/data/1929561/000192956126000006/rxoq42025pressrelease.htm | RXO earnings release (Ex.99.1) for Q4/25, T4 (AEBITDA: Reconciliation of Net Loss to Adjusted E; row 'Income tax benefit'), column YTDcur",
adjebitda_income_tax,Q1/26,-13,USD m,"https://www.sec.gov/Archives/edgar/data/1929561/000192956126000023/rxo2026q1pressrelease.htm | RXO earnings release (Ex.99.1) for Q1/26, T4 (AEBITDA: Reconciliation of Net Loss to Adjusted E; row 'Income tax benefit'), column Qcur",
adjebitda_income_tax,Q2/26,1,USD m,"https://www.sec.gov/Archives/edgar/data/1929561/000192956126000033/rxo2026q2pressrelease.htm | RXO earnings release (Ex.99.1) for Q2/26, T4 (AEBITDA: Reconciliation of Net Loss to Adjusted E; row 'Income tax provision (benefit)'), column Qcur",
adjebitda_interest_expense,FY2021,0,USD m,"https://www.sec.gov/Archives/edgar/data/1929561/000192956123000023/rxoq42022pressrelease.htm | RXO earnings release (Ex.99.1) for Q4/22, T4 (AEBITDA: Reconciliation of Net Income (Loss) to A; row 'Interest expense'), column YTDprior",
adjebitda_interest_expense,Q1/22,0,USD m,"https://www.sec.gov/Archives/edgar/data/1929561/000192956123000054/rxoq12023pressrelease.htm | RXO earnings release (Ex.99.1) for Q1/23, T4 (AEBITDA: Reconciliation of Net Income to Adjusted; row 'Interest expense, net'), column Qprior",
adjebitda_interest_expense,Q2/22,0,USD m,"https://www.sec.gov/Archives/edgar/data/1929561/000192956123000069/rxo2023q2pressrelease.htm | RXO earnings release (Ex.99.1) for Q2/23, T4 (AEBITDA: Reconciliation of Net Income to Adjusted; row 'Interest expense, net'), column Qprior",
adjebitda_interest_expense,Q3/22,-1,USD m,"https://www.sec.gov/Archives/edgar/data/1929561/000192956123000090/rxo2023q3pressrelease.htm | RXO earnings release (Ex.99.1) for Q3/23, T4 (AEBITDA: Reconciliation of Net Income (Loss) to A; row 'Interest expense (income), net'), column Qprior",
adjebitda_interest_expense,Q4/22,5,USD m,"https://www.sec.gov/Archives/edgar/data/1929561/000192956124000025/rxoq42023pressrelease.htm | RXO earnings release (Ex.99.1) for Q4/23, T4 (AEBITDA: Reconciliation of Net Income (Loss) to A; row 'Interest expense, net'), column Qprior",
adjebitda_interest_expense,FY2022,4,USD m,"https://www.sec.gov/Archives/edgar/data/1929561/000192956124000025/rxoq42023pressrelease.htm | RXO earnings release (Ex.99.1) for Q4/23, T4 (AEBITDA: Reconciliation of Net Income (Loss) to A; row 'Interest expense, net'), column YTDprior",
adjebitda_interest_expense,Q1/23,8,USD m,"https://www.sec.gov/Archives/edgar/data/1929561/000192956124000075/rxo2024q1pressrelease.htm | RXO earnings release (Ex.99.1) for Q1/24, T4 (AEBITDA: Reconciliation of Net Income (Loss) to A; row 'Interest expense, net'), column Qprior",
adjebitda_interest_expense,Q2/23,8,USD m,"https://www.sec.gov/Archives/edgar/data/1929561/000192956124000098/rxo2024q2pressrelease.htm | RXO earnings release (Ex.99.1) for Q2/24, T4 (AEBITDA: Reconciliation of Net Income (Loss) to A; row 'Interest expense, net'), column Qprior",
adjebitda_interest_expense,Q3/23,8,USD m,"https://www.sec.gov/Archives/edgar/data/1929561/000192956124000123/rxo2024q3pressrelease.htm | RXO earnings release (Ex.99.1) for Q3/24, T4 (AEBITDA: Reconciliation of Net Income (Loss) to A; row 'Interest expense, net'), column Qprior",
adjebitda_interest_expense,Q4/23,8,USD m,"https://www.sec.gov/Archives/edgar/data/1929561/000192956125000029/rxoq42024pressrelease.htm | RXO earnings release (Ex.99.1) for Q4/24, T4 (AEBITDA: Reconciliation of Net Income (Loss) to A; row 'Interest expense, net'), column Qprior",
adjebitda_interest_expense,FY2023,32,USD m,"https://www.sec.gov/Archives/edgar/data/1929561/000192956125000029/rxoq42024pressrelease.htm | RXO earnings release (Ex.99.1) for Q4/24, T4 (AEBITDA: Reconciliation of Net Income (Loss) to A; row 'Interest expense, net'), column YTDprior",
adjebitda_interest_expense,Q1/24,8,USD m,"https://www.sec.gov/Archives/edgar/data/1929561/000192956125000078/rxo2025q1pressrelease.htm | RXO earnings release (Ex.99.1) for Q1/25, T4 (AEBITDA: Reconciliation of Net Loss to Adjusted E; row 'Interest expense, net'), column Qprior",
adjebitda_interest_expense,Q2/24,8,USD m,"https://www.sec.gov/Archives/edgar/data/1929561/000192956125000096/rxo2025q2pressrelease.htm | RXO earnings release (Ex.99.1) for Q2/25, T4 (AEBITDA: Reconciliation of Net Loss to Adjusted E; row 'Interest expense, net'), column Qprior",
adjebitda_interest_expense,Q3/24,6,USD m,"https://www.sec.gov/Archives/edgar/data/1929561/000192956125000110/rxo2025q3pressrelease.htm | RXO earnings release (Ex.99.1) for Q3/25, T4 (AEBITDA: Reconciliation of Net Loss to Adjusted E; row 'Interest expense, net'), column Qprior",
adjebitda_interest_expense,Q4/24,8,USD m,"https://www.sec.gov/Archives/edgar/data/1929561/000192956126000006/rxoq42025pressrelease.htm | RXO earnings release (Ex.99.1) for Q4/25, T4 (AEBITDA: Reconciliation of Net Loss to Adjusted E; row 'Interest expense, net'), column Qprior",
adjebitda_interest_expense,FY2024,30,USD m,"https://www.sec.gov/Archives/edgar/data/1929561/000192956126000006/rxoq42025pressrelease.htm | RXO earnings release (Ex.99.1) for Q4/25, T4 (AEBITDA: Reconciliation of Net Loss to Adjusted E; row 'Interest expense, net'), column YTDprior",
adjebitda_interest_expense,Q1/25,9,USD m,"https://www.sec.gov/Archives/edgar/data/1929561/000192956126000023/rxo2026q1pressrelease.htm | RXO earnings release (Ex.99.1) for Q1/26, T4 (AEBITDA: Reconciliation of Net Loss to Adjusted E; row 'Interest expense, net'), column Qprior",
adjebitda_interest_expense,Q2/25,8,USD m,"https://www.sec.gov/Archives/edgar/data/1929561/000192956126000033/rxo2026q2pressrelease.htm | RXO earnings release (Ex.99.1) for Q2/26, T4 (AEBITDA: Reconciliation of Net Loss to Adjusted E; row 'Interest expense, net'), column Qprior",
adjebitda_interest_expense,Q3/25,9,USD m,"https://www.sec.gov/Archives/edgar/data/1929561/000192956125000110/rxo2025q3pressrelease.htm | RXO earnings release (Ex.99.1) for Q3/25, T4 (AEBITDA: Reconciliation of Net Loss to Adjusted E; row 'Interest expense, net'), column Qcur",
adjebitda_interest_expense,Q4/25,9,USD m,"https://www.sec.gov/Archives/edgar/data/1929561/000192956126000006/rxoq42025pressrelease.htm | RXO earnings release (Ex.99.1) for Q4/25, T4 (AEBITDA: Reconciliation of Net Loss to Adjusted E; row 'Interest expense, net'), column Qcur",
adjebitda_interest_expense,FY2025,35,USD m,"https://www.sec.gov/Archives/edgar/data/1929561/000192956126000006/rxoq42025pressrelease.htm | RXO earnings release (Ex.99.1) for Q4/25, T4 (AEBITDA: Reconciliation of Net Loss to Adjusted E; row 'Interest expense, net'), column YTDcur",
adjebitda_interest_expense,Q1/26,9,USD m,"https://www.sec.gov/Archives/edgar/data/1929561/000192956126000023/rxo2026q1pressrelease.htm | RXO earnings release (Ex.99.1) for Q1/26, T4 (AEBITDA: Reconciliation of Net Loss to Adjusted E; row 'Interest expense, net'), column Qcur",
adjebitda_interest_expense,Q2/26,9,USD m,"https://www.sec.gov/Archives/edgar/data/1929561/000192956126000033/rxo2026q2pressrelease.htm | RXO earnings release (Ex.99.1) for Q2/26, T4 (AEBITDA: Reconciliation of Net Loss to Adjusted E; row 'Interest expense, net'), column Qcur",
adjebitda_net_income,FY2021,150,USD m,"https://www.sec.gov/Archives/edgar/data/1929561/000192956123000023/rxoq42022pressrelease.htm | RXO earnings release (Ex.99.1) for Q4/22, T4 (AEBITDA: Reconciliation of Net Income (Loss) to A; row 'Net income (loss)'), column YTDprior",
adjebitda_net_income,Q1/22,39,USD m,"https://www.sec.gov/Archives/edgar/data/1929561/000192956123000054/rxoq12023pressrelease.htm | RXO earnings release (Ex.99.1) for Q1/23, T4 (AEBITDA: Reconciliation of Net Income to Adjusted; row 'Net income'), column Qprior",
adjebitda_net_income,Q2/22,44,USD m,"https://www.sec.gov/Archives/edgar/data/1929561/000192956123000069/rxo2023q2pressrelease.htm | RXO earnings release (Ex.99.1) for Q2/23, T4 (AEBITDA: Reconciliation of Net Income to Adjusted; row 'Net income'), column Qprior",
adjebitda_net_income,Q3/22,13,USD m,"https://www.sec.gov/Archives/edgar/data/1929561/000192956123000090/rxo2023q3pressrelease.htm | RXO earnings release (Ex.99.1) for Q3/23, T4 (AEBITDA: Reconciliation of Net Income (Loss) to A; row 'Net income (loss)'), column Qprior",
adjebitda_net_income,Q4/22,-4,USD m,"https://www.sec.gov/Archives/edgar/data/1929561/000192956124000025/rxoq42023pressrelease.htm | RXO earnings release (Ex.99.1) for Q4/23, T4 (AEBITDA: Reconciliation of Net Income (Loss) to A; row 'Net income (loss)'), column Qprior",
adjebitda_net_income,FY2022,92,USD m,"https://www.sec.gov/Archives/edgar/data/1929561/000192956124000025/rxoq42023pressrelease.htm | RXO earnings release (Ex.99.1) for Q4/23, T4 (AEBITDA: Reconciliation of Net Income (Loss) to A; row 'Net income (loss)'), column YTDprior",
adjebitda_net_income,Q1/23,0,USD m,"https://www.sec.gov/Archives/edgar/data/1929561/000192956124000075/rxo2024q1pressrelease.htm | RXO earnings release (Ex.99.1) for Q1/24, T4 (AEBITDA: Reconciliation of Net Income (Loss) to A; row 'Net income (loss)'), column Qprior",
adjebitda_net_income,Q2/23,3,USD m,"https://www.sec.gov/Archives/edgar/data/1929561/000192956124000098/rxo2024q2pressrelease.htm | RXO earnings release (Ex.99.1) for Q2/24, T4 (AEBITDA: Reconciliation of Net Income (Loss) to A; row 'Net income (loss)'), column Qprior",
adjebitda_net_income,Q3/23,-1,USD m,"https://www.sec.gov/Archives/edgar/data/1929561/000192956124000123/rxo2024q3pressrelease.htm | RXO earnings release (Ex.99.1) for Q3/24, T4 (AEBITDA: Reconciliation of Net Income (Loss) to A; row 'Net income (loss)'), column Qprior",
adjebitda_net_income,Q4/23,2,USD m,"https://www.sec.gov/Archives/edgar/data/1929561/000192956125000029/rxoq42024pressrelease.htm | RXO earnings release (Ex.99.1) for Q4/24, T4 (AEBITDA: Reconciliation of Net Income (Loss) to A; row 'Net income (loss)'), column Qprior",
adjebitda_net_income,FY2023,4,USD m,"https://www.sec.gov/Archives/edgar/data/1929561/000192956125000029/rxoq42024pressrelease.htm | RXO earnings release (Ex.99.1) for Q4/24, T4 (AEBITDA: Reconciliation of Net Income (Loss) to A; row 'Net income (loss)'), column YTDprior",
adjebitda_net_income,Q1/24,-15,USD m,"https://www.sec.gov/Archives/edgar/data/1929561/000192956125000078/rxo2025q1pressrelease.htm | RXO earnings release (Ex.99.1) for Q1/25, T4 (AEBITDA: Reconciliation of Net Loss to Adjusted E; row 'Net loss'), column Qprior",
adjebitda_net_income,Q2/24,-7,USD m,"https://www.sec.gov/Archives/edgar/data/1929561/000192956125000096/rxo2025q2pressrelease.htm | RXO earnings release (Ex.99.1) for Q2/25, T4 (AEBITDA: Reconciliation of Net Loss to Adjusted E; row 'Net loss'), column Qprior",
adjebitda_net_income,Q3/24,-243,USD m,"https://www.sec.gov/Archives/edgar/data/1929561/000192956125000110/rxo2025q3pressrelease.htm | RXO earnings release (Ex.99.1) for Q3/25, T4 (AEBITDA: Reconciliation of Net Loss to Adjusted E; row 'Net loss'), column Qprior",
adjebitda_net_income,Q4/24,-25,USD m,"https://www.sec.gov/Archives/edgar/data/1929561/000192956126000006/rxoq42025pressrelease.htm | RXO earnings release (Ex.99.1) for Q4/25, T4 (AEBITDA: Reconciliation of Net Loss to Adjusted E; row 'Net loss'), column Qprior",Latest-filed value used (release Q4/25); originally reported -20 in Q4/24 release
adjebitda_net_income,FY2024,-290,USD m,"https://www.sec.gov/Archives/edgar/data/1929561/000192956126000006/rxoq42025pressrelease.htm | RXO earnings release (Ex.99.1) for Q4/25, T4 (AEBITDA: Reconciliation of Net Loss to Adjusted E; row 'Net loss'), column YTDprior",Latest-filed value used (release Q4/25); originally reported -285 in Q4/24 release
adjebitda_net_income,Q1/25,-31,USD m,"https://www.sec.gov/Archives/edgar/data/1929561/000192956126000023/rxo2026q1pressrelease.htm | RXO earnings release (Ex.99.1) for Q1/26, T4 (AEBITDA: Reconciliation of Net Loss to Adjusted E; row 'Net loss'), column Qprior",
adjebitda_net_income,Q2/25,-9,USD m,"https://www.sec.gov/Archives/edgar/data/1929561/000192956126000033/rxo2026q2pressrelease.htm | RXO earnings release (Ex.99.1) for Q2/26, T4 (AEBITDA: Reconciliation of Net Loss to Adjusted E; row 'Net loss'), column Qprior",
adjebitda_net_income,Q3/25,-14,USD m,"https://www.sec.gov/Archives/edgar/data/1929561/000192956125000110/rxo2025q3pressrelease.htm | RXO earnings release (Ex.99.1) for Q3/25, T4 (AEBITDA: Reconciliation of Net Loss to Adjusted E; row 'Net loss'), column Qcur",
adjebitda_net_income,Q4/25,-46,USD m,"https://www.sec.gov/Archives/edgar/data/1929561/000192956126000006/rxoq42025pressrelease.htm | RXO earnings release (Ex.99.1) for Q4/25, T4 (AEBITDA: Reconciliation of Net Loss to Adjusted E; row 'Net loss'), column Qcur",
adjebitda_net_income,FY2025,-100,USD m,"https://www.sec.gov/Archives/edgar/data/1929561/000192956126000006/rxoq42025pressrelease.htm | RXO earnings release (Ex.99.1) for Q4/25, T4 (AEBITDA: Reconciliation of Net Loss to Adjusted E; row 'Net loss'), column YTDcur",
adjebitda_net_income,Q1/26,-36,USD m,"https://www.sec.gov/Archives/edgar/data/1929561/000192956126000023/rxo2026q1pressrelease.htm | RXO earnings release (Ex.99.1) for Q1/26, T4 (AEBITDA: Reconciliation of Net Loss to Adjusted E; row 'Net loss'), column Qcur",
adjebitda_net_income,Q2/26,-9,USD m,"https://www.sec.gov/Archives/edgar/data/1929561/000192956126000033/rxo2026q2pressrelease.htm | RXO earnings release (Ex.99.1) for Q2/26, T4 (AEBITDA: Reconciliation of Net Loss to Adjusted E; row 'Net loss'), column Qcur",
adjebitda_other,FY2021,1,USD m,"https://www.sec.gov/Archives/edgar/data/1929561/000192956123000023/rxoq42022pressrelease.htm | RXO earnings release (Ex.99.1) for Q4/22, T4 (AEBITDA: Reconciliation of Net Income (Loss) to A; row 'Other'), column YTDprior",
adjebitda_other,Q4/22,0,USD m,"https://www.sec.gov/Archives/edgar/data/1929561/000192956123000023/rxoq42022pressrelease.htm | RXO earnings release (Ex.99.1) for Q4/22, T4 (AEBITDA: Reconciliation of Net Income (Loss) to A; row 'Other'), column Qcur",
adjebitda_other,FY2022,0,USD m,"https://www.sec.gov/Archives/edgar/data/1929561/000192956123000023/rxoq42022pressrelease.htm | RXO earnings release (Ex.99.1) for Q4/22, T4 (AEBITDA: Reconciliation of Net Income (Loss) to A; row 'Other'), column YTDcur",
adjebitda_restructuring_other,FY2021,2,USD m,"https://www.sec.gov/Archives/edgar/data/1929561/000192956123000023/rxoq42022pressrelease.htm | RXO earnings release (Ex.99.1) for Q4/22, T4 (AEBITDA: Reconciliation of Net Income (Loss) to A; row 'Restructuring costs'), column YTDprior",
adjebitda_restructuring_other,Q1/22,0,USD m,"https://www.sec.gov/Archives/edgar/data/1929561/000192956123000054/rxoq12023pressrelease.htm | RXO earnings release (Ex.99.1) for Q1/23, T4 (AEBITDA: Reconciliation of Net Income to Adjusted; row 'Restructuring costs'), column Qprior",
adjebitda_restructuring_other,Q2/22,3,USD m,"https://www.sec.gov/Archives/edgar/data/1929561/000192956123000069/rxo2023q2pressrelease.htm | RXO earnings release (Ex.99.1) for Q2/23, T4 (AEBITDA: Reconciliation of Net Income to Adjusted; row 'Restructuring and other costs'), column Qprior",
adjebitda_restructuring_other,Q3/22,6,USD m,"https://www.sec.gov/Archives/edgar/data/1929561/000192956123000090/rxo2023q3pressrelease.htm | RXO earnings release (Ex.99.1) for Q3/23, T4 (AEBITDA: Reconciliation of Net Income (Loss) to A; row 'Restructuring and other costs'), column Qprior",
adjebitda_restructuring_other,Q4/22,4,USD m,"https://www.sec.gov/Archives/edgar/data/1929561/000192956124000025/rxoq42023pressrelease.htm | RXO earnings release (Ex.99.1) for Q4/23, T4 (AEBITDA: Reconciliation of Net Income (Loss) to A; row 'Restructuring and other costs'), column Qprior",
adjebitda_restructuring_other,FY2022,13,USD m,"https://www.sec.gov/Archives/edgar/data/1929561/000192956124000025/rxoq42023pressrelease.htm | RXO earnings release (Ex.99.1) for Q4/23, T4 (AEBITDA: Reconciliation of Net Income (Loss) to A; row 'Restructuring and other costs'), column YTDprior",
adjebitda_restructuring_other,Q1/23,8,USD m,"https://www.sec.gov/Archives/edgar/data/1929561/000192956124000075/rxo2024q1pressrelease.htm | RXO earnings release (Ex.99.1) for Q1/24, T4 (AEBITDA: Reconciliation of Net Income (Loss) to A; row 'Restructuring costs'), column Qprior",
adjebitda_restructuring_other,Q2/23,2,USD m,"https://www.sec.gov/Archives/edgar/data/1929561/000192956124000098/rxo2024q2pressrelease.htm | RXO earnings release (Ex.99.1) for Q2/24, T4 (AEBITDA: Reconciliation of Net Income (Loss) to A; row 'Restructuring and other costs'), column Qprior",
adjebitda_restructuring_other,Q3/23,3,USD m,"https://www.sec.gov/Archives/edgar/data/1929561/000192956124000123/rxo2024q3pressrelease.htm | RXO earnings release (Ex.99.1) for Q3/24, T4 (AEBITDA: Reconciliation of Net Income (Loss) to A; row 'Restructuring and other costs'), column Qprior",
adjebitda_restructuring_other,Q4/23,4,USD m,"https://www.sec.gov/Archives/edgar/data/1929561/000192956125000029/rxoq42024pressrelease.htm | RXO earnings release (Ex.99.1) for Q4/24, T4 (AEBITDA: Reconciliation of Net Income (Loss) to A; row 'Restructuring and other costs'), column Qprior",
adjebitda_restructuring_other,FY2023,17,USD m,"https://www.sec.gov/Archives/edgar/data/1929561/000192956125000029/rxoq42024pressrelease.htm | RXO earnings release (Ex.99.1) for Q4/24, T4 (AEBITDA: Reconciliation of Net Income (Loss) to A; row 'Restructuring and other costs'), column YTDprior",
adjebitda_restructuring_other,Q1/24,11,USD m,"https://www.sec.gov/Archives/edgar/data/1929561/000192956125000078/rxo2025q1pressrelease.htm | RXO earnings release (Ex.99.1) for Q1/25, T4 (AEBITDA: Reconciliation of Net Loss to Adjusted E; row 'Restructuring and other costs'), column Qprior",
adjebitda_restructuring_other,Q2/24,4,USD m,"https://www.sec.gov/Archives/edgar/data/1929561/000192956125000096/rxo2025q2pressrelease.htm | RXO earnings release (Ex.99.1) for Q2/25, T4 (AEBITDA: Reconciliation of Net Loss to Adjusted E; row 'Restructuring and other costs'), column Qprior",
adjebitda_restructuring_other,Q3/24,218,USD m,"https://www.sec.gov/Archives/edgar/data/1929561/000192956125000110/rxo2025q3pressrelease.htm | RXO earnings release (Ex.99.1) for Q3/25, T4 (AEBITDA: Reconciliation of Net Loss to Adjusted E; row 'Restructuring and other costs'), column Qprior",
adjebitda_restructuring_other,Q4/24,19,USD m,"https://www.sec.gov/Archives/edgar/data/1929561/000192956126000006/rxoq42025pressrelease.htm | RXO earnings release (Ex.99.1) for Q4/25, T4 (AEBITDA: Reconciliation of Net Loss to Adjusted E; row 'Restructuring and other costs'), column Qprior",
adjebitda_restructuring_other,FY2024,252,USD m,"https://www.sec.gov/Archives/edgar/data/1929561/000192956126000006/rxoq42025pressrelease.htm | RXO earnings release (Ex.99.1) for Q4/25, T4 (AEBITDA: Reconciliation of Net Loss to Adjusted E; row 'Restructuring and other costs'), column YTDprior",
adjebitda_restructuring_other,Q1/25,14,USD m,"https://www.sec.gov/Archives/edgar/data/1929561/000192956126000023/rxo2026q1pressrelease.htm | RXO earnings release (Ex.99.1) for Q1/26, T4 (AEBITDA: Reconciliation of Net Loss to Adjusted E; row 'Restructuring and other costs'), column Qprior",
adjebitda_restructuring_other,Q2/25,3,USD m,"https://www.sec.gov/Archives/edgar/data/1929561/000192956126000033/rxo2026q2pressrelease.htm | RXO earnings release (Ex.99.1) for Q2/26, T4 (AEBITDA: Reconciliation of Net Loss to Adjusted E; row 'Restructuring and other costs'), column Qprior",
adjebitda_restructuring_other,Q3/25,7,USD m,"https://www.sec.gov/Archives/edgar/data/1929561/000192956125000110/rxo2025q3pressrelease.htm | RXO earnings release (Ex.99.1) for Q3/25, T4 (AEBITDA: Reconciliation of Net Loss to Adjusted E; row 'Restructuring and other costs'), column Qcur",
adjebitda_restructuring_other,Q4/25,15,USD m,"https://www.sec.gov/Archives/edgar/data/1929561/000192956126000006/rxoq42025pressrelease.htm | RXO earnings release (Ex.99.1) for Q4/25, T4 (AEBITDA: Reconciliation of Net Loss to Adjusted E; row 'Restructuring and other costs'), column Qcur",
adjebitda_restructuring_other,FY2025,39,USD m,"https://www.sec.gov/Archives/edgar/data/1929561/000192956126000006/rxoq42025pressrelease.htm | RXO earnings release (Ex.99.1) for Q4/25, T4 (AEBITDA: Reconciliation of Net Loss to Adjusted E; row 'Restructuring and other costs'), column YTDcur",
adjebitda_restructuring_other,Q1/26,7,USD m,"https://www.sec.gov/Archives/edgar/data/1929561/000192956126000023/rxo2026q1pressrelease.htm | RXO earnings release (Ex.99.1) for Q1/26, T4 (AEBITDA: Reconciliation of Net Loss to Adjusted E; row 'Restructuring and other costs'), column Qcur",
adjebitda_restructuring_other,Q2/26,9,USD m,"https://www.sec.gov/Archives/edgar/data/1929561/000192956126000033/rxo2026q2pressrelease.htm | RXO earnings release (Ex.99.1) for Q2/26, T4 (AEBITDA: Reconciliation of Net Loss to Adjusted E; row 'Restructuring and other costs'), column Qcur",
adjebitda_restructuring_other,LTM_Q2/26,38,USD m,Derived: sum of Q3/25+Q4/25+Q1/26+Q2/26 three-month figures,LTM to 30-Jun-2026
adjebitda_restructuring_other,LTM_Q2/25,254,USD m,Derived: sum of Q3/24..Q2/25 three-month figures,LTM to 30-Jun-2025
adjebitda_transaction_integration,FY2021,2,USD m,"https://www.sec.gov/Archives/edgar/data/1929561/000192956123000023/rxoq42022pressrelease.htm | RXO earnings release (Ex.99.1) for Q4/22, T4 (AEBITDA: Reconciliation of Net Income (Loss) to A; row 'Transaction and integration costs'), column YTDprior",
adjebitda_transaction_integration,Q1/22,3,USD m,"https://www.sec.gov/Archives/edgar/data/1929561/000192956123000054/rxoq12023pressrelease.htm | RXO earnings release (Ex.99.1) for Q1/23, T4 (AEBITDA: Reconciliation of Net Income to Adjusted; row 'Transaction and integration costs'), column Qprior",
adjebitda_transaction_integration,Q2/22,18,USD m,"https://www.sec.gov/Archives/edgar/data/1929561/000192956123000069/rxo2023q2pressrelease.htm | RXO earnings release (Ex.99.1) for Q2/23, T4 (AEBITDA: Reconciliation of Net Income to Adjusted; row 'Transaction and integration costs'), column Qprior",
adjebitda_transaction_integration,Q3/22,23,USD m,"https://www.sec.gov/Archives/edgar/data/1929561/000192956123000090/rxo2023q3pressrelease.htm | RXO earnings release (Ex.99.1) for Q3/23, T4 (AEBITDA: Reconciliation of Net Income (Loss) to A; row 'Transaction and integration costs'), column Qprior",
adjebitda_transaction_integration,Q4/22,40,USD m,"https://www.sec.gov/Archives/edgar/data/1929561/000192956124000025/rxoq42023pressrelease.htm | RXO earnings release (Ex.99.1) for Q4/23, T4 (AEBITDA: Reconciliation of Net Income (Loss) to A; row 'Transaction and integration costs'), column Qprior",
adjebitda_transaction_integration,FY2022,84,USD m,"https://www.sec.gov/Archives/edgar/data/1929561/000192956124000025/rxoq42023pressrelease.htm | RXO earnings release (Ex.99.1) for Q4/23, T4 (AEBITDA: Reconciliation of Net Income (Loss) to A; row 'Transaction and integration costs'), column YTDprior",
adjebitda_transaction_integration,Q1/23,6,USD m,"https://www.sec.gov/Archives/edgar/data/1929561/000192956124000075/rxo2024q1pressrelease.htm | RXO earnings release (Ex.99.1) for Q1/24, T4 (AEBITDA: Reconciliation of Net Income (Loss) to A; row 'Transaction and integration costs'), column Qprior",
adjebitda_transaction_integration,Q2/23,4,USD m,"https://www.sec.gov/Archives/edgar/data/1929561/000192956124000098/rxo2024q2pressrelease.htm | RXO earnings release (Ex.99.1) for Q2/24, T4 (AEBITDA: Reconciliation of Net Income (Loss) to A; row 'Transaction and integration costs'), column Qprior",
adjebitda_transaction_integration,Q3/23,2,USD m,"https://www.sec.gov/Archives/edgar/data/1929561/000192956124000123/rxo2024q3pressrelease.htm | RXO earnings release (Ex.99.1) for Q3/24, T4 (AEBITDA: Reconciliation of Net Income (Loss) to A; row 'Transaction and integration costs'), column Qprior",
adjebitda_transaction_integration,Q4/23,0,USD m,"https://www.sec.gov/Archives/edgar/data/1929561/000192956125000029/rxoq42024pressrelease.htm | RXO earnings release (Ex.99.1) for Q4/24, T4 (AEBITDA: Reconciliation of Net Income (Loss) to A; row 'Transaction and integration costs'), column Qprior",
adjebitda_transaction_integration,FY2023,12,USD m,"https://www.sec.gov/Archives/edgar/data/1929561/000192956125000029/rxoq42024pressrelease.htm | RXO earnings release (Ex.99.1) for Q4/24, T4 (AEBITDA: Reconciliation of Net Income (Loss) to A; row 'Transaction and integration costs'), column YTDprior",
adjebitda_transaction_integration,Q1/24,1,USD m,"https://www.sec.gov/Archives/edgar/data/1929561/000192956125000078/rxo2025q1pressrelease.htm | RXO earnings release (Ex.99.1) for Q1/25, T4 (AEBITDA: Reconciliation of Net Loss to Adjusted E; row 'Transaction and integration costs'), column Qprior",
adjebitda_transaction_integration,Q2/24,7,USD m,"https://www.sec.gov/Archives/edgar/data/1929561/000192956125000096/rxo2025q2pressrelease.htm | RXO earnings release (Ex.99.1) for Q2/25, T4 (AEBITDA: Reconciliation of Net Loss to Adjusted E; row 'Transaction and integration costs'), column Qprior",
adjebitda_transaction_integration,Q3/24,30,USD m,"https://www.sec.gov/Archives/edgar/data/1929561/000192956125000110/rxo2025q3pressrelease.htm | RXO earnings release (Ex.99.1) for Q3/25, T4 (AEBITDA: Reconciliation of Net Loss to Adjusted E; row 'Transaction and integration costs'), column Qprior",
adjebitda_transaction_integration,Q4/24,15,USD m,"https://www.sec.gov/Archives/edgar/data/1929561/000192956126000006/rxoq42025pressrelease.htm | RXO earnings release (Ex.99.1) for Q4/25, T4 (AEBITDA: Reconciliation of Net Loss to Adjusted E; row 'Transaction and integration costs'), column Qprior",
adjebitda_transaction_integration,FY2024,53,USD m,"https://www.sec.gov/Archives/edgar/data/1929561/000192956126000006/rxoq42025pressrelease.htm | RXO earnings release (Ex.99.1) for Q4/25, T4 (AEBITDA: Reconciliation of Net Loss to Adjusted E; row 'Transaction and integration costs'), column YTDprior",
adjebitda_transaction_integration,Q1/25,6,USD m,"https://www.sec.gov/Archives/edgar/data/1929561/000192956126000023/rxo2026q1pressrelease.htm | RXO earnings release (Ex.99.1) for Q1/26, T4 (AEBITDA: Reconciliation of Net Loss to Adjusted E; row 'Transaction and integration costs'), column Qprior",
adjebitda_transaction_integration,Q2/25,7,USD m,"https://www.sec.gov/Archives/edgar/data/1929561/000192956126000033/rxo2026q2pressrelease.htm | RXO earnings release (Ex.99.1) for Q2/26, T4 (AEBITDA: Reconciliation of Net Loss to Adjusted E; row 'Transaction and integration costs'), column Qprior",
adjebitda_transaction_integration,Q3/25,5,USD m,"https://www.sec.gov/Archives/edgar/data/1929561/000192956125000110/rxo2025q3pressrelease.htm | RXO earnings release (Ex.99.1) for Q3/25, T4 (AEBITDA: Reconciliation of Net Loss to Adjusted E; row 'Transaction and integration costs'), column Qcur",
adjebitda_transaction_integration,Q4/25,4,USD m,"https://www.sec.gov/Archives/edgar/data/1929561/000192956126000006/rxoq42025pressrelease.htm | RXO earnings release (Ex.99.1) for Q4/25, T4 (AEBITDA: Reconciliation of Net Loss to Adjusted E; row 'Transaction and integration costs'), column Qcur",
adjebitda_transaction_integration,FY2025,22,USD m,"https://www.sec.gov/Archives/edgar/data/1929561/000192956126000006/rxoq42025pressrelease.htm | RXO earnings release (Ex.99.1) for Q4/25, T4 (AEBITDA: Reconciliation of Net Loss to Adjusted E; row 'Transaction and integration costs'), column YTDcur",
adjebitda_transaction_integration,Q1/26,2,USD m,"https://www.sec.gov/Archives/edgar/data/1929561/000192956126000023/rxo2026q1pressrelease.htm | RXO earnings release (Ex.99.1) for Q1/26, T4 (AEBITDA: Reconciliation of Net Loss to Adjusted E; row 'Transaction and integration costs'), column Qcur",
adjebitda_transaction_integration,Q2/26,4,USD m,"https://www.sec.gov/Archives/edgar/data/1929561/000192956126000033/rxo2026q2pressrelease.htm | RXO earnings release (Ex.99.1) for Q2/26, T4 (AEBITDA: Reconciliation of Net Loss to Adjusted E; row 'Transaction and integration costs'), column Qcur",
adjebitda_transaction_integration,LTM_Q2/26,15,USD m,Derived: sum of Q3/25+Q4/25+Q1/26+Q2/26 three-month figures,LTM to 30-Jun-2026
adjebitda_transaction_integration,LTM_Q2/25,58,USD m,Derived: sum of Q3/24..Q2/25 three-month figures,LTM to 30-Jun-2025
adjeps_amort_intangibles,FY2021,24,USD m,"https://www.sec.gov/Archives/edgar/data/1929561/000192956123000023/rxoq42022pressrelease.htm | RXO earnings release (Ex.99.1) for Q4/22, T5 (AEPS: Reconciliation of Net Income (Loss) to A; row 'Amortization of intangible assets'), column YTDprior",
adjeps_amort_intangibles,Q1/22,5,USD m,"https://www.sec.gov/Archives/edgar/data/1929561/000192956123000054/rxoq12023pressrelease.htm | RXO earnings release (Ex.99.1) for Q1/23, T5 (AEPS: Reconciliation of Net Income to Adjusted; row 'Amortization of intangible assets'), column Qprior",
adjeps_amort_intangibles,Q2/22,5,USD m,"https://www.sec.gov/Archives/edgar/data/1929561/000192956123000069/rxo2023q2pressrelease.htm | RXO earnings release (Ex.99.1) for Q2/23, T5 (AEPS: Reconciliation of Net Income to Adjusted; row 'Amortization of intangible assets'), column Qprior",
adjeps_amort_intangibles,Q3/22,5,USD m,"https://www.sec.gov/Archives/edgar/data/1929561/000192956123000090/rxo2023q3pressrelease.htm | RXO earnings release (Ex.99.1) for Q3/23, T5 (AEPS: Reconciliation of Net Income (Loss) to A; row 'Amortization of intangible assets'), column Qprior",
adjeps_amort_intangibles,Q4/22,5,USD m,"https://www.sec.gov/Archives/edgar/data/1929561/000192956124000025/rxoq42023pressrelease.htm | RXO earnings release (Ex.99.1) for Q4/23, T5 (AEPS: Reconciliation of Net Income (Loss) to A; row 'Amortization of intangible assets'), column Qprior",
adjeps_amort_intangibles,FY2022,21,USD m,"https://www.sec.gov/Archives/edgar/data/1929561/000192956124000025/rxoq42023pressrelease.htm | RXO earnings release (Ex.99.1) for Q4/23, T5 (AEPS: Reconciliation of Net Income (Loss) to A; row 'Amortization of intangible assets'), column YTDprior",
adjeps_amort_intangibles,Q1/23,3,USD m,"https://www.sec.gov/Archives/edgar/data/1929561/000192956124000075/rxo2024q1pressrelease.htm | RXO earnings release (Ex.99.1) for Q1/24, T5 (AEPS: Reconciliation of Net Income (Loss) to A; row 'Amortization of intangible assets'), column Qprior",
adjeps_amort_intangibles,Q2/23,3,USD m,"https://www.sec.gov/Archives/edgar/data/1929561/000192956124000098/rxo2024q2pressrelease.htm | RXO earnings release (Ex.99.1) for Q2/24, T5 (AEPS: Reconciliation of Net Income (Loss) to A; row 'Amortization of intangible assets'), column Qprior",
adjeps_amort_intangibles,Q3/23,4,USD m,"https://www.sec.gov/Archives/edgar/data/1929561/000192956124000123/rxo2024q3pressrelease.htm | RXO earnings release (Ex.99.1) for Q3/24, T5 (AEPS: Reconciliation of Net Income (Loss) to A; row 'Amortization of intangible assets'), column Qprior",
adjeps_amort_intangibles,Q4/23,3,USD m,"https://www.sec.gov/Archives/edgar/data/1929561/000192956125000029/rxoq42024pressrelease.htm | RXO earnings release (Ex.99.1) for Q4/24, T5 (AEPS: Reconciliation of Net Income (Loss) to A; row 'Amortization of intangible assets'), column Qprior",
adjeps_amort_intangibles,FY2023,13,USD m,"https://www.sec.gov/Archives/edgar/data/1929561/000192956125000029/rxoq42024pressrelease.htm | RXO earnings release (Ex.99.1) for Q4/24, T5 (AEPS: Reconciliation of Net Income (Loss) to A; row 'Amortization of intangible assets'), column YTDprior",
adjeps_amort_intangibles,Q1/24,3,USD m,"https://www.sec.gov/Archives/edgar/data/1929561/000192956125000078/rxo2025q1pressrelease.htm | RXO earnings release (Ex.99.1) for Q1/25, T5 (AEPS: Reconciliation of Net Loss to Adjusted N; row 'Amortization of intangible assets'), column Qprior",
adjeps_amort_intangibles,Q2/24,3,USD m,"https://www.sec.gov/Archives/edgar/data/1929561/000192956125000096/rxo2025q2pressrelease.htm | RXO earnings release (Ex.99.1) for Q2/25, T5 (AEPS: Reconciliation of Net Loss to Adjusted N; row 'Amortization of intangible assets'), column Qprior",
adjeps_amort_intangibles,Q3/24,5,USD m,"https://www.sec.gov/Archives/edgar/data/1929561/000192956125000110/rxo2025q3pressrelease.htm | RXO earnings release (Ex.99.1) for Q3/25, T5 (AEPS: Reconciliation of Net Loss to Adjusted N; row 'Amortization of intangible assets'), column Qprior",
adjeps_amort_intangibles,Q4/24,17,USD m,"https://www.sec.gov/Archives/edgar/data/1929561/000192956126000006/rxoq42025pressrelease.htm | RXO earnings release (Ex.99.1) for Q4/25, T5 (AEPS: Reconciliation of Net Loss to Adjusted N; row 'Amortization of intangible assets'), column Qprior",
adjeps_amort_intangibles,FY2024,28,USD m,"https://www.sec.gov/Archives/edgar/data/1929561/000192956126000006/rxoq42025pressrelease.htm | RXO earnings release (Ex.99.1) for Q4/25, T5 (AEPS: Reconciliation of Net Loss to Adjusted N; row 'Amortization of intangible assets'), column YTDprior",
adjeps_amort_intangibles,Q1/25,15,USD m,"https://www.sec.gov/Archives/edgar/data/1929561/000192956126000023/rxo2026q1pressrelease.htm | RXO earnings release (Ex.99.1) for Q1/26, T5 (AEPS: Reconciliation of Net Loss to Adjusted N; row 'Amortization of intangible assets'), column Qprior",
adjeps_amort_intangibles,Q2/25,11,USD m,"https://www.sec.gov/Archives/edgar/data/1929561/000192956126000033/rxo2026q2pressrelease.htm | RXO earnings release (Ex.99.1) for Q2/26, T5 (AEPS: Reconciliation of Net Loss to Adjusted N; row 'Amortization of intangible assets'), column Qprior",
adjeps_amort_intangibles,Q3/25,10,USD m,"https://www.sec.gov/Archives/edgar/data/1929561/000192956125000110/rxo2025q3pressrelease.htm | RXO earnings release (Ex.99.1) for Q3/25, T5 (AEPS: Reconciliation of Net Loss to Adjusted N; row 'Amortization of intangible assets'), column Qcur",
adjeps_amort_intangibles,Q4/25,11,USD m,"https://www.sec.gov/Archives/edgar/data/1929561/000192956126000006/rxoq42025pressrelease.htm | RXO earnings release (Ex.99.1) for Q4/25, T5 (AEPS: Reconciliation of Net Loss to Adjusted N; row 'Amortization of intangible assets'), column Qcur",
adjeps_amort_intangibles,FY2025,47,USD m,"https://www.sec.gov/Archives/edgar/data/1929561/000192956126000006/rxoq42025pressrelease.htm | RXO earnings release (Ex.99.1) for Q4/25, T5 (AEPS: Reconciliation of Net Loss to Adjusted N; row 'Amortization of intangible assets'), column YTDcur",
adjeps_amort_intangibles,Q1/26,10,USD m,"https://www.sec.gov/Archives/edgar/data/1929561/000192956126000023/rxo2026q1pressrelease.htm | RXO earnings release (Ex.99.1) for Q1/26, T5 (AEPS: Reconciliation of Net Loss to Adjusted N; row 'Amortization of intangible assets'), column Qcur",
adjeps_amort_intangibles,Q2/26,11,USD m,"https://www.sec.gov/Archives/edgar/data/1929561/000192956126000033/rxo2026q2pressrelease.htm | RXO earnings release (Ex.99.1) for Q2/26, T5 (AEPS: Reconciliation of Net Loss to Adjusted N; row 'Amortization of intangible assets'), column Qcur",
adjeps_amort_intangibles,LTM_Q2/26,42,USD m,Derived: sum of Q3/25+Q4/25+Q1/26+Q2/26 three-month figures,LTM to 30-Jun-2026
adjeps_amort_intangibles,LTM_Q2/25,48,USD m,Derived: sum of Q3/24..Q2/25 three-month figures,LTM to 30-Jun-2025
adjeps_debt_extinguishment,Q1/25,0,USD m,"https://www.sec.gov/Archives/edgar/data/1929561/000192956126000023/rxo2026q1pressrelease.htm | RXO earnings release (Ex.99.1) for Q1/26, T5 (AEPS: Reconciliation of Net Loss to Adjusted N; row 'Debt extinguishment loss'), column Qprior",
adjeps_debt_extinguishment,Q2/25,0,USD m,"https://www.sec.gov/Archives/edgar/data/1929561/000192956126000033/rxo2026q2pressrelease.htm | RXO earnings release (Ex.99.1) for Q2/26, T5 (AEPS: Reconciliation of Net Loss to Adjusted N; row 'Debt extinguishment loss'), column Qprior",
adjeps_debt_extinguishment,Q1/26,11,USD m,"https://www.sec.gov/Archives/edgar/data/1929561/000192956126000023/rxo2026q1pressrelease.htm | RXO earnings release (Ex.99.1) for Q1/26, T5 (AEPS: Reconciliation of Net Loss to Adjusted N; row 'Debt extinguishment loss'), column Qcur",
adjeps_debt_extinguishment,Q2/26,0,USD m,"https://www.sec.gov/Archives/edgar/data/1929561/000192956126000033/rxo2026q2pressrelease.htm | RXO earnings release (Ex.99.1) for Q2/26, T5 (AEPS: Reconciliation of Net Loss to Adjusted N; row 'Debt extinguishment loss'), column Qcur",
adjeps_diluted_shares,FY2021,115.163,shares m,"https://www.sec.gov/Archives/edgar/data/1929561/000192956123000023/rxoq42022pressrelease.htm | RXO earnings release (Ex.99.1) for Q4/22, T5 (AEPS: Weighted-average shares outstanding; row 'Diluted weighted-average shares outstanding'), column YTDprior",
adjeps_diluted_shares,Q1/22,115.163,shares m,"https://www.sec.gov/Archives/edgar/data/1929561/000192956123000054/rxoq12023pressrelease.htm | RXO earnings release (Ex.99.1) for Q1/23, T5 (AEPS: Weighted-average shares outstanding; row 'Diluted weighted-average shares outstanding'), column Qprior",
adjeps_diluted_shares,Q2/22,115.163,shares m,"https://www.sec.gov/Archives/edgar/data/1929561/000192956123000069/rxo2023q2pressrelease.htm | RXO earnings release (Ex.99.1) for Q2/23, T5 (AEPS: Weighted-average shares outstanding; row 'Diluted weighted-average shares outstanding'), column Qprior",
adjeps_diluted_shares,Q3/22,115.163,shares m,"https://www.sec.gov/Archives/edgar/data/1929561/000192956123000090/rxo2023q3pressrelease.htm | RXO earnings release (Ex.99.1) for Q3/23, T5 (AEPS: Weighted-average shares outstanding; row 'Diluted weighted-average shares outstanding'), column Qprior",
adjeps_diluted_shares,Q4/22,117.671,shares m,"https://www.sec.gov/Archives/edgar/data/1929561/000192956124000025/rxoq42023pressrelease.htm | RXO earnings release (Ex.99.1) for Q4/23, T5 (AEPS: Weighted-average shares outstanding; row 'Diluted weighted-average shares outstanding'), column Qprior",
adjeps_diluted_shares,FY2022,115.791,shares m,"https://www.sec.gov/Archives/edgar/data/1929561/000192956124000025/rxoq42023pressrelease.htm | RXO earnings release (Ex.99.1) for Q4/23, T5 (AEPS: Weighted-average shares outstanding; row 'Diluted weighted-average shares outstanding'), column YTDprior",
adjeps_diluted_shares,Q1/23,119.369,shares m,"https://www.sec.gov/Archives/edgar/data/1929561/000192956124000075/rxo2024q1pressrelease.htm | RXO earnings release (Ex.99.1) for Q1/24, T5 (AEPS: Weighted-average shares outstanding; row 'Diluted weighted-average shares outstanding'), column Qprior",
adjeps_diluted_shares,Q2/23,119.457,shares m,"https://www.sec.gov/Archives/edgar/data/1929561/000192956124000098/rxo2024q2pressrelease.htm | RXO earnings release (Ex.99.1) for Q2/24, T5 (AEPS: Weighted-average shares outstanding; row 'Diluted weighted-average shares outstanding'), column Qprior",
adjeps_diluted_shares,Q3/23,119.416,shares m,"https://www.sec.gov/Archives/edgar/data/1929561/000192956124000123/rxo2024q3pressrelease.htm | RXO earnings release (Ex.99.1) for Q3/24, T5 (AEPS: Weighted-average shares outstanding; row 'Diluted'), column Qprior",
adjeps_diluted_shares,Q4/23,119.575,shares m,"https://www.sec.gov/Archives/edgar/data/1929561/000192956125000029/rxoq42024pressrelease.htm | RXO earnings release (Ex.99.1) for Q4/24, T5 (AEPS: Weighted-average shares outstanding; row 'Diluted'), column Qprior",
adjeps_diluted_shares,FY2023,119.456,shares m,"https://www.sec.gov/Archives/edgar/data/1929561/000192956125000029/rxoq42024pressrelease.htm | RXO earnings release (Ex.99.1) for Q4/24, T5 (AEPS: Weighted-average shares outstanding; row 'Diluted'), column YTDprior",
adjeps_diluted_shares,Q1/24,117.217,shares m,"https://www.sec.gov/Archives/edgar/data/1929561/000192956125000078/rxo2025q1pressrelease.htm | RXO earnings release (Ex.99.1) for Q1/25, T5 (AEPS: Weighted-average shares outstanding; row 'Diluted'), column Qprior",
adjeps_diluted_shares,Q2/24,119.837,shares m,"https://www.sec.gov/Archives/edgar/data/1929561/000192956125000096/rxo2025q2pressrelease.htm | RXO earnings release (Ex.99.1) for Q2/25, T5 (AEPS: Weighted-average shares outstanding; row 'Diluted'), column Qprior",
adjeps_diluted_shares,Q3/24,136.968,shares m,"https://www.sec.gov/Archives/edgar/data/1929561/000192956125000110/rxo2025q3pressrelease.htm | RXO earnings release (Ex.99.1) for Q3/25, T5 (AEPS: Weighted-average common shares outstandi; row 'Diluted'), column Qprior",
adjeps_diluted_shares,Q4/24,169.885,shares m,"https://www.sec.gov/Archives/edgar/data/1929561/000192956126000006/rxoq42025pressrelease.htm | RXO earnings release (Ex.99.1) for Q4/25, T5 (AEPS: Weighted-average shares outstanding; row 'Diluted'), column Qprior",
adjeps_diluted_shares,FY2024,136.684,shares m,"https://www.sec.gov/Archives/edgar/data/1929561/000192956126000006/rxoq42025pressrelease.htm | RXO earnings release (Ex.99.1) for Q4/25, T5 (AEPS: Weighted-average shares outstanding; row 'Diluted'), column YTDprior",
adjeps_diluted_shares,Q1/25,168.023,shares m,"https://www.sec.gov/Archives/edgar/data/1929561/000192956126000023/rxo2026q1pressrelease.htm | RXO earnings release (Ex.99.1) for Q1/26, T5 (AEPS: Weighted-average common shares outstandi; row 'Diluted'), column Qprior",
adjeps_diluted_shares,Q2/25,169.077,shares m,"https://www.sec.gov/Archives/edgar/data/1929561/000192956126000033/rxo2026q2pressrelease.htm | RXO earnings release (Ex.99.1) for Q2/26, T5 (AEPS: Weighted-average common shares outstandi; row 'Diluted'), column Qprior",
adjeps_diluted_shares,Q3/25,169.265,shares m,"https://www.sec.gov/Archives/edgar/data/1929561/000192956125000110/rxo2025q3pressrelease.htm | RXO earnings release (Ex.99.1) for Q3/25, T5 (AEPS: Weighted-average common shares outstandi; row 'Diluted'), column Qcur",
adjeps_diluted_shares,Q4/25,168.715,shares m,"https://www.sec.gov/Archives/edgar/data/1929561/000192956126000006/rxoq42025pressrelease.htm | RXO earnings release (Ex.99.1) for Q4/25, T5 (AEPS: Weighted-average shares outstanding; row 'Diluted'), column Qcur",
adjeps_diluted_shares,FY2025,168.462,shares m,"https://www.sec.gov/Archives/edgar/data/1929561/000192956126000006/rxoq42025pressrelease.htm | RXO earnings release (Ex.99.1) for Q4/25, T5 (AEPS: Weighted-average shares outstanding; row 'Diluted'), column YTDcur",
adjeps_diluted_shares,Q1/26,169.104,shares m,"https://www.sec.gov/Archives/edgar/data/1929561/000192956126000023/rxo2026q1pressrelease.htm | RXO earnings release (Ex.99.1) for Q1/26, T5 (AEPS: Weighted-average common shares outstandi; row 'Diluted'), column Qcur",
adjeps_diluted_shares,Q2/26,171.743,shares m,"https://www.sec.gov/Archives/edgar/data/1929561/000192956126000033/rxo2026q2pressrelease.htm | RXO earnings release (Ex.99.1) for Q2/26, T5 (AEPS: Weighted-average common shares outstandi; row 'Diluted'), column Qcur",
adjeps_discrete_tax,Q4/23,0,USD m,"https://www.sec.gov/Archives/edgar/data/1929561/000192956125000029/rxoq42024pressrelease.htm | RXO earnings release (Ex.99.1) for Q4/24, T5 (AEPS: Reconciliation of Net Income (Loss) to A; row 'Discrete tax item'), column Qprior",
adjeps_discrete_tax,FY2023,0,USD m,"https://www.sec.gov/Archives/edgar/data/1929561/000192956125000029/rxoq42024pressrelease.htm | RXO earnings release (Ex.99.1) for Q4/24, T5 (AEPS: Reconciliation of Net Income (Loss) to A; row 'Discrete tax item'), column YTDprior",
adjeps_discrete_tax,Q4/24,0,USD m,"https://www.sec.gov/Archives/edgar/data/1929561/000192956126000006/rxoq42025pressrelease.htm | RXO earnings release (Ex.99.1) for Q4/25, T5 (AEPS: Reconciliation of Net Loss to Adjusted N; row 'Net loss'), column Qprior","Set to 0 on latest basis: Q4/24 release showed (5) discrete tax item, but the FY2024 10-K revised GAAP tax/net income by $5m (NI Q4/24 -20 -> -25; FY2024 -285 -> -290) and later releases drop the line; adjusted NI unchanged at 10 (Q4/24) and 17 (FY2024)"
adjeps_discrete_tax,FY2024,0,USD m,"https://www.sec.gov/Archives/edgar/data/1929561/000192956126000006/rxoq42025pressrelease.htm | RXO earnings release (Ex.99.1) for Q4/25, T5 (AEPS: Reconciliation of Net Loss to Adjusted N; row 'Net loss'), column YTDprior","Set to 0 on latest basis: Q4/24 release showed (5) discrete tax item, but the FY2024 10-K revised GAAP tax/net income by $5m (NI Q4/24 -20 -> -25; FY2024 -285 -> -290) and later releases drop the line; adjusted NI unchanged at 10 (Q4/24) and 17 (FY2024)"
adjeps_discrete_tax,Q1/25,0,USD m,"https://www.sec.gov/Archives/edgar/data/1929561/000192956126000023/rxo2026q1pressrelease.htm | RXO earnings release (Ex.99.1) for Q1/26, T5 (AEPS: Reconciliation of Net Loss to Adjusted N; row 'Discrete tax item'), column Qprior",
adjeps_discrete_tax,Q2/25,0,USD m,"https://www.sec.gov/Archives/edgar/data/1929561/000192956126000033/rxo2026q2pressrelease.htm | RXO earnings release (Ex.99.1) for Q2/26, T5 (AEPS: Reconciliation of Net Loss to Adjusted N; row 'Discrete tax item'), column Qprior",
adjeps_discrete_tax,Q1/26,-3,USD m,"https://www.sec.gov/Archives/edgar/data/1929561/000192956126000023/rxo2026q1pressrelease.htm | RXO earnings release (Ex.99.1) for Q1/26, T5 (AEPS: Reconciliation of Net Loss to Adjusted N; row 'Discrete tax item'), column Qcur",
adjeps_discrete_tax,Q2/26,0,USD m,"https://www.sec.gov/Archives/edgar/data/1929561/000192956126000033/rxo2026q2pressrelease.htm | RXO earnings release (Ex.99.1) for Q2/26, T5 (AEPS: Reconciliation of Net Loss to Adjusted N; row 'Discrete tax item'), column Qcur",
adjeps_goodwill_impairment,Q4/24,0,USD m,"https://www.sec.gov/Archives/edgar/data/1929561/000192956126000006/rxoq42025pressrelease.htm | RXO earnings release (Ex.99.1) for Q4/25, T5 (AEPS: Reconciliation of Net Loss to Adjusted N; row 'Goodwill impairment'), column Qprior",
adjeps_goodwill_impairment,FY2024,0,USD m,"https://www.sec.gov/Archives/edgar/data/1929561/000192956126000006/rxoq42025pressrelease.htm | RXO earnings release (Ex.99.1) for Q4/25, T5 (AEPS: Reconciliation of Net Loss to Adjusted N; row 'Goodwill impairment'), column YTDprior",
adjeps_goodwill_impairment,Q4/25,12,USD m,"https://www.sec.gov/Archives/edgar/data/1929561/000192956126000006/rxoq42025pressrelease.htm | RXO earnings release (Ex.99.1) for Q4/25, T5 (AEPS: Reconciliation of Net Loss to Adjusted N; row 'Goodwill impairment'), column Qcur",
adjeps_goodwill_impairment,FY2025,12,USD m,"https://www.sec.gov/Archives/edgar/data/1929561/000192956126000006/rxoq42025pressrelease.htm | RXO earnings release (Ex.99.1) for Q4/25, T5 (AEPS: Reconciliation of Net Loss to Adjusted N; row 'Goodwill impairment'), column YTDcur",
adjeps_net_income,FY2021,150,USD m,"https://www.sec.gov/Archives/edgar/data/1929561/000192956123000023/rxoq42022pressrelease.htm | RXO earnings release (Ex.99.1) for Q4/22, T5 (AEPS: Reconciliation of Net Income (Loss) to A; row 'Net income (loss)'), column YTDprior",
adjeps_net_income,Q1/22,39,USD m,"https://www.sec.gov/Archives/edgar/data/1929561/000192956123000054/rxoq12023pressrelease.htm | RXO earnings release (Ex.99.1) for Q1/23, T5 (AEPS: Reconciliation of Net Income to Adjusted; row 'Net income'), column Qprior",
adjeps_net_income,Q2/22,44,USD m,"https://www.sec.gov/Archives/edgar/data/1929561/000192956123000069/rxo2023q2pressrelease.htm | RXO earnings release (Ex.99.1) for Q2/23, T5 (AEPS: Reconciliation of Net Income to Adjusted; row 'Net income'), column Qprior",
adjeps_net_income,Q3/22,13,USD m,"https://www.sec.gov/Archives/edgar/data/1929561/000192956123000090/rxo2023q3pressrelease.htm | RXO earnings release (Ex.99.1) for Q3/23, T5 (AEPS: Reconciliation of Net Income (Loss) to A; row 'Net income (loss)'), column Qprior",
adjeps_net_income,Q4/22,-4,USD m,"https://www.sec.gov/Archives/edgar/data/1929561/000192956124000025/rxoq42023pressrelease.htm | RXO earnings release (Ex.99.1) for Q4/23, T5 (AEPS: Reconciliation of Net Income (Loss) to A; row 'Net income (loss)'), column Qprior",
adjeps_net_income,FY2022,92,USD m,"https://www.sec.gov/Archives/edgar/data/1929561/000192956124000025/rxoq42023pressrelease.htm | RXO earnings release (Ex.99.1) for Q4/23, T5 (AEPS: Reconciliation of Net Income (Loss) to A; row 'Net income (loss)'), column YTDprior",
adjeps_net_income,Q1/23,0,USD m,"https://www.sec.gov/Archives/edgar/data/1929561/000192956124000075/rxo2024q1pressrelease.htm | RXO earnings release (Ex.99.1) for Q1/24, T5 (AEPS: Reconciliation of Net Income (Loss) to A; row 'Net income (loss)'), column Qprior",
adjeps_net_income,Q2/23,3,USD m,"https://www.sec.gov/Archives/edgar/data/1929561/000192956124000098/rxo2024q2pressrelease.htm | RXO earnings release (Ex.99.1) for Q2/24, T5 (AEPS: Reconciliation of Net Income (Loss) to A; row 'Net income (loss)'), column Qprior",
adjeps_net_income,Q3/23,-1,USD m,"https://www.sec.gov/Archives/edgar/data/1929561/000192956124000123/rxo2024q3pressrelease.htm | RXO earnings release (Ex.99.1) for Q3/24, T5 (AEPS: Reconciliation of Net Income (Loss) to A; row 'Net income (loss)'), column Qprior",
adjeps_net_income,Q4/23,2,USD m,"https://www.sec.gov/Archives/edgar/data/1929561/000192956125000029/rxoq42024pressrelease.htm | RXO earnings release (Ex.99.1) for Q4/24, T5 (AEPS: Reconciliation of Net Income (Loss) to A; row 'Net income (loss)'), column Qprior",
adjeps_net_income,FY2023,4,USD m,"https://www.sec.gov/Archives/edgar/data/1929561/000192956125000029/rxoq42024pressrelease.htm | RXO earnings release (Ex.99.1) for Q4/24, T5 (AEPS: Reconciliation of Net Income (Loss) to A; row 'Net income (loss)'), column YTDprior",
adjeps_net_income,Q1/24,-15,USD m,"https://www.sec.gov/Archives/edgar/data/1929561/000192956125000078/rxo2025q1pressrelease.htm | RXO earnings release (Ex.99.1) for Q1/25, T5 (AEPS: Reconciliation of Net Loss to Adjusted N; row 'Net loss'), column Qprior",
adjeps_net_income,Q2/24,-7,USD m,"https://www.sec.gov/Archives/edgar/data/1929561/000192956125000096/rxo2025q2pressrelease.htm | RXO earnings release (Ex.99.1) for Q2/25, T5 (AEPS: Reconciliation of Net Loss to Adjusted N; row 'Net loss'), column Qprior",
adjeps_net_income,Q3/24,-243,USD m,"https://www.sec.gov/Archives/edgar/data/1929561/000192956125000110/rxo2025q3pressrelease.htm | RXO earnings release (Ex.99.1) for Q3/25, T5 (AEPS: Reconciliation of Net Loss to Adjusted N; row 'Net loss'), column Qprior",
adjeps_net_income,Q4/24,-25,USD m,"https://www.sec.gov/Archives/edgar/data/1929561/000192956126000006/rxoq42025pressrelease.htm | RXO earnings release (Ex.99.1) for Q4/25, T5 (AEPS: Reconciliation of Net Loss to Adjusted N; row 'Net loss'), column Qprior",Latest-filed value used (release Q4/25); originally reported -20 in Q4/24 release
adjeps_net_income,FY2024,-290,USD m,"https://www.sec.gov/Archives/edgar/data/1929561/000192956126000006/rxoq42025pressrelease.htm | RXO earnings release (Ex.99.1) for Q4/25, T5 (AEPS: Reconciliation of Net Loss to Adjusted N; row 'Net loss'), column YTDprior",Latest-filed value used (release Q4/25); originally reported -285 in Q4/24 release
adjeps_net_income,Q1/25,-31,USD m,"https://www.sec.gov/Archives/edgar/data/1929561/000192956126000023/rxo2026q1pressrelease.htm | RXO earnings release (Ex.99.1) for Q1/26, T5 (AEPS: Reconciliation of Net Loss to Adjusted N; row 'Net loss'), column Qprior",
adjeps_net_income,Q2/25,-9,USD m,"https://www.sec.gov/Archives/edgar/data/1929561/000192956126000033/rxo2026q2pressrelease.htm | RXO earnings release (Ex.99.1) for Q2/26, T5 (AEPS: Reconciliation of Net Loss to Adjusted N; row 'Net loss'), column Qprior",
adjeps_net_income,Q3/25,-14,USD m,"https://www.sec.gov/Archives/edgar/data/1929561/000192956125000110/rxo2025q3pressrelease.htm | RXO earnings release (Ex.99.1) for Q3/25, T5 (AEPS: Reconciliation of Net Loss to Adjusted N; row 'Net loss'), column Qcur",
adjeps_net_income,Q4/25,-46,USD m,"https://www.sec.gov/Archives/edgar/data/1929561/000192956126000006/rxoq42025pressrelease.htm | RXO earnings release (Ex.99.1) for Q4/25, T5 (AEPS: Reconciliation of Net Loss to Adjusted N; row 'Net loss'), column Qcur",
adjeps_net_income,FY2025,-100,USD m,"https://www.sec.gov/Archives/edgar/data/1929561/000192956126000006/rxoq42025pressrelease.htm | RXO earnings release (Ex.99.1) for Q4/25, T5 (AEPS: Reconciliation of Net Loss to Adjusted N; row 'Net loss'), column YTDcur",
adjeps_net_income,Q1/26,-36,USD m,"https://www.sec.gov/Archives/edgar/data/1929561/000192956126000023/rxo2026q1pressrelease.htm | RXO earnings release (Ex.99.1) for Q1/26, T5 (AEPS: Reconciliation of Net Loss to Adjusted N; row 'Net loss'), column Qcur",
adjeps_net_income,Q2/26,-9,USD m,"https://www.sec.gov/Archives/edgar/data/1929561/000192956126000033/rxo2026q2pressrelease.htm | RXO earnings release (Ex.99.1) for Q2/26, T5 (AEPS: Reconciliation of Net Loss to Adjusted N; row 'Net loss'), column Qcur",
adjeps_restructuring_other,FY2021,2,USD m,"https://www.sec.gov/Archives/edgar/data/1929561/000192956123000023/rxoq42022pressrelease.htm | RXO earnings release (Ex.99.1) for Q4/22, T5 (AEPS: Reconciliation of Net Income (Loss) to A; row 'Restructuring costs'), column YTDprior",
adjeps_restructuring_other,Q1/22,0,USD m,"https://www.sec.gov/Archives/edgar/data/1929561/000192956123000054/rxoq12023pressrelease.htm | RXO earnings release (Ex.99.1) for Q1/23, T5 (AEPS: Reconciliation of Net Income to Adjusted; row 'Restructuring costs'), column Qprior",
adjeps_restructuring_other,Q2/22,3,USD m,"https://www.sec.gov/Archives/edgar/data/1929561/000192956123000069/rxo2023q2pressrelease.htm | RXO earnings release (Ex.99.1) for Q2/23, T5 (AEPS: Reconciliation of Net Income to Adjusted; row 'Restructuring and other costs'), column Qprior",
adjeps_restructuring_other,Q3/22,6,USD m,"https://www.sec.gov/Archives/edgar/data/1929561/000192956123000090/rxo2023q3pressrelease.htm | RXO earnings release (Ex.99.1) for Q3/23, T5 (AEPS: Reconciliation of Net Income (Loss) to A; row 'Restructuring and other costs'), column Qprior",
adjeps_restructuring_other,Q4/22,4,USD m,"https://www.sec.gov/Archives/edgar/data/1929561/000192956124000025/rxoq42023pressrelease.htm | RXO earnings release (Ex.99.1) for Q4/23, T5 (AEPS: Reconciliation of Net Income (Loss) to A; row 'Restructuring and other costs'), column Qprior",
adjeps_restructuring_other,FY2022,13,USD m,"https://www.sec.gov/Archives/edgar/data/1929561/000192956124000025/rxoq42023pressrelease.htm | RXO earnings release (Ex.99.1) for Q4/23, T5 (AEPS: Reconciliation of Net Income (Loss) to A; row 'Restructuring and other costs'), column YTDprior",
adjeps_restructuring_other,Q1/23,8,USD m,"https://www.sec.gov/Archives/edgar/data/1929561/000192956124000075/rxo2024q1pressrelease.htm | RXO earnings release (Ex.99.1) for Q1/24, T5 (AEPS: Reconciliation of Net Income (Loss) to A; row 'Restructuring costs'), column Qprior",
adjeps_restructuring_other,Q2/23,2,USD m,"https://www.sec.gov/Archives/edgar/data/1929561/000192956124000098/rxo2024q2pressrelease.htm | RXO earnings release (Ex.99.1) for Q2/24, T5 (AEPS: Reconciliation of Net Income (Loss) to A; row 'Restructuring and other costs'), column Qprior",
adjeps_restructuring_other,Q3/23,3,USD m,"https://www.sec.gov/Archives/edgar/data/1929561/000192956124000123/rxo2024q3pressrelease.htm | RXO earnings release (Ex.99.1) for Q3/24, T5 (AEPS: Reconciliation of Net Income (Loss) to A; row 'Restructuring and other costs'), column Qprior",
adjeps_restructuring_other,Q4/23,4,USD m,"https://www.sec.gov/Archives/edgar/data/1929561/000192956125000029/rxoq42024pressrelease.htm | RXO earnings release (Ex.99.1) for Q4/24, T5 (AEPS: Reconciliation of Net Income (Loss) to A; row 'Restructuring and other costs'), column Qprior",
adjeps_restructuring_other,FY2023,17,USD m,"https://www.sec.gov/Archives/edgar/data/1929561/000192956125000029/rxoq42024pressrelease.htm | RXO earnings release (Ex.99.1) for Q4/24, T5 (AEPS: Reconciliation of Net Income (Loss) to A; row 'Restructuring and other costs'), column YTDprior",
adjeps_restructuring_other,Q1/24,11,USD m,"https://www.sec.gov/Archives/edgar/data/1929561/000192956125000078/rxo2025q1pressrelease.htm | RXO earnings release (Ex.99.1) for Q1/25, T5 (AEPS: Reconciliation of Net Loss to Adjusted N; row 'Restructuring and other costs'), column Qprior",
adjeps_restructuring_other,Q2/24,4,USD m,"https://www.sec.gov/Archives/edgar/data/1929561/000192956125000096/rxo2025q2pressrelease.htm | RXO earnings release (Ex.99.1) for Q2/25, T5 (AEPS: Reconciliation of Net Loss to Adjusted N; row 'Restructuring and other costs'), column Qprior",
adjeps_restructuring_other,Q3/24,218,USD m,"https://www.sec.gov/Archives/edgar/data/1929561/000192956125000110/rxo2025q3pressrelease.htm | RXO earnings release (Ex.99.1) for Q3/25, T5 (AEPS: Reconciliation of Net Loss to Adjusted N; row 'Restructuring and other costs'), column Qprior",
adjeps_restructuring_other,Q4/24,19,USD m,"https://www.sec.gov/Archives/edgar/data/1929561/000192956126000006/rxoq42025pressrelease.htm | RXO earnings release (Ex.99.1) for Q4/25, T5 (AEPS: Reconciliation of Net Loss to Adjusted N; row 'Restructuring and other costs'), column Qprior",
adjeps_restructuring_other,FY2024,252,USD m,"https://www.sec.gov/Archives/edgar/data/1929561/000192956126000006/rxoq42025pressrelease.htm | RXO earnings release (Ex.99.1) for Q4/25, T5 (AEPS: Reconciliation of Net Loss to Adjusted N; row 'Restructuring and other costs'), column YTDprior",
adjeps_restructuring_other,Q1/25,14,USD m,"https://www.sec.gov/Archives/edgar/data/1929561/000192956126000023/rxo2026q1pressrelease.htm | RXO earnings release (Ex.99.1) for Q1/26, T5 (AEPS: Reconciliation of Net Loss to Adjusted N; row 'Restructuring and other costs'), column Qprior",
adjeps_restructuring_other,Q2/25,3,USD m,"https://www.sec.gov/Archives/edgar/data/1929561/000192956126000033/rxo2026q2pressrelease.htm | RXO earnings release (Ex.99.1) for Q2/26, T5 (AEPS: Reconciliation of Net Loss to Adjusted N; row 'Restructuring and other costs'), column Qprior",
adjeps_restructuring_other,Q3/25,7,USD m,"https://www.sec.gov/Archives/edgar/data/1929561/000192956125000110/rxo2025q3pressrelease.htm | RXO earnings release (Ex.99.1) for Q3/25, T5 (AEPS: Reconciliation of Net Loss to Adjusted N; row 'Restructuring and other costs'), column Qcur",
adjeps_restructuring_other,Q4/25,15,USD m,"https://www.sec.gov/Archives/edgar/data/1929561/000192956126000006/rxoq42025pressrelease.htm | RXO earnings release (Ex.99.1) for Q4/25, T5 (AEPS: Reconciliation of Net Loss to Adjusted N; row 'Restructuring and other costs'), column Qcur",
adjeps_restructuring_other,FY2025,39,USD m,"https://www.sec.gov/Archives/edgar/data/1929561/000192956126000006/rxoq42025pressrelease.htm | RXO earnings release (Ex.99.1) for Q4/25, T5 (AEPS: Reconciliation of Net Loss to Adjusted N; row 'Restructuring and other costs'), column YTDcur",
adjeps_restructuring_other,Q1/26,7,USD m,"https://www.sec.gov/Archives/edgar/data/1929561/000192956126000023/rxo2026q1pressrelease.htm | RXO earnings release (Ex.99.1) for Q1/26, T5 (AEPS: Reconciliation of Net Loss to Adjusted N; row 'Restructuring and other costs'), column Qcur",
adjeps_restructuring_other,Q2/26,9,USD m,"https://www.sec.gov/Archives/edgar/data/1929561/000192956126000033/rxo2026q2pressrelease.htm | RXO earnings release (Ex.99.1) for Q2/26, T5 (AEPS: Reconciliation of Net Loss to Adjusted N; row 'Restructuring and other costs'), column Qcur",
adjeps_tax_on_adjustments,FY2021,-8,USD m,"https://www.sec.gov/Archives/edgar/data/1929561/000192956123000023/rxoq42022pressrelease.htm | RXO earnings release (Ex.99.1) for Q4/22, T5 (AEPS: Reconciliation of Net Income (Loss) to A; row 'Income tax associated with adjustments above'), column YTDprior",
adjeps_tax_on_adjustments,Q1/22,-2,USD m,"https://www.sec.gov/Archives/edgar/data/1929561/000192956123000054/rxoq12023pressrelease.htm | RXO earnings release (Ex.99.1) for Q1/23, T5 (AEPS: Reconciliation of Net Income to Adjusted; row 'Income tax associated with adjustments above'), column Qprior",
adjeps_tax_on_adjustments,Q2/22,-6,USD m,"https://www.sec.gov/Archives/edgar/data/1929561/000192956123000069/rxo2023q2pressrelease.htm | RXO earnings release (Ex.99.1) for Q2/23, T5 (AEPS: Reconciliation of Net Income to Adjusted; row 'Income tax associated with adjustments above'), column Qprior",
adjeps_tax_on_adjustments,Q3/22,-8,USD m,"https://www.sec.gov/Archives/edgar/data/1929561/000192956123000090/rxo2023q3pressrelease.htm | RXO earnings release (Ex.99.1) for Q3/23, T5 (AEPS: Reconciliation of Net Income (Loss) to A; row 'Income tax associated with adjustments above'), column Qprior",
adjeps_tax_on_adjustments,Q4/22,-12,USD m,"https://www.sec.gov/Archives/edgar/data/1929561/000192956124000025/rxoq42023pressrelease.htm | RXO earnings release (Ex.99.1) for Q4/23, T5 (AEPS: Reconciliation of Net Income (Loss) to A; row 'Income tax associated with adjustments above'), column Qprior",
adjeps_tax_on_adjustments,FY2022,-29,USD m,"https://www.sec.gov/Archives/edgar/data/1929561/000192956124000025/rxoq42023pressrelease.htm | RXO earnings release (Ex.99.1) for Q4/23, T5 (AEPS: Reconciliation of Net Income (Loss) to A; row 'Income tax associated with adjustments above'), column YTDprior",
adjeps_tax_on_adjustments,Q1/23,-4,USD m,"https://www.sec.gov/Archives/edgar/data/1929561/000192956124000075/rxo2024q1pressrelease.htm | RXO earnings release (Ex.99.1) for Q1/24, T5 (AEPS: Reconciliation of Net Income (Loss) to A; row 'Income tax associated with adjustments above'), column Qprior",
adjeps_tax_on_adjustments,Q2/23,-2,USD m,"https://www.sec.gov/Archives/edgar/data/1929561/000192956124000098/rxo2024q2pressrelease.htm | RXO earnings release (Ex.99.1) for Q2/24, T5 (AEPS: Reconciliation of Net Income (Loss) to A; row 'Income tax associated with adjustments above'), column Qprior",
adjeps_tax_on_adjustments,Q3/23,-2,USD m,"https://www.sec.gov/Archives/edgar/data/1929561/000192956124000123/rxo2024q3pressrelease.htm | RXO earnings release (Ex.99.1) for Q3/24, T5 (AEPS: Reconciliation of Net Income (Loss) to A; row 'Income tax associated with adjustments above'), column Qprior",
adjeps_tax_on_adjustments,Q4/23,-2,USD m,"https://www.sec.gov/Archives/edgar/data/1929561/000192956125000029/rxoq42024pressrelease.htm | RXO earnings release (Ex.99.1) for Q4/24, T5 (AEPS: Reconciliation of Net Income (Loss) to A; row 'Income tax associated with adjustments above'), column Qprior",
adjeps_tax_on_adjustments,FY2023,-10,USD m,"https://www.sec.gov/Archives/edgar/data/1929561/000192956125000029/rxoq42024pressrelease.htm | RXO earnings release (Ex.99.1) for Q4/24, T5 (AEPS: Reconciliation of Net Income (Loss) to A; row 'Income tax associated with adjustments above'), column YTDprior",
adjeps_tax_on_adjustments,Q1/24,-4,USD m,"https://www.sec.gov/Archives/edgar/data/1929561/000192956125000078/rxo2025q1pressrelease.htm | RXO earnings release (Ex.99.1) for Q1/25, T5 (AEPS: Reconciliation of Net Loss to Adjusted N; row 'Income tax associated with adjustments above'), column Qprior",
adjeps_tax_on_adjustments,Q2/24,-3,USD m,"https://www.sec.gov/Archives/edgar/data/1929561/000192956125000096/rxo2025q2pressrelease.htm | RXO earnings release (Ex.99.1) for Q2/25, T5 (AEPS: Reconciliation of Net Loss to Adjusted N; row 'Income tax associated with adjustments above'), column Qprior",
adjeps_tax_on_adjustments,Q3/24,-3,USD m,"https://www.sec.gov/Archives/edgar/data/1929561/000192956125000110/rxo2025q3pressrelease.htm | RXO earnings release (Ex.99.1) for Q3/25, T5 (AEPS: Reconciliation of Net Loss to Adjusted N; row 'Income tax associated with adjustments above'), column Qprior",
adjeps_tax_on_adjustments,Q4/24,-16,USD m,"https://www.sec.gov/Archives/edgar/data/1929561/000192956126000006/rxoq42025pressrelease.htm | RXO earnings release (Ex.99.1) for Q4/25, T5 (AEPS: Reconciliation of Net Loss to Adjusted N; row 'Income tax associated with adjustments above'), column Qprior",
adjeps_tax_on_adjustments,FY2024,-26,USD m,"https://www.sec.gov/Archives/edgar/data/1929561/000192956126000006/rxoq42025pressrelease.htm | RXO earnings release (Ex.99.1) for Q4/25, T5 (AEPS: Reconciliation of Net Loss to Adjusted N; row 'Income tax associated with adjustments above'), column YTDprior",
adjeps_tax_on_adjustments,Q1/25,-9,USD m,"https://www.sec.gov/Archives/edgar/data/1929561/000192956126000023/rxo2026q1pressrelease.htm | RXO earnings release (Ex.99.1) for Q1/26, T5 (AEPS: Reconciliation of Net Loss to Adjusted N; row 'Income tax associated with adjustments above'), column Qprior",
adjeps_tax_on_adjustments,Q2/25,-5,USD m,"https://www.sec.gov/Archives/edgar/data/1929561/000192956126000033/rxo2026q2pressrelease.htm | RXO earnings release (Ex.99.1) for Q2/26, T5 (AEPS: Reconciliation of Net Loss to Adjusted N; row 'Income tax associated with adjustments above'), column Qprior",
adjeps_tax_on_adjustments,Q3/25,-6,USD m,"https://www.sec.gov/Archives/edgar/data/1929561/000192956125000110/rxo2025q3pressrelease.htm | RXO earnings release (Ex.99.1) for Q3/25, T5 (AEPS: Reconciliation of Net Loss to Adjusted N; row 'Income tax associated with adjustments above'), column Qcur",
adjeps_tax_on_adjustments,Q4/25,-7,USD m,"https://www.sec.gov/Archives/edgar/data/1929561/000192956126000006/rxoq42025pressrelease.htm | RXO earnings release (Ex.99.1) for Q4/25, T5 (AEPS: Reconciliation of Net Loss to Adjusted N; row 'Income tax associated with adjustments above'), column Qcur",
adjeps_tax_on_adjustments,FY2025,-27,USD m,"https://www.sec.gov/Archives/edgar/data/1929561/000192956126000006/rxoq42025pressrelease.htm | RXO earnings release (Ex.99.1) for Q4/25, T5 (AEPS: Reconciliation of Net Loss to Adjusted N; row 'Income tax associated with adjustments above'), column YTDcur",
adjeps_tax_on_adjustments,Q1/26,-7,USD m,"https://www.sec.gov/Archives/edgar/data/1929561/000192956126000023/rxo2026q1pressrelease.htm | RXO earnings release (Ex.99.1) for Q1/26, T5 (AEPS: Reconciliation of Net Loss to Adjusted N; row 'Income tax associated with adjustments above'), column Qcur",
adjeps_tax_on_adjustments,Q2/26,-5,USD m,"https://www.sec.gov/Archives/edgar/data/1929561/000192956126000033/rxo2026q2pressrelease.htm | RXO earnings release (Ex.99.1) for Q2/26, T5 (AEPS: Reconciliation of Net Loss to Adjusted N; row 'Income tax associated with adjustments above'), column Qcur",
adjeps_transaction_integration,FY2021,2,USD m,"https://www.sec.gov/Archives/edgar/data/1929561/000192956123000023/rxoq42022pressrelease.htm | RXO earnings release (Ex.99.1) for Q4/22, T5 (AEPS: Reconciliation of Net Income (Loss) to A; row 'Transaction and integration costs'), column YTDprior",
adjeps_transaction_integration,Q1/22,3,USD m,"https://www.sec.gov/Archives/edgar/data/1929561/000192956123000054/rxoq12023pressrelease.htm | RXO earnings release (Ex.99.1) for Q1/23, T5 (AEPS: Reconciliation of Net Income to Adjusted; row 'Transaction and integration costs'), column Qprior",
adjeps_transaction_integration,Q2/22,18,USD m,"https://www.sec.gov/Archives/edgar/data/1929561/000192956123000069/rxo2023q2pressrelease.htm | RXO earnings release (Ex.99.1) for Q2/23, T5 (AEPS: Reconciliation of Net Income to Adjusted; row 'Transaction and integration costs'), column Qprior",
adjeps_transaction_integration,Q3/22,23,USD m,"https://www.sec.gov/Archives/edgar/data/1929561/000192956123000090/rxo2023q3pressrelease.htm | RXO earnings release (Ex.99.1) for Q3/23, T5 (AEPS: Reconciliation of Net Income (Loss) to A; row 'Transaction and integration costs'), column Qprior",
adjeps_transaction_integration,Q4/22,40,USD m,"https://www.sec.gov/Archives/edgar/data/1929561/000192956124000025/rxoq42023pressrelease.htm | RXO earnings release (Ex.99.1) for Q4/23, T5 (AEPS: Reconciliation of Net Income (Loss) to A; row 'Transaction and integration costs'), column Qprior",
adjeps_transaction_integration,FY2022,84,USD m,"https://www.sec.gov/Archives/edgar/data/1929561/000192956124000025/rxoq42023pressrelease.htm | RXO earnings release (Ex.99.1) for Q4/23, T5 (AEPS: Reconciliation of Net Income (Loss) to A; row 'Transaction and integration costs'), column YTDprior",
adjeps_transaction_integration,Q1/23,6,USD m,"https://www.sec.gov/Archives/edgar/data/1929561/000192956124000075/rxo2024q1pressrelease.htm | RXO earnings release (Ex.99.1) for Q1/24, T5 (AEPS: Reconciliation of Net Income (Loss) to A; row 'Transaction and integration costs'), column Qprior",
adjeps_transaction_integration,Q2/23,4,USD m,"https://www.sec.gov/Archives/edgar/data/1929561/000192956124000098/rxo2024q2pressrelease.htm | RXO earnings release (Ex.99.1) for Q2/24, T5 (AEPS: Reconciliation of Net Income (Loss) to A; row 'Transaction and integration costs'), column Qprior",
adjeps_transaction_integration,Q3/23,2,USD m,"https://www.sec.gov/Archives/edgar/data/1929561/000192956124000123/rxo2024q3pressrelease.htm | RXO earnings release (Ex.99.1) for Q3/24, T5 (AEPS: Reconciliation of Net Income (Loss) to A; row 'Transaction and integration costs'), column Qprior",
adjeps_transaction_integration,Q4/23,0,USD m,"https://www.sec.gov/Archives/edgar/data/1929561/000192956125000029/rxoq42024pressrelease.htm | RXO earnings release (Ex.99.1) for Q4/24, T5 (AEPS: Reconciliation of Net Income (Loss) to A; row 'Transaction and integration costs'), column Qprior",
adjeps_transaction_integration,FY2023,12,USD m,"https://www.sec.gov/Archives/edgar/data/1929561/000192956125000029/rxoq42024pressrelease.htm | RXO earnings release (Ex.99.1) for Q4/24, T5 (AEPS: Reconciliation of Net Income (Loss) to A; row 'Transaction and integration costs'), column YTDprior",
adjeps_transaction_integration,Q1/24,1,USD m,"https://www.sec.gov/Archives/edgar/data/1929561/000192956125000078/rxo2025q1pressrelease.htm | RXO earnings release (Ex.99.1) for Q1/25, T5 (AEPS: Reconciliation of Net Loss to Adjusted N; row 'Transaction and integration costs'), column Qprior",
adjeps_transaction_integration,Q2/24,7,USD m,"https://www.sec.gov/Archives/edgar/data/1929561/000192956125000096/rxo2025q2pressrelease.htm | RXO earnings release (Ex.99.1) for Q2/25, T5 (AEPS: Reconciliation of Net Loss to Adjusted N; row 'Transaction and integration costs'), column Qprior",
adjeps_transaction_integration,Q3/24,30,USD m,"https://www.sec.gov/Archives/edgar/data/1929561/000192956125000110/rxo2025q3pressrelease.htm | RXO earnings release (Ex.99.1) for Q3/25, T5 (AEPS: Reconciliation of Net Loss to Adjusted N; row 'Transaction and integration costs'), column Qprior",
adjeps_transaction_integration,Q4/24,15,USD m,"https://www.sec.gov/Archives/edgar/data/1929561/000192956126000006/rxoq42025pressrelease.htm | RXO earnings release (Ex.99.1) for Q4/25, T5 (AEPS: Reconciliation of Net Loss to Adjusted N; row 'Transaction and integration costs'), column Qprior",
adjeps_transaction_integration,FY2024,53,USD m,"https://www.sec.gov/Archives/edgar/data/1929561/000192956126000006/rxoq42025pressrelease.htm | RXO earnings release (Ex.99.1) for Q4/25, T5 (AEPS: Reconciliation of Net Loss to Adjusted N; row 'Transaction and integration costs'), column YTDprior",
adjeps_transaction_integration,Q1/25,6,USD m,"https://www.sec.gov/Archives/edgar/data/1929561/000192956126000023/rxo2026q1pressrelease.htm | RXO earnings release (Ex.99.1) for Q1/26, T5 (AEPS: Reconciliation of Net Loss to Adjusted N; row 'Transaction and integration costs'), column Qprior",
adjeps_transaction_integration,Q2/25,7,USD m,"https://www.sec.gov/Archives/edgar/data/1929561/000192956126000033/rxo2026q2pressrelease.htm | RXO earnings release (Ex.99.1) for Q2/26, T5 (AEPS: Reconciliation of Net Loss to Adjusted N; row 'Transaction and integration costs'), column Qprior",
adjeps_transaction_integration,Q3/25,5,USD m,"https://www.sec.gov/Archives/edgar/data/1929561/000192956125000110/rxo2025q3pressrelease.htm | RXO earnings release (Ex.99.1) for Q3/25, T5 (AEPS: Reconciliation of Net Loss to Adjusted N; row 'Transaction and integration costs'), column Qcur",
adjeps_transaction_integration,Q4/25,4,USD m,"https://www.sec.gov/Archives/edgar/data/1929561/000192956126000006/rxoq42025pressrelease.htm | RXO earnings release (Ex.99.1) for Q4/25, T5 (AEPS: Reconciliation of Net Loss to Adjusted N; row 'Transaction and integration costs'), column Qcur",
adjeps_transaction_integration,FY2025,22,USD m,"https://www.sec.gov/Archives/edgar/data/1929561/000192956126000006/rxoq42025pressrelease.htm | RXO earnings release (Ex.99.1) for Q4/25, T5 (AEPS: Reconciliation of Net Loss to Adjusted N; row 'Transaction and integration costs'), column YTDcur",
adjeps_transaction_integration,Q1/26,2,USD m,"https://www.sec.gov/Archives/edgar/data/1929561/000192956126000023/rxo2026q1pressrelease.htm | RXO earnings release (Ex.99.1) for Q1/26, T5 (AEPS: Reconciliation of Net Loss to Adjusted N; row 'Transaction and integration costs'), column Qcur",
adjeps_transaction_integration,Q2/26,4,USD m,"https://www.sec.gov/Archives/edgar/data/1929561/000192956126000033/rxo2026q2pressrelease.htm | RXO earnings release (Ex.99.1) for Q2/26, T5 (AEPS: Reconciliation of Net Loss to Adjusted N; row 'Transaction and integration costs'), column Qcur",
apic,FY2021,0,USD m,"https://www.sec.gov/Archives/edgar/data/1929561/000192956123000023/rxoq42022pressrelease.htm | RXO earnings release (Ex.99.1) for Q4/22, T1 (BS: Equity; row 'Additional paid-in capital'), column BSprior",
apic,Q4/22,588,USD m,"https://www.sec.gov/Archives/edgar/data/1929561/000192956124000025/rxoq42023pressrelease.htm | RXO earnings release (Ex.99.1) for Q4/23, T1 (BS: Equity; row 'Additional paid-in capital'), column BSprior",Year-end balance (same as FY2022)
apic,FY2022,588,USD m,"https://www.sec.gov/Archives/edgar/data/1929561/000192956124000025/rxoq42023pressrelease.htm | RXO earnings release (Ex.99.1) for Q4/23, T1 (BS: Equity; row 'Additional paid-in capital'), column BSprior",Latest-filed value used (release Q4/23); originally reported 590 in Q4/22 release
apic,Q1/23,586,USD m,"https://www.sec.gov/Archives/edgar/data/1929561/000192956123000054/rxoq12023pressrelease.htm | RXO earnings release (Ex.99.1) for Q1/23, T1 (BS: Equity; row 'Additional paid-in capital'), column BScur",
apic,Q2/23,587,USD m,"https://www.sec.gov/Archives/edgar/data/1929561/000192956123000069/rxo2023q2pressrelease.htm | RXO earnings release (Ex.99.1) for Q2/23, T1 (BS: Equity; row 'Additional paid-in capital'), column BScur",
apic,Q3/23,589,USD m,"https://www.sec.gov/Archives/edgar/data/1929561/000192956123000090/rxo2023q3pressrelease.htm | RXO earnings release (Ex.99.1) for Q3/23, T1 (BS: Equity; row 'Additional paid-in capital'), column BScur",
apic,Q4/23,590,USD m,"https://www.sec.gov/Archives/edgar/data/1929561/000192956125000029/rxoq42024pressrelease.htm | RXO earnings release (Ex.99.1) for Q4/24, T1 (BS: Equity; row 'Additional paid-in capital'), column BSprior",Year-end balance (same as FY2023)
apic,FY2023,590,USD m,"https://www.sec.gov/Archives/edgar/data/1929561/000192956125000029/rxoq42024pressrelease.htm | RXO earnings release (Ex.99.1) for Q4/24, T1 (BS: Equity; row 'Additional paid-in capital'), column BSprior",
apic,Q1/24,593,USD m,"https://www.sec.gov/Archives/edgar/data/1929561/000192956124000075/rxo2024q1pressrelease.htm | RXO earnings release (Ex.99.1) for Q1/24, T1 (BS: Equity; row 'Additional paid-in capital'), column BScur",
apic,Q2/24,599,USD m,"https://www.sec.gov/Archives/edgar/data/1929561/000192956124000098/rxo2024q2pressrelease.htm | RXO earnings release (Ex.99.1) for Q2/24, T1 (BS: Equity; row 'Additional paid-in capital'), column BScur",
apic,Q3/24,1914,USD m,"https://www.sec.gov/Archives/edgar/data/1929561/000192956124000123/rxo2024q3pressrelease.htm | RXO earnings release (Ex.99.1) for Q3/24, T1 (BS: Equity; row 'Additional paid-in capital'), column BScur",
apic,Q4/24,1904,USD m,"https://www.sec.gov/Archives/edgar/data/1929561/000192956126000006/rxoq42025pressrelease.htm | RXO earnings release (Ex.99.1) for Q4/25, T1 (BS: Equity; row 'Additional paid-in capital'), column BSprior",Year-end balance (same as FY2024)
apic,FY2024,1904,USD m,"https://www.sec.gov/Archives/edgar/data/1929561/000192956126000006/rxoq42025pressrelease.htm | RXO earnings release (Ex.99.1) for Q4/25, T1 (BS: Equity; row 'Additional paid-in capital'), column BSprior",
apic,Q1/25,1908,USD m,"https://www.sec.gov/Archives/edgar/data/1929561/000192956125000078/rxo2025q1pressrelease.htm | RXO earnings release (Ex.99.1) for Q1/25, T1 (BS: Equity; row 'Additional paid-in capital'), column BScur",
apic,Q2/25,1915,USD m,"https://www.sec.gov/Archives/edgar/data/1929561/000192956125000096/rxo2025q2pressrelease.htm | RXO earnings release (Ex.99.1) for Q2/25, T1 (BS: Equity; row 'Additional paid-in capital'), column BScur",
apic,Q3/25,1922,USD m,"https://www.sec.gov/Archives/edgar/data/1929561/000192956125000110/rxo2025q3pressrelease.htm | RXO earnings release (Ex.99.1) for Q3/25, T1 (BS: Equity; row 'Additional paid-in capital'), column BScur",
apic,Q4/25,1929,USD m,"https://www.sec.gov/Archives/edgar/data/1929561/000192956126000033/rxo2026q2pressrelease.htm | RXO earnings release (Ex.99.1) for Q2/26, T1 (BS: Equity; row 'Additional paid-in capital'), column BSprior",Year-end balance (same as FY2025)
apic,FY2025,1929,USD m,"https://www.sec.gov/Archives/edgar/data/1929561/000192956126000033/rxo2026q2pressrelease.htm | RXO earnings release (Ex.99.1) for Q2/26, T1 (BS: Equity; row 'Additional paid-in capital'), column BSprior",
apic,Q1/26,1934,USD m,"https://www.sec.gov/Archives/edgar/data/1929561/000192956126000023/rxo2026q1pressrelease.htm | RXO earnings release (Ex.99.1) for Q1/26, T1 (BS: Equity; row 'Additional paid-in capital'), column BScur",
apic,Q2/26,1940,USD m,"https://www.sec.gov/Archives/edgar/data/1929561/000192956126000033/rxo2026q2pressrelease.htm | RXO earnings release (Ex.99.1) for Q2/26, T1 (BS: Equity; row 'Additional paid-in capital'), column BScur",
bank_adj_ebitda,Q3/24,238,USD m,"https://www.sec.gov/Archives/edgar/data/1929561/000192956124000123/rxo2024q3pressrelease.htm | RXO earnings release (Ex.99.1) for Q3/24, T7 (LEV: Reconciliation of bank adjusted EBITDA; row 'Bank adjusted EBITDA'), column Qcur",
brokerage_ltl_volume_growth_yoy_pct,Q3/23,55,%,"https://www.sec.gov/Archives/edgar/data/1929561/000192956123000090/rxo2023q3pressrelease.htm | earnings release text, 'Brokerage' section/headline: ""18 Percent Brokerage Volume Growth; Full-truckload +13%, LTL +55%; contract volume +30%""",
brokerage_ltl_volume_growth_yoy_pct,Q4/23,45,%,"https://www.sec.gov/Archives/edgar/data/1929561/000192956124000025/rxoq42023pressrelease.htm | earnings release text, 'Brokerage' section/headline: ""grew volume 15 percent ... full truckload volume growth of 11 percent and less-than-truckload volume growth of 45 percent""",
brokerage_ltl_volume_growth_yoy_pct,Q1/24,29,%,"https://www.sec.gov/Archives/edgar/data/1929561/000192956124000075/rxo2024q1pressrelease.htm | earnings release text, 'Brokerage' section/headline: ""grew volume 11% ... full truckload 8%, LTL 29%""",
brokerage_ltl_volume_growth_yoy_pct,Q2/24,40,%,"https://www.sec.gov/Archives/edgar/data/1929561/000192956124000098/rxo2024q2pressrelease.htm | earnings release text, 'Brokerage' section/headline: ""Brokerage volume increased by 4%; LTL grew 40% and full truckload declined by 2%""",
brokerage_ltl_volume_growth_yoy_pct,Q3/24,13,%,"https://www.sec.gov/Archives/edgar/data/1929561/000192956124000123/rxo2024q3pressrelease.htm | earnings release text, 'Brokerage' section/headline: ""Volume in RXO's legacy Brokerage business, which excludes the impact of Coyote Logistics, declined by 5%; LTL +13%, FTL -9% (LEGACY RXO ONLY)""",
brokerage_ltl_volume_growth_yoy_pct,Q4/24,1,%,"https://www.sec.gov/Archives/edgar/data/1929561/000192956125000029/rxoq42024pressrelease.htm | earnings release text, 'Brokerage' section/headline: ""including the impact of the Coyote Logistics acquisition in both periods, declined by 6%; LTL +1%, FTL -8% (pro forma incl. Coyote both periods)""",
brokerage_ltl_volume_growth_yoy_pct,Q1/25,26,%,"https://www.sec.gov/Archives/edgar/data/1929561/000192956125000078/rxo2025q1pressrelease.htm | earnings release text, 'Brokerage' section/headline: ""including Coyote in both periods, declined by 1%; LTL +26%, FTL -8%""",
brokerage_ltl_volume_growth_yoy_pct,Q2/25,45,%,"https://www.sec.gov/Archives/edgar/data/1929561/000192956125000096/rxo2025q2pressrelease.htm | earnings release text, 'Brokerage' section/headline: ""including Coyote in both periods, increased by 1%; LTL +45%, FTL -12%""",
brokerage_ltl_volume_growth_yoy_pct,Q3/25,43,%,"https://www.sec.gov/Archives/edgar/data/1929561/000192956125000110/rxo2025q3pressrelease.htm | earnings release text, 'Brokerage' section/headline: ""including Coyote in both periods, increased by 1%; LTL +43%, FTL -11%""",
brokerage_ltl_volume_growth_yoy_pct,Q4/25,31,%,"https://www.sec.gov/Archives/edgar/data/1929561/000192956126000006/rxoq42025pressrelease.htm | earnings release text, 'Brokerage' section/headline: ""declined by 4%; LTL +31%, FTL -12%""",
brokerage_ltl_volume_growth_yoy_pct,Q1/26,5,%,"https://www.sec.gov/Archives/edgar/data/1929561/000192956126000023/rxo2026q1pressrelease.htm | earnings release text, 'Brokerage' section/headline: ""declined by 8%; LTL +5%, FTL -12%; truckload spot mix 33% (Q4/25: 28%)""",
brokerage_ltl_volume_growth_yoy_pct,Q2/26,3,%,"https://www.sec.gov/Archives/edgar/data/1929561/000192956126000033/rxo2026q2pressrelease.htm | earnings release text, 'Brokerage' section/headline: ""increased by 2%; truckload +2%, LTL +3%; truckload spot mix 42%""",
brokerage_truckload_spot_mix_pct,Q4/25,28,%,https://www.sec.gov/Archives/edgar/data/1929561/000192956126000023/rxo2026q1pressrelease.htm | release text (Q1/26),
brokerage_truckload_spot_mix_pct,Q1/26,33,%,"https://www.sec.gov/Archives/edgar/data/1929561/000192956126000023/rxo2026q1pressrelease.htm | release text: 'Truckload spot mix was 33% of volume in the quarter, up from 28% in the fourth quarter of 2025'",
brokerage_truckload_spot_mix_pct,Q2/26,42,%,https://www.sec.gov/Archives/edgar/data/1929561/000192956126000033/rxo2026q2pressrelease.htm | release text: 'Truckload spot mix was 42% of volume in the quarter',
brokerage_truckload_volume_growth_yoy_pct,Q3/23,13,%,"https://www.sec.gov/Archives/edgar/data/1929561/000192956123000090/rxo2023q3pressrelease.htm | earnings release text, 'Brokerage' section/headline: ""18 Percent Brokerage Volume Growth; Full-truckload +13%, LTL +55%; contract volume +30%""",
brokerage_truckload_volume_growth_yoy_pct,Q4/23,11,%,"https://www.sec.gov/Archives/edgar/data/1929561/000192956124000025/rxoq42023pressrelease.htm | earnings release text, 'Brokerage' section/headline: ""grew volume 15 percent ... full truckload volume growth of 11 percent and less-than-truckload volume growth of 45 percent""",
brokerage_truckload_volume_growth_yoy_pct,Q1/24,8,%,"https://www.sec.gov/Archives/edgar/data/1929561/000192956124000075/rxo2024q1pressrelease.htm | earnings release text, 'Brokerage' section/headline: ""grew volume 11% ... full truckload 8%, LTL 29%""",
brokerage_truckload_volume_growth_yoy_pct,Q2/24,-2,%,"https://www.sec.gov/Archives/edgar/data/1929561/000192956124000098/rxo2024q2pressrelease.htm | earnings release text, 'Brokerage' section/headline: ""Brokerage volume increased by 4%; LTL grew 40% and full truckload declined by 2%""",
brokerage_truckload_volume_growth_yoy_pct,Q3/24,-9,%,"https://www.sec.gov/Archives/edgar/data/1929561/000192956124000123/rxo2024q3pressrelease.htm | earnings release text, 'Brokerage' section/headline: ""Volume in RXO's legacy Brokerage business, which excludes the impact of Coyote Logistics, declined by 5%; LTL +13%, FTL -9% (LEGACY RXO ONLY)""",
brokerage_truckload_volume_growth_yoy_pct,Q4/24,-8,%,"https://www.sec.gov/Archives/edgar/data/1929561/000192956125000029/rxoq42024pressrelease.htm | earnings release text, 'Brokerage' section/headline: ""including the impact of the Coyote Logistics acquisition in both periods, declined by 6%; LTL +1%, FTL -8% (pro forma incl. Coyote both periods)""",
brokerage_truckload_volume_growth_yoy_pct,Q1/25,-8,%,"https://www.sec.gov/Archives/edgar/data/1929561/000192956125000078/rxo2025q1pressrelease.htm | earnings release text, 'Brokerage' section/headline: ""including Coyote in both periods, declined by 1%; LTL +26%, FTL -8%""",
brokerage_truckload_volume_growth_yoy_pct,Q2/25,-12,%,"https://www.sec.gov/Archives/edgar/data/1929561/000192956125000096/rxo2025q2pressrelease.htm | earnings release text, 'Brokerage' section/headline: ""including Coyote in both periods, increased by 1%; LTL +45%, FTL -12%""",
brokerage_truckload_volume_growth_yoy_pct,Q3/25,-11,%,"https://www.sec.gov/Archives/edgar/data/1929561/000192956125000110/rxo2025q3pressrelease.htm | earnings release text, 'Brokerage' section/headline: ""including Coyote in both periods, increased by 1%; LTL +43%, FTL -11%""",
brokerage_truckload_volume_growth_yoy_pct,Q4/25,-12,%,"https://www.sec.gov/Archives/edgar/data/1929561/000192956126000006/rxoq42025pressrelease.htm | earnings release text, 'Brokerage' section/headline: ""declined by 4%; LTL +31%, FTL -12%""",
brokerage_truckload_volume_growth_yoy_pct,Q1/26,-12,%,"https://www.sec.gov/Archives/edgar/data/1929561/000192956126000023/rxo2026q1pressrelease.htm | earnings release text, 'Brokerage' section/headline: ""declined by 8%; LTL +5%, FTL -12%; truckload spot mix 33% (Q4/25: 28%)""",
brokerage_truckload_volume_growth_yoy_pct,Q2/26,2,%,"https://www.sec.gov/Archives/edgar/data/1929561/000192956126000033/rxo2026q2pressrelease.htm | earnings release text, 'Brokerage' section/headline: ""increased by 2%; truckload +2%, LTL +3%; truckload spot mix 42%""",
brokerage_volume_growth_yoy_pct,Q4/22,4,%,"https://www.sec.gov/Archives/edgar/data/1929561/000192956123000023/rxoq42022pressrelease.htm | earnings release text, 'Brokerage' section/headline: ""Brokerage volume increased by 4% year-over-year""",YoY brokerage volume growth (loads); company-published in text only
brokerage_volume_growth_yoy_pct,Q1/23,6,%,"https://www.sec.gov/Archives/edgar/data/1929561/000192956123000054/rxoq12023pressrelease.htm | earnings release text, 'Brokerage' section/headline: ""brokerage business grew volume 6 percent year-over-year; contract volume +19%""",YoY brokerage volume growth (loads); company-published in text only
brokerage_volume_growth_yoy_pct,Q2/23,10,%,"https://www.sec.gov/Archives/edgar/data/1929561/000192956123000069/rxo2023q2pressrelease.htm | earnings release text, 'Brokerage' section/headline: ""grew volume 10 percent year-over-year; contract volume +19%""",YoY brokerage volume growth (loads); company-published in text only
brokerage_volume_growth_yoy_pct,Q3/23,18,%,"https://www.sec.gov/Archives/edgar/data/1929561/000192956123000090/rxo2023q3pressrelease.htm | earnings release text, 'Brokerage' section/headline: ""18 Percent Brokerage Volume Growth; Full-truckload +13%, LTL +55%; contract volume +30%""",YoY brokerage volume growth (loads); company-published in text only
brokerage_volume_growth_yoy_pct,Q4/23,15,%,"https://www.sec.gov/Archives/edgar/data/1929561/000192956124000025/rxoq42023pressrelease.htm | earnings release text, 'Brokerage' section/headline: ""grew volume 15 percent ... full truckload volume growth of 11 percent and less-than-truckload volume growth of 45 percent""",YoY brokerage volume growth (loads); company-published in text only
brokerage_volume_growth_yoy_pct,Q1/24,11,%,"https://www.sec.gov/Archives/edgar/data/1929561/000192956124000075/rxo2024q1pressrelease.htm | earnings release text, 'Brokerage' section/headline: ""grew volume 11% ... full truckload 8%, LTL 29%""",YoY brokerage volume growth (loads); company-published in text only
brokerage_volume_growth_yoy_pct,Q2/24,4,%,"https://www.sec.gov/Archives/edgar/data/1929561/000192956124000098/rxo2024q2pressrelease.htm | earnings release text, 'Brokerage' section/headline: ""Brokerage volume increased by 4%; LTL grew 40% and full truckload declined by 2%""",YoY brokerage volume growth (loads); company-published in text only
brokerage_volume_growth_yoy_pct,Q3/24,-5,%,"https://www.sec.gov/Archives/edgar/data/1929561/000192956124000123/rxo2024q3pressrelease.htm | earnings release text, 'Brokerage' section/headline: ""Volume in RXO's legacy Brokerage business, which excludes the impact of Coyote Logistics, declined by 5%; LTL +13%, FTL -9% (LEGACY RXO ONLY)""",YoY brokerage volume growth (loads); company-published in text only; Q3/24 is legacy RXO excl. Coyote
brokerage_volume_growth_yoy_pct,Q4/24,-6,%,"https://www.sec.gov/Archives/edgar/data/1929561/000192956125000029/rxoq42024pressrelease.htm | earnings release text, 'Brokerage' section/headline: ""including the impact of the Coyote Logistics acquisition in both periods, declined by 6%; LTL +1%, FTL -8% (pro forma incl. Coyote both periods)""",YoY brokerage volume growth (loads); company-published in text only
brokerage_volume_growth_yoy_pct,Q1/25,-1,%,"https://www.sec.gov/Archives/edgar/data/1929561/000192956125000078/rxo2025q1pressrelease.htm | earnings release text, 'Brokerage' section/headline: ""including Coyote in both periods, declined by 1%; LTL +26%, FTL -8%""",YoY brokerage volume growth (loads); company-published in text only
brokerage_volume_growth_yoy_pct,Q2/25,1,%,"https://www.sec.gov/Archives/edgar/data/1929561/000192956125000096/rxo2025q2pressrelease.htm | earnings release text, 'Brokerage' section/headline: ""including Coyote in both periods, increased by 1%; LTL +45%, FTL -12%""",YoY brokerage volume growth (loads); company-published in text only
brokerage_volume_growth_yoy_pct,Q3/25,1,%,"https://www.sec.gov/Archives/edgar/data/1929561/000192956125000110/rxo2025q3pressrelease.htm | earnings release text, 'Brokerage' section/headline: ""including Coyote in both periods, increased by 1%; LTL +43%, FTL -11%""",YoY brokerage volume growth (loads); company-published in text only
brokerage_volume_growth_yoy_pct,Q4/25,-4,%,"https://www.sec.gov/Archives/edgar/data/1929561/000192956126000006/rxoq42025pressrelease.htm | earnings release text, 'Brokerage' section/headline: ""declined by 4%; LTL +31%, FTL -12%""",YoY brokerage volume growth (loads); company-published in text only
brokerage_volume_growth_yoy_pct,Q1/26,-8,%,"https://www.sec.gov/Archives/edgar/data/1929561/000192956126000023/rxo2026q1pressrelease.htm | earnings release text, 'Brokerage' section/headline: ""declined by 8%; LTL +5%, FTL -12%; truckload spot mix 33% (Q4/25: 28%)""",YoY brokerage volume growth (loads); company-published in text only
brokerage_volume_growth_yoy_pct,Q2/26,2,%,"https://www.sec.gov/Archives/edgar/data/1929561/000192956126000033/rxo2026q2pressrelease.htm | earnings release text, 'Brokerage' section/headline: ""increased by 2%; truckload +2%, LTL +3%; truckload spot mix 42%""",YoY brokerage volume growth (loads); company-published in text only
buybacks,Q2/22,0,USD m,"Derived: YTD through Q2 minus YTD through Q1. Sources: [https://www.sec.gov/Archives/edgar/data/1929561/000192956123000069/rxo2023q2pressrelease.htm | RXO earnings release (Ex.99.1) for Q2/23, T2 (CF: Financing activities; row 'Repurchase of common stock'), column YTDprior] minus [n/a (line not shown = 0)]",Q2 three-month figure derived as YTD2 - YTD1
buybacks,Q3/22,0,USD m,"Derived: YTD through Q3 minus YTD through Q2. Sources: [https://www.sec.gov/Archives/edgar/data/1929561/000192956123000090/rxo2023q3pressrelease.htm | RXO earnings release (Ex.99.1) for Q3/23, T2 (CF: Financing activities; row 'Repurchase of common stock'), column YTDprior] minus [https://www.sec.gov/Archives/edgar/data/1929561/000192956123000069/rxo2023q2pressrelease.htm | RXO earnings release (Ex.99.1) for Q2/23, T2 (CF: Financing activities; row 'Repurchase of common stock'), column YTDprior]",Q3 three-month figure derived as YTD3 - YTD2
buybacks,Q4/22,0,USD m,"Derived: YTD through Q4 minus YTD through Q3. Sources: [https://www.sec.gov/Archives/edgar/data/1929561/000192956124000025/rxoq42023pressrelease.htm | RXO earnings release (Ex.99.1) for Q4/23, T2 (CF: Financing activities; row 'Repurchase of common stock'), column YTDprior] minus [https://www.sec.gov/Archives/edgar/data/1929561/000192956123000090/rxo2023q3pressrelease.htm | RXO earnings release (Ex.99.1) for Q3/23, T2 (CF: Financing activities; row 'Repurchase of common stock'), column YTDprior]",Q4 three-month figure derived as YTD4 - YTD3 (Q4 = FY - 9M)
buybacks,FY2022,0,USD m,"https://www.sec.gov/Archives/edgar/data/1929561/000192956124000025/rxoq42023pressrelease.htm | RXO earnings release (Ex.99.1) for Q4/23, T2 (CF: Financing activities; row 'Repurchase of common stock'), column YTDprior",
buybacks,Q2/23,-2,USD m,"Derived: YTD through Q2 minus YTD through Q1. Sources: [https://www.sec.gov/Archives/edgar/data/1929561/000192956124000098/rxo2024q2pressrelease.htm | RXO earnings release (Ex.99.1) for Q2/24, T2 (CF: Financing activities; row 'Repurchase of common stock'), column YTDprior] minus [n/a (line not shown = 0)]",Q2 three-month figure derived as YTD2 - YTD1
buybacks,Q3/23,0,USD m,"Derived: YTD through Q3 minus YTD through Q2. Sources: [https://www.sec.gov/Archives/edgar/data/1929561/000192956124000123/rxo2024q3pressrelease.htm | RXO earnings release (Ex.99.1) for Q3/24, T2 (CF: Financing activities; row 'Repurchase of common stock'), column YTDprior] minus [https://www.sec.gov/Archives/edgar/data/1929561/000192956124000098/rxo2024q2pressrelease.htm | RXO earnings release (Ex.99.1) for Q2/24, T2 (CF: Financing activities; row 'Repurchase of common stock'), column YTDprior]",Q3 three-month figure derived as YTD3 - YTD2
buybacks,Q4/23,0,USD m,"Derived: YTD through Q4 minus YTD through Q3. Sources: [https://www.sec.gov/Archives/edgar/data/1929561/000192956125000029/rxoq42024pressrelease.htm | RXO earnings release (Ex.99.1) for Q4/24, T2 (CF: Financing activities; row 'Repurchase of common stock'), column YTDprior] minus [https://www.sec.gov/Archives/edgar/data/1929561/000192956124000123/rxo2024q3pressrelease.htm | RXO earnings release (Ex.99.1) for Q3/24, T2 (CF: Financing activities; row 'Repurchase of common stock'), column YTDprior]",Q4 three-month figure derived as YTD4 - YTD3 (Q4 = FY - 9M)
buybacks,FY2023,-2,USD m,"https://www.sec.gov/Archives/edgar/data/1929561/000192956125000029/rxoq42024pressrelease.htm | RXO earnings release (Ex.99.1) for Q4/24, T2 (CF: Financing activities; row 'Repurchase of common stock'), column YTDprior",
buybacks,Q2/24,0,USD m,"Derived: YTD through Q2 minus YTD through Q1. Sources: [https://www.sec.gov/Archives/edgar/data/1929561/000192956124000098/rxo2024q2pressrelease.htm | RXO earnings release (Ex.99.1) for Q2/24, T2 (CF: Financing activities; row 'Repurchase of common stock'), column YTDcur] minus [n/a (line not shown = 0)]",Q2 three-month figure derived as YTD2 - YTD1
buybacks,Q3/24,0,USD m,"Derived: YTD through Q3 minus YTD through Q2. Sources: [https://www.sec.gov/Archives/edgar/data/1929561/000192956124000123/rxo2024q3pressrelease.htm | RXO earnings release (Ex.99.1) for Q3/24, T2 (CF: Financing activities; row 'Repurchase of common stock'), column YTDcur] minus [https://www.sec.gov/Archives/edgar/data/1929561/000192956124000098/rxo2024q2pressrelease.htm | RXO earnings release (Ex.99.1) for Q2/24, T2 (CF: Financing activities; row 'Repurchase of common stock'), column YTDcur]",Q3 three-month figure derived as YTD3 - YTD2
buybacks,Q4/24,0,USD m,"Derived: YTD through Q4 minus YTD through Q3. Sources: [https://www.sec.gov/Archives/edgar/data/1929561/000192956125000029/rxoq42024pressrelease.htm | RXO earnings release (Ex.99.1) for Q4/24, T2 (CF: Financing activities; row 'Repurchase of common stock'), column YTDcur] minus [https://www.sec.gov/Archives/edgar/data/1929561/000192956124000123/rxo2024q3pressrelease.htm | RXO earnings release (Ex.99.1) for Q3/24, T2 (CF: Financing activities; row 'Repurchase of common stock'), column YTDcur]",Q4 three-month figure derived as YTD4 - YTD3 (Q4 = FY - 9M)
buybacks,FY2024,0,USD m,"https://www.sec.gov/Archives/edgar/data/1929561/000192956125000029/rxoq42024pressrelease.htm | RXO earnings release (Ex.99.1) for Q4/24, T2 (CF: Financing activities; row 'Repurchase of common stock'), column YTDcur",
capex,FY2021,-39,USD m,"https://www.sec.gov/Archives/edgar/data/1929561/000192956123000023/rxoq42022pressrelease.htm | RXO earnings release (Ex.99.1) for Q4/22, T2 (CF: Investing activities; row 'Payment for purchases of property and equipment'), column YTDprior",Cash outflow shown negative as on CF statement ('Payment for purchases of property and equipment'); RXO includes capitalized internal-use software within this line (no separate software line)
capex,Q1/22,-12,USD m,"https://www.sec.gov/Archives/edgar/data/1929561/000192956123000054/rxoq12023pressrelease.htm | RXO earnings release (Ex.99.1) for Q1/23, T2 (CF: Investing activities; row 'Payment for purchases of property and equipment'), column Qprior",Cash outflow shown negative as on CF statement ('Payment for purchases of property and equipment'); RXO includes capitalized internal-use software within this line (no separate software line)
capex,Q2/22,-12,USD m,"Derived: YTD through Q2 minus YTD through Q1. Sources: [https://www.sec.gov/Archives/edgar/data/1929561/000192956123000069/rxo2023q2pressrelease.htm | RXO earnings release (Ex.99.1) for Q2/23, T2 (CF: Investing activities; row 'Payment for purchases of property and equipment'), column YTDprior] minus [https://www.sec.gov/Archives/edgar/data/1929561/000192956123000054/rxoq12023pressrelease.htm | RXO earnings release (Ex.99.1) for Q1/23, T2 (CF: Investing activities; row 'Payment for purchases of property and equipment'), column Qprior]",Q2 three-month figure derived as YTD2 - YTD1; Cash outflow shown negative as on CF statement ('Payment for purchases of property and equipment'); RXO includes capitalized internal-use software within this line (no separate software line)
capex,Q3/22,-15,USD m,"Derived: YTD through Q3 minus YTD through Q2. Sources: [https://www.sec.gov/Archives/edgar/data/1929561/000192956123000090/rxo2023q3pressrelease.htm | RXO earnings release (Ex.99.1) for Q3/23, T2 (CF: Investing activities; row 'Payment for purchases of property and equipment'), column YTDprior] minus [https://www.sec.gov/Archives/edgar/data/1929561/000192956123000069/rxo2023q2pressrelease.htm | RXO earnings release (Ex.99.1) for Q2/23, T2 (CF: Investing activities; row 'Payment for purchases of property and equipment'), column YTDprior]",Q3 three-month figure derived as YTD3 - YTD2; Cash outflow shown negative as on CF statement ('Payment for purchases of property and equipment'); RXO includes capitalized internal-use software within this line (no separate software line)
capex,Q4/22,-18,USD m,"Derived: YTD through Q4 minus YTD through Q3. Sources: [https://www.sec.gov/Archives/edgar/data/1929561/000192956124000025/rxoq42023pressrelease.htm | RXO earnings release (Ex.99.1) for Q4/23, T2 (CF: Investing activities; row 'Payment for purchases of property and equipment'), column YTDprior] minus [https://www.sec.gov/Archives/edgar/data/1929561/000192956123000090/rxo2023q3pressrelease.htm | RXO earnings release (Ex.99.1) for Q3/23, T2 (CF: Investing activities; row 'Payment for purchases of property and equipment'), column YTDprior]",Q4 three-month figure derived as YTD4 - YTD3 (Q4 = FY - 9M); Cash outflow shown negative as on CF statement ('Payment for purchases of property and equipment'); RXO includes capitalized internal-use software within this line (no separate software line)
capex,FY2022,-57,USD m,"https://www.sec.gov/Archives/edgar/data/1929561/000192956124000025/rxoq42023pressrelease.htm | RXO earnings release (Ex.99.1) for Q4/23, T2 (CF: Investing activities; row 'Payment for purchases of property and equipment'), column YTDprior",Cash outflow shown negative as on CF statement ('Payment for purchases of property and equipment'); RXO includes capitalized internal-use software within this line (no separate software line)
capex,Q1/23,-12,USD m,"https://www.sec.gov/Archives/edgar/data/1929561/000192956124000075/rxo2024q1pressrelease.htm | RXO earnings release (Ex.99.1) for Q1/24, T2 (CF: Investing activities; row 'Payment for purchases of property and equipment'), column Qprior",Cash outflow shown negative as on CF statement ('Payment for purchases of property and equipment'); RXO includes capitalized internal-use software within this line (no separate software line)
capex,Q2/23,-16,USD m,"Derived: YTD through Q2 minus YTD through Q1. Sources: [https://www.sec.gov/Archives/edgar/data/1929561/000192956124000098/rxo2024q2pressrelease.htm | RXO earnings release (Ex.99.1) for Q2/24, T2 (CF: Investing activities; row 'Payment for purchases of property and equipment'), column YTDprior] minus [https://www.sec.gov/Archives/edgar/data/1929561/000192956124000075/rxo2024q1pressrelease.htm | RXO earnings release (Ex.99.1) for Q1/24, T2 (CF: Investing activities; row 'Payment for purchases of property and equipment'), column Qprior]",Q2 three-month figure derived as YTD2 - YTD1; Cash outflow shown negative as on CF statement ('Payment for purchases of property and equipment'); RXO includes capitalized internal-use software within this line (no separate software line)
capex,Q3/23,-18,USD m,"Derived: YTD through Q3 minus YTD through Q2. Sources: [https://www.sec.gov/Archives/edgar/data/1929561/000192956124000123/rxo2024q3pressrelease.htm | RXO earnings release (Ex.99.1) for Q3/24, T2 (CF: Investing activities; row 'Payment for purchases of property and equipment'), column YTDprior] minus [https://www.sec.gov/Archives/edgar/data/1929561/000192956124000098/rxo2024q2pressrelease.htm | RXO earnings release (Ex.99.1) for Q2/24, T2 (CF: Investing activities; row 'Payment for purchases of property and equipment'), column YTDprior]",Q3 three-month figure derived as YTD3 - YTD2; Cash outflow shown negative as on CF statement ('Payment for purchases of property and equipment'); RXO includes capitalized internal-use software within this line (no separate software line)
capex,Q4/23,-18,USD m,"Derived: YTD through Q4 minus YTD through Q3. Sources: [https://www.sec.gov/Archives/edgar/data/1929561/000192956125000029/rxoq42024pressrelease.htm | RXO earnings release (Ex.99.1) for Q4/24, T2 (CF: Investing activities; row 'Payment for purchases of property and equipment'), column YTDprior] minus [https://www.sec.gov/Archives/edgar/data/1929561/000192956124000123/rxo2024q3pressrelease.htm | RXO earnings release (Ex.99.1) for Q3/24, T2 (CF: Investing activities; row 'Payment for purchases of property and equipment'), column YTDprior]",Q4 three-month figure derived as YTD4 - YTD3 (Q4 = FY - 9M); Cash outflow shown negative as on CF statement ('Payment for purchases of property and equipment'); RXO includes capitalized internal-use software within this line (no separate software line)
capex,FY2023,-64,USD m,"https://www.sec.gov/Archives/edgar/data/1929561/000192956125000029/rxoq42024pressrelease.htm | RXO earnings release (Ex.99.1) for Q4/24, T2 (CF: Investing activities; row 'Payment for purchases of property and equipment'), column YTDprior",Cash outflow shown negative as on CF statement ('Payment for purchases of property and equipment'); RXO includes capitalized internal-use software within this line (no separate software line)
capex,Q1/24,-11,USD m,"https://www.sec.gov/Archives/edgar/data/1929561/000192956125000078/rxo2025q1pressrelease.htm | RXO earnings release (Ex.99.1) for Q1/25, T2 (CF: Investing activities; row 'Payment for purchases of property and equipment'), column Qprior",Cash outflow shown negative as on CF statement ('Payment for purchases of property and equipment'); RXO includes capitalized internal-use software within this line (no separate software line)
capex,Q2/24,-11,USD m,"Derived: YTD through Q2 minus YTD through Q1. Sources: [https://www.sec.gov/Archives/edgar/data/1929561/000192956125000096/rxo2025q2pressrelease.htm | RXO earnings release (Ex.99.1) for Q2/25, T2 (CF: Investing activities; row 'Payment for purchases of property and equipment'), column YTDprior] minus [https://www.sec.gov/Archives/edgar/data/1929561/000192956125000078/rxo2025q1pressrelease.htm | RXO earnings release (Ex.99.1) for Q1/25, T2 (CF: Investing activities; row 'Payment for purchases of property and equipment'), column Qprior]",Q2 three-month figure derived as YTD2 - YTD1; Cash outflow shown negative as on CF statement ('Payment for purchases of property and equipment'); RXO includes capitalized internal-use software within this line (no separate software line)
capex,Q3/24,-11,USD m,"Derived: YTD through Q3 minus YTD through Q2. Sources: [https://www.sec.gov/Archives/edgar/data/1929561/000192956125000110/rxo2025q3pressrelease.htm | RXO earnings release (Ex.99.1) for Q3/25, T2 (CF: Investing activities; row 'Payment for purchases of property and equipment'), column YTDprior] minus [https://www.sec.gov/Archives/edgar/data/1929561/000192956125000096/rxo2025q2pressrelease.htm | RXO earnings release (Ex.99.1) for Q2/25, T2 (CF: Investing activities; row 'Payment for purchases of property and equipment'), column YTDprior]",Q3 three-month figure derived as YTD3 - YTD2; Cash outflow shown negative as on CF statement ('Payment for purchases of property and equipment'); RXO includes capitalized internal-use software within this line (no separate software line)
capex,Q4/24,-12,USD m,"Derived: YTD through Q4 minus YTD through Q3. Sources: [https://www.sec.gov/Archives/edgar/data/1929561/000192956126000006/rxoq42025pressrelease.htm | RXO earnings release (Ex.99.1) for Q4/25, T2 (CF: Investing activities; row 'Payment for purchases of property and equipment'), column YTDprior] minus [https://www.sec.gov/Archives/edgar/data/1929561/000192956125000110/rxo2025q3pressrelease.htm | RXO earnings release (Ex.99.1) for Q3/25, T2 (CF: Investing activities; row 'Payment for purchases of property and equipment'), column YTDprior]",Q4 three-month figure derived as YTD4 - YTD3 (Q4 = FY - 9M); Cash outflow shown negative as on CF statement ('Payment for purchases of property and equipment'); RXO includes capitalized internal-use software within this line (no separate software line)
capex,FY2024,-45,USD m,"https://www.sec.gov/Archives/edgar/data/1929561/000192956126000006/rxoq42025pressrelease.htm | RXO earnings release (Ex.99.1) for Q4/25, T2 (CF: Investing activities; row 'Payment for purchases of property and equipment'), column YTDprior",Cash outflow shown negative as on CF statement ('Payment for purchases of property and equipment'); RXO includes capitalized internal-use software within this line (no separate software line)
capex,Q1/25,-15,USD m,"https://www.sec.gov/Archives/edgar/data/1929561/000192956126000023/rxo2026q1pressrelease.htm | RXO earnings release (Ex.99.1) for Q1/26, T2 (CF: Investing activities; row 'Payment for purchases of property and equipment'), column Qprior",Cash outflow shown negative as on CF statement ('Payment for purchases of property and equipment'); RXO includes capitalized internal-use software within this line (no separate software line)
capex,Q2/25,-14,USD m,"Derived: YTD through Q2 minus YTD through Q1. Sources: [https://www.sec.gov/Archives/edgar/data/1929561/000192956126000033/rxo2026q2pressrelease.htm | RXO earnings release (Ex.99.1) for Q2/26, T2 (CF: Investing activities; row 'Payment for purchases of property and equipment'), column YTDprior] minus [https://www.sec.gov/Archives/edgar/data/1929561/000192956126000023/rxo2026q1pressrelease.htm | RXO earnings release (Ex.99.1) for Q1/26, T2 (CF: Investing activities; row 'Payment for purchases of property and equipment'), column Qprior]",Q2 three-month figure derived as YTD2 - YTD1; Cash outflow shown negative as on CF statement ('Payment for purchases of property and equipment'); RXO includes capitalized internal-use software within this line (no separate software line)
capex,Q3/25,-14,USD m,"Derived: YTD through Q3 minus YTD through Q2. Sources: [https://www.sec.gov/Archives/edgar/data/1929561/000192956125000110/rxo2025q3pressrelease.htm | RXO earnings release (Ex.99.1) for Q3/25, T2 (CF: Investing activities; row 'Payment for purchases of property and equipment'), column YTDcur] minus [https://www.sec.gov/Archives/edgar/data/1929561/000192956126000033/rxo2026q2pressrelease.htm | RXO earnings release (Ex.99.1) for Q2/26, T2 (CF: Investing activities; row 'Payment for purchases of property and equipment'), column YTDprior]",Q3 three-month figure derived as YTD3 - YTD2; Cash outflow shown negative as on CF statement ('Payment for purchases of property and equipment'); RXO includes capitalized internal-use software within this line (no separate software line)
capex,Q4/25,-16,USD m,"Derived: YTD through Q4 minus YTD through Q3. Sources: [https://www.sec.gov/Archives/edgar/data/1929561/000192956126000006/rxoq42025pressrelease.htm | RXO earnings release (Ex.99.1) for Q4/25, T2 (CF: Investing activities; row 'Payment for purchases of property and equipment'), column YTDcur] minus [https://www.sec.gov/Archives/edgar/data/1929561/000192956125000110/rxo2025q3pressrelease.htm | RXO earnings release (Ex.99.1) for Q3/25, T2 (CF: Investing activities; row 'Payment for purchases of property and equipment'), column YTDcur]",Q4 three-month figure derived as YTD4 - YTD3 (Q4 = FY - 9M); Cash outflow shown negative as on CF statement ('Payment for purchases of property and equipment'); RXO includes capitalized internal-use software within this line (no separate software line)
capex,FY2025,-59,USD m,"https://www.sec.gov/Archives/edgar/data/1929561/000192956126000006/rxoq42025pressrelease.htm | RXO earnings release (Ex.99.1) for Q4/25, T2 (CF: Investing activities; row 'Payment for purchases of property and equipment'), column YTDcur",Cash outflow shown negative as on CF statement ('Payment for purchases of property and equipment'); RXO includes capitalized internal-use software within this line (no separate software line)
capex,Q1/26,-17,USD m,"https://www.sec.gov/Archives/edgar/data/1929561/000192956126000023/rxo2026q1pressrelease.htm | RXO earnings release (Ex.99.1) for Q1/26, T2 (CF: Investing activities; row 'Payment for purchases of property and equipment'), column Qcur",Cash outflow shown negative as on CF statement ('Payment for purchases of property and equipment'); RXO includes capitalized internal-use software within this line (no separate software line)
capex,Q2/26,-12,USD m,"Derived: YTD through Q2 minus YTD through Q1. Sources: [https://www.sec.gov/Archives/edgar/data/1929561/000192956126000033/rxo2026q2pressrelease.htm | RXO earnings release (Ex.99.1) for Q2/26, T2 (CF: Investing activities; row 'Payment for purchases of property and equipment'), column YTDcur] minus [https://www.sec.gov/Archives/edgar/data/1929561/000192956126000023/rxo2026q1pressrelease.htm | RXO earnings release (Ex.99.1) for Q1/26, T2 (CF: Investing activities; row 'Payment for purchases of property and equipment'), column Qcur]",Q2 three-month figure derived as YTD2 - YTD1; Cash outflow shown negative as on CF statement ('Payment for purchases of property and equipment'); RXO includes capitalized internal-use software within this line (no separate software line)
capex,LTM_Q2/26,-59,USD m,Derived: sum of Q3/25+Q4/25+Q1/26+Q2/26 three-month figures,LTM to 30-Jun-2026
capex,LTM_Q2/25,-52,USD m,Derived: sum of Q3/24..Q2/25 three-month figures,LTM to 30-Jun-2025
cash,FY2021,29,USD m,"https://www.sec.gov/Archives/edgar/data/1929561/000192956123000023/rxoq42022pressrelease.htm | RXO earnings release (Ex.99.1) for Q4/22, T1 (BS: Current assets; row 'Cash and cash equivalents'), column BSprior",
cash,Q2/22,212,USD m,"https://www.sec.gov/Archives/edgar/data/1929561/000162828022026335/exhibit991-form10a.htm | Form 10/A information statement (Ex.99.1), unaudited condensed combined balance sheet as of June 30, 2022",
cash,Q3/22,187,USD m,"https://www.sec.gov/Archives/edgar/data/1929561/000192956122000022/rxo-20220930.htm | Form 10-Q Q3 2022, Condensed Combined Balance Sheet (Sept 30, 2022)",
cash,Q4/22,98,USD m,"https://www.sec.gov/Archives/edgar/data/1929561/000192956124000025/rxoq42023pressrelease.htm | RXO earnings release (Ex.99.1) for Q4/23, T1 (BS: Current assets; row 'Cash and cash equivalents'), column BSprior",Year-end balance (same as FY2022)
cash,FY2022,98,USD m,"https://www.sec.gov/Archives/edgar/data/1929561/000192956124000025/rxoq42023pressrelease.htm | RXO earnings release (Ex.99.1) for Q4/23, T1 (BS: Current assets; row 'Cash and cash equivalents'), column BSprior",
cash,Q1/23,121,USD m,"https://www.sec.gov/Archives/edgar/data/1929561/000192956123000054/rxoq12023pressrelease.htm | RXO earnings release (Ex.99.1) for Q1/23, T1 (BS: Current assets; row 'Cash and cash equivalents'), column BScur",
cash,Q2/23,124,USD m,"https://www.sec.gov/Archives/edgar/data/1929561/000192956123000069/rxo2023q2pressrelease.htm | RXO earnings release (Ex.99.1) for Q2/23, T1 (BS: Current assets; row 'Cash and cash equivalents'), column BScur",
cash,Q3/23,104,USD m,"https://www.sec.gov/Archives/edgar/data/1929561/000192956123000090/rxo2023q3pressrelease.htm | RXO earnings release (Ex.99.1) for Q3/23, T1 (BS: Current assets; row 'Cash and cash equivalents'), column BScur",
cash,Q4/23,5,USD m,"https://www.sec.gov/Archives/edgar/data/1929561/000192956125000029/rxoq42024pressrelease.htm | RXO earnings release (Ex.99.1) for Q4/24, T1 (BS: Current assets; row 'Cash and cash equivalents'), column BSprior",Year-end balance (same as FY2023)
cash,FY2023,5,USD m,"https://www.sec.gov/Archives/edgar/data/1929561/000192956125000029/rxoq42024pressrelease.htm | RXO earnings release (Ex.99.1) for Q4/24, T1 (BS: Current assets; row 'Cash and cash equivalents'), column BSprior",
cash,Q1/24,7,USD m,"https://www.sec.gov/Archives/edgar/data/1929561/000192956124000075/rxo2024q1pressrelease.htm | RXO earnings release (Ex.99.1) for Q1/24, T1 (BS: Current assets; row 'Cash and cash equivalents'), column BScur",
cash,Q2/24,7,USD m,"https://www.sec.gov/Archives/edgar/data/1929561/000192956124000098/rxo2024q2pressrelease.htm | RXO earnings release (Ex.99.1) for Q2/24, T1 (BS: Current assets; row 'Cash and cash equivalents'), column BScur",
cash,Q3/24,55,USD m,"https://www.sec.gov/Archives/edgar/data/1929561/000192956124000123/rxo2024q3pressrelease.htm | RXO earnings release (Ex.99.1) for Q3/24, T1 (BS: Current assets; row 'Cash and cash equivalents'), column BScur",
cash,Q4/24,35,USD m,"https://www.sec.gov/Archives/edgar/data/1929561/000192956126000006/rxoq42025pressrelease.htm | RXO earnings release (Ex.99.1) for Q4/25, T1 (BS: Current assets; row 'Cash and cash equivalents'), column BSprior",Year-end balance (same as FY2024)
cash,FY2024,35,USD m,"https://www.sec.gov/Archives/edgar/data/1929561/000192956126000006/rxoq42025pressrelease.htm | RXO earnings release (Ex.99.1) for Q4/25, T1 (BS: Current assets; row 'Cash and cash equivalents'), column BSprior",
cash,Q1/25,16,USD m,"https://www.sec.gov/Archives/edgar/data/1929561/000192956125000078/rxo2025q1pressrelease.htm | RXO earnings release (Ex.99.1) for Q1/25, T1 (BS: Current assets; row 'Cash and cash equivalents'), column BScur",
cash,Q2/25,18,USD m,"https://www.sec.gov/Archives/edgar/data/1929561/000192956125000096/rxo2025q2pressrelease.htm | RXO earnings release (Ex.99.1) for Q2/25, T1 (BS: Current assets; row 'Cash and cash equivalents'), column BScur",
cash,Q3/25,25,USD m,"https://www.sec.gov/Archives/edgar/data/1929561/000192956125000110/rxo2025q3pressrelease.htm | RXO earnings release (Ex.99.1) for Q3/25, T1 (BS: Current assets; row 'Cash and cash equivalents'), column BScur",
cash,Q4/25,17,USD m,"https://www.sec.gov/Archives/edgar/data/1929561/000192956126000033/rxo2026q2pressrelease.htm | RXO earnings release (Ex.99.1) for Q2/26, T1 (BS: Current assets; row 'Cash and cash equivalents'), column BSprior",Year-end balance (same as FY2025)
cash,FY2025,17,USD m,"https://www.sec.gov/Archives/edgar/data/1929561/000192956126000033/rxo2026q2pressrelease.htm | RXO earnings release (Ex.99.1) for Q2/26, T1 (BS: Current assets; row 'Cash and cash equivalents'), column BSprior",
cash,Q1/26,21,USD m,"https://www.sec.gov/Archives/edgar/data/1929561/000192956126000023/rxo2026q1pressrelease.htm | RXO earnings release (Ex.99.1) for Q1/26, T1 (BS: Current assets; row 'Cash and cash equivalents'), column BScur",
cash,Q2/26,15,USD m,"https://www.sec.gov/Archives/edgar/data/1929561/000192956126000033/rxo2026q2pressrelease.htm | RXO earnings release (Ex.99.1) for Q2/26, T1 (BS: Current assets; row 'Cash and cash equivalents'), column BScur",
cash_interest_paid,Q3/22,0,USD m,"Derived: YTD through Q3 minus YTD through Q2. Sources: [https://www.sec.gov/Archives/edgar/data/1929561/000192956123000090/rxo2023q3pressrelease.htm | RXO earnings release (Ex.99.1) for Q3/23, T2 (CF: Supplemental disclosure of cash flow inf; row 'Cash paid for interest, net'), column YTDprior] minus [https://www.sec.gov/Archives/edgar/data/1929561/000192956123000069/rxo2023q2pressrelease.htm | RXO earnings release (Ex.99.1) for Q2/23, T2 (CF: Supplemental disclosure of cash flow inf; row 'Cash paid for interest, net'), column YTDprior]",Q3 three-month figure derived as YTD3 - YTD2
cash_interest_paid,Q4/22,0,USD m,"Derived: YTD through Q4 minus YTD through Q3. Sources: [https://www.sec.gov/Archives/edgar/data/1929561/000192956124000025/rxoq42023pressrelease.htm | RXO earnings release (Ex.99.1) for Q4/23, T2 (CF: Supplemental disclosure of cash flow inf; row 'Cash paid for interest, net'), column YTDprior] minus [https://www.sec.gov/Archives/edgar/data/1929561/000192956123000090/rxo2023q3pressrelease.htm | RXO earnings release (Ex.99.1) for Q3/23, T2 (CF: Supplemental disclosure of cash flow inf; row 'Cash paid for interest, net'), column YTDprior]",Q4 three-month figure derived as YTD4 - YTD3 (Q4 = FY - 9M)
cash_interest_paid,FY2022,0,USD m,"https://www.sec.gov/Archives/edgar/data/1929561/000192956124000025/rxoq42023pressrelease.htm | RXO earnings release (Ex.99.1) for Q4/23, T2 (CF: Supplemental disclosure of cash flow inf; row 'Cash paid for interest, net'), column YTDprior",
cash_interest_paid,Q1/23,0,USD m,"https://www.sec.gov/Archives/edgar/data/1929561/000192956124000075/rxo2024q1pressrelease.htm | RXO earnings release (Ex.99.1) for Q1/24, T2 (CF: Supplemental disclosure of cash flow inf; row 'Cash paid for interest, net'), column Qprior",
cash_interest_paid,Q2/23,17,USD m,"Derived: YTD through Q2 minus YTD through Q1. Sources: [https://www.sec.gov/Archives/edgar/data/1929561/000192956124000098/rxo2024q2pressrelease.htm | RXO earnings release (Ex.99.1) for Q2/24, T2 (CF: Supplemental disclosure of cash flow inf; row 'Cash paid for interest, net'), column YTDprior] minus [https://www.sec.gov/Archives/edgar/data/1929561/000192956124000075/rxo2024q1pressrelease.htm | RXO earnings release (Ex.99.1) for Q1/24, T2 (CF: Supplemental disclosure of cash flow inf; row 'Cash paid for interest, net'), column Qprior]",Q2 three-month figure derived as YTD2 - YTD1
cash_interest_paid,Q3/23,1,USD m,"Derived: YTD through Q3 minus YTD through Q2. Sources: [https://www.sec.gov/Archives/edgar/data/1929561/000192956124000123/rxo2024q3pressrelease.htm | RXO earnings release (Ex.99.1) for Q3/24, T2 (CF: Supplemental disclosure of cash flow inf; row 'Cash paid for interest, net'), column YTDprior] minus [https://www.sec.gov/Archives/edgar/data/1929561/000192956124000098/rxo2024q2pressrelease.htm | RXO earnings release (Ex.99.1) for Q2/24, T2 (CF: Supplemental disclosure of cash flow inf; row 'Cash paid for interest, net'), column YTDprior]",Q3 three-month figure derived as YTD3 - YTD2
cash_interest_paid,Q4/23,14,USD m,"Derived: YTD through Q4 minus YTD through Q3. Sources: [https://www.sec.gov/Archives/edgar/data/1929561/000192956125000029/rxoq42024pressrelease.htm | RXO earnings release (Ex.99.1) for Q4/24, T2 (CF: Supplemental disclosure of cash flow inf; row 'Cash paid for interest, net'), column YTDprior] minus [https://www.sec.gov/Archives/edgar/data/1929561/000192956124000123/rxo2024q3pressrelease.htm | RXO earnings release (Ex.99.1) for Q3/24, T2 (CF: Supplemental disclosure of cash flow inf; row 'Cash paid for interest, net'), column YTDprior]",Q4 three-month figure derived as YTD4 - YTD3 (Q4 = FY - 9M)
cash_interest_paid,FY2023,32,USD m,"https://www.sec.gov/Archives/edgar/data/1929561/000192956125000029/rxoq42024pressrelease.htm | RXO earnings release (Ex.99.1) for Q4/24, T2 (CF: Supplemental disclosure of cash flow inf; row 'Cash paid for interest, net'), column YTDprior",
cash_interest_paid,Q1/24,1,USD m,"https://www.sec.gov/Archives/edgar/data/1929561/000192956125000078/rxo2025q1pressrelease.htm | RXO earnings release (Ex.99.1) for Q1/25, T2 (CF: Supplemental disclosure of cash flow inf; row 'Cash paid for interest, net'), column Qprior",
cash_interest_paid,Q2/24,14,USD m,"Derived: YTD through Q2 minus YTD through Q1. Sources: [https://www.sec.gov/Archives/edgar/data/1929561/000192956125000096/rxo2025q2pressrelease.htm | RXO earnings release (Ex.99.1) for Q2/25, T2 (CF: Supplemental disclosure of cash flow inf; row 'Cash paid for interest, net'), column YTDprior] minus [https://www.sec.gov/Archives/edgar/data/1929561/000192956125000078/rxo2025q1pressrelease.htm | RXO earnings release (Ex.99.1) for Q1/25, T2 (CF: Supplemental disclosure of cash flow inf; row 'Cash paid for interest, net'), column Qprior]",Q2 three-month figure derived as YTD2 - YTD1
cash_interest_paid,Q3/24,-2,USD m,"Derived: YTD through Q3 minus YTD through Q2. Sources: [https://www.sec.gov/Archives/edgar/data/1929561/000192956125000110/rxo2025q3pressrelease.htm | RXO earnings release (Ex.99.1) for Q3/25, T2 (CF: Supplemental disclosure of cash flow inf; row 'Cash paid for interest, net'), column YTDprior] minus [https://www.sec.gov/Archives/edgar/data/1929561/000192956125000096/rxo2025q2pressrelease.htm | RXO earnings release (Ex.99.1) for Q2/25, T2 (CF: Supplemental disclosure of cash flow inf; row 'Cash paid for interest, net'), column YTDprior]",Q3 three-month figure derived as YTD3 - YTD2
cash_interest_paid,Q4/24,14,USD m,"Derived: YTD through Q4 minus YTD through Q3. Sources: [https://www.sec.gov/Archives/edgar/data/1929561/000192956126000006/rxoq42025pressrelease.htm | RXO earnings release (Ex.99.1) for Q4/25, T2 (CF: Supplemental disclosure of cash flow inf; row 'Cash paid for interest, net'), column YTDprior] minus [https://www.sec.gov/Archives/edgar/data/1929561/000192956125000110/rxo2025q3pressrelease.htm | RXO earnings release (Ex.99.1) for Q3/25, T2 (CF: Supplemental disclosure of cash flow inf; row 'Cash paid for interest, net'), column YTDprior]",Q4 three-month figure derived as YTD4 - YTD3 (Q4 = FY - 9M)
cash_interest_paid,FY2024,27,USD m,"https://www.sec.gov/Archives/edgar/data/1929561/000192956126000006/rxoq42025pressrelease.htm | RXO earnings release (Ex.99.1) for Q4/25, T2 (CF: Supplemental disclosure of cash flow inf; row 'Cash paid for interest, net'), column YTDprior",
cash_interest_paid,Q1/25,2,USD m,"https://www.sec.gov/Archives/edgar/data/1929561/000192956126000023/rxo2026q1pressrelease.htm | RXO earnings release (Ex.99.1) for Q1/26, T2 (CF: Supplemental disclosure of cash flow inf; row 'Cash paid for interest, net'), column Qprior",
cash_interest_paid,Q2/25,14,USD m,"Derived: YTD through Q2 minus YTD through Q1. Sources: [https://www.sec.gov/Archives/edgar/data/1929561/000192956126000033/rxo2026q2pressrelease.htm | RXO earnings release (Ex.99.1) for Q2/26, T2 (CF: Supplemental disclosure of cash flow inf; row 'Cash paid for interest, net'), column YTDprior] minus [https://www.sec.gov/Archives/edgar/data/1929561/000192956126000023/rxo2026q1pressrelease.htm | RXO earnings release (Ex.99.1) for Q1/26, T2 (CF: Supplemental disclosure of cash flow inf; row 'Cash paid for interest, net'), column Qprior]",Q2 three-month figure derived as YTD2 - YTD1
cash_interest_paid,Q3/25,1,USD m,"Derived: YTD through Q3 minus YTD through Q2. Sources: [https://www.sec.gov/Archives/edgar/data/1929561/000192956125000110/rxo2025q3pressrelease.htm | RXO earnings release (Ex.99.1) for Q3/25, T2 (CF: Supplemental disclosure of cash flow inf; row 'Cash paid for interest, net'), column YTDcur] minus [https://www.sec.gov/Archives/edgar/data/1929561/000192956126000033/rxo2026q2pressrelease.htm | RXO earnings release (Ex.99.1) for Q2/26, T2 (CF: Supplemental disclosure of cash flow inf; row 'Cash paid for interest, net'), column YTDprior]",Q3 three-month figure derived as YTD3 - YTD2
cash_interest_paid,Q4/25,15,USD m,"Derived: YTD through Q4 minus YTD through Q3. Sources: [https://www.sec.gov/Archives/edgar/data/1929561/000192956126000006/rxoq42025pressrelease.htm | RXO earnings release (Ex.99.1) for Q4/25, T2 (CF: Supplemental disclosure of cash flow inf; row 'Cash paid for interest, net'), column YTDcur] minus [https://www.sec.gov/Archives/edgar/data/1929561/000192956125000110/rxo2025q3pressrelease.htm | RXO earnings release (Ex.99.1) for Q3/25, T2 (CF: Supplemental disclosure of cash flow inf; row 'Cash paid for interest, net'), column YTDcur]",Q4 three-month figure derived as YTD4 - YTD3 (Q4 = FY - 9M)
cash_interest_paid,FY2025,32,USD m,"https://www.sec.gov/Archives/edgar/data/1929561/000192956126000006/rxoq42025pressrelease.htm | RXO earnings release (Ex.99.1) for Q4/25, T2 (CF: Supplemental disclosure of cash flow inf; row 'Cash paid for interest, net'), column YTDcur",
cash_interest_paid,Q1/26,8,USD m,"https://www.sec.gov/Archives/edgar/data/1929561/000192956126000023/rxo2026q1pressrelease.htm | RXO earnings release (Ex.99.1) for Q1/26, T2 (CF: Supplemental disclosure of cash flow inf; row 'Cash paid for interest, net'), column Qcur",
cash_interest_paid,Q2/26,3,USD m,"Derived: YTD through Q2 minus YTD through Q1. Sources: [https://www.sec.gov/Archives/edgar/data/1929561/000192956126000033/rxo2026q2pressrelease.htm | RXO earnings release (Ex.99.1) for Q2/26, T2 (CF: Supplemental disclosure of cash flow inf; row 'Cash paid for interest, net'), column YTDcur] minus [https://www.sec.gov/Archives/edgar/data/1929561/000192956126000023/rxo2026q1pressrelease.htm | RXO earnings release (Ex.99.1) for Q1/26, T2 (CF: Supplemental disclosure of cash flow inf; row 'Cash paid for interest, net'), column Qcur]",Q2 three-month figure derived as YTD2 - YTD1
cash_taxes_paid,Q1/22,1,USD m,"https://www.sec.gov/Archives/edgar/data/1929561/000192956123000054/rxoq12023pressrelease.htm | RXO earnings release (Ex.99.1) for Q1/23, T2 (CF: Supplemental disclosure of cash flow inf; row 'Cash paid for income taxes, net'), column Qprior",
cash_taxes_paid,Q2/22,2,USD m,"Derived: YTD through Q2 minus YTD through Q1. Sources: [https://www.sec.gov/Archives/edgar/data/1929561/000192956123000069/rxo2023q2pressrelease.htm | RXO earnings release (Ex.99.1) for Q2/23, T2 (CF: Supplemental disclosure of cash flow inf; row 'Cash paid for income taxes, net'), column YTDprior] minus [https://www.sec.gov/Archives/edgar/data/1929561/000192956123000054/rxoq12023pressrelease.htm | RXO earnings release (Ex.99.1) for Q1/23, T2 (CF: Supplemental disclosure of cash flow inf; row 'Cash paid for income taxes, net'), column Qprior]",Q2 three-month figure derived as YTD2 - YTD1
cash_taxes_paid,Q3/22,0,USD m,"Derived: YTD through Q3 minus YTD through Q2. Sources: [https://www.sec.gov/Archives/edgar/data/1929561/000192956123000090/rxo2023q3pressrelease.htm | RXO earnings release (Ex.99.1) for Q3/23, T2 (CF: Supplemental disclosure of cash flow inf; row 'Cash paid for income taxes, net'), column YTDprior] minus [https://www.sec.gov/Archives/edgar/data/1929561/000192956123000069/rxo2023q2pressrelease.htm | RXO earnings release (Ex.99.1) for Q2/23, T2 (CF: Supplemental disclosure of cash flow inf; row 'Cash paid for income taxes, net'), column YTDprior]",Q3 three-month figure derived as YTD3 - YTD2
cash_taxes_paid,Q4/22,0,USD m,"Derived: YTD through Q4 minus YTD through Q3. Sources: [https://www.sec.gov/Archives/edgar/data/1929561/000192956124000025/rxoq42023pressrelease.htm | RXO earnings release (Ex.99.1) for Q4/23, T2 (CF: Supplemental disclosure of cash flow inf; row 'Cash paid for income taxes, net'), column YTDprior] minus [https://www.sec.gov/Archives/edgar/data/1929561/000192956123000090/rxo2023q3pressrelease.htm | RXO earnings release (Ex.99.1) for Q3/23, T2 (CF: Supplemental disclosure of cash flow inf; row 'Cash paid for income taxes, net'), column YTDprior]",Q4 three-month figure derived as YTD4 - YTD3 (Q4 = FY - 9M)
cash_taxes_paid,FY2022,3,USD m,"https://www.sec.gov/Archives/edgar/data/1929561/000192956124000025/rxoq42023pressrelease.htm | RXO earnings release (Ex.99.1) for Q4/23, T2 (CF: Supplemental disclosure of cash flow inf; row 'Cash paid for income taxes, net'), column YTDprior",
cash_taxes_paid,Q1/23,6,USD m,"https://www.sec.gov/Archives/edgar/data/1929561/000192956124000075/rxo2024q1pressrelease.htm | RXO earnings release (Ex.99.1) for Q1/24, T2 (CF: Supplemental disclosure of cash flow inf; row 'Cash paid for income taxes, net'), column Qprior",
cash_taxes_paid,Q2/23,15,USD m,"Derived: YTD through Q2 minus YTD through Q1. Sources: [https://www.sec.gov/Archives/edgar/data/1929561/000192956124000098/rxo2024q2pressrelease.htm | RXO earnings release (Ex.99.1) for Q2/24, T2 (CF: Supplemental disclosure of cash flow inf; row 'Cash paid for income taxes, net'), column YTDprior] minus [https://www.sec.gov/Archives/edgar/data/1929561/000192956124000075/rxo2024q1pressrelease.htm | RXO earnings release (Ex.99.1) for Q1/24, T2 (CF: Supplemental disclosure of cash flow inf; row 'Cash paid for income taxes, net'), column Qprior]",Q2 three-month figure derived as YTD2 - YTD1
cash_taxes_paid,Q3/23,4,USD m,"Derived: YTD through Q3 minus YTD through Q2. Sources: [https://www.sec.gov/Archives/edgar/data/1929561/000192956124000123/rxo2024q3pressrelease.htm | RXO earnings release (Ex.99.1) for Q3/24, T2 (CF: Supplemental disclosure of cash flow inf; row 'Cash paid for income taxes, net'), column YTDprior] minus [https://www.sec.gov/Archives/edgar/data/1929561/000192956124000098/rxo2024q2pressrelease.htm | RXO earnings release (Ex.99.1) for Q2/24, T2 (CF: Supplemental disclosure of cash flow inf; row 'Cash paid for income taxes, net'), column YTDprior]",Q3 three-month figure derived as YTD3 - YTD2
cash_taxes_paid,Q4/23,2,USD m,"Derived: YTD through Q4 minus YTD through Q3. Sources: [https://www.sec.gov/Archives/edgar/data/1929561/000192956125000029/rxoq42024pressrelease.htm | RXO earnings release (Ex.99.1) for Q4/24, T2 (CF: Supplemental disclosure of cash flow inf; row 'Cash paid for income taxes, net'), column YTDprior] minus [https://www.sec.gov/Archives/edgar/data/1929561/000192956124000123/rxo2024q3pressrelease.htm | RXO earnings release (Ex.99.1) for Q3/24, T2 (CF: Supplemental disclosure of cash flow inf; row 'Cash paid for income taxes, net'), column YTDprior]",Q4 three-month figure derived as YTD4 - YTD3 (Q4 = FY - 9M)
cash_taxes_paid,FY2023,27,USD m,"https://www.sec.gov/Archives/edgar/data/1929561/000192956125000029/rxoq42024pressrelease.htm | RXO earnings release (Ex.99.1) for Q4/24, T2 (CF: Supplemental disclosure of cash flow inf; row 'Cash paid for income taxes, net'), column YTDprior",
cash_taxes_paid,Q1/24,1,USD m,"https://www.sec.gov/Archives/edgar/data/1929561/000192956125000078/rxo2025q1pressrelease.htm | RXO earnings release (Ex.99.1) for Q1/25, T2 (CF: Supplemental disclosure of cash flow inf; row 'Cash paid for income taxes, net'), column Qprior",
cash_taxes_paid,Q2/24,1,USD m,"Derived: YTD through Q2 minus YTD through Q1. Sources: [https://www.sec.gov/Archives/edgar/data/1929561/000192956125000096/rxo2025q2pressrelease.htm | RXO earnings release (Ex.99.1) for Q2/25, T2 (CF: Supplemental disclosure of cash flow inf; row 'Cash paid for income taxes, net'), column YTDprior] minus [https://www.sec.gov/Archives/edgar/data/1929561/000192956125000078/rxo2025q1pressrelease.htm | RXO earnings release (Ex.99.1) for Q1/25, T2 (CF: Supplemental disclosure of cash flow inf; row 'Cash paid for income taxes, net'), column Qprior]",Q2 three-month figure derived as YTD2 - YTD1
cash_taxes_paid,Q3/24,1,USD m,"Derived: YTD through Q3 minus YTD through Q2. Sources: [https://www.sec.gov/Archives/edgar/data/1929561/000192956125000110/rxo2025q3pressrelease.htm | RXO earnings release (Ex.99.1) for Q3/25, T2 (CF: Supplemental disclosure of cash flow inf; row 'Cash paid for income taxes, net'), column YTDprior] minus [https://www.sec.gov/Archives/edgar/data/1929561/000192956125000096/rxo2025q2pressrelease.htm | RXO earnings release (Ex.99.1) for Q2/25, T2 (CF: Supplemental disclosure of cash flow inf; row 'Cash paid for income taxes, net'), column YTDprior]",Q3 three-month figure derived as YTD3 - YTD2
cash_taxes_paid,Q4/24,1,USD m,"Derived: YTD through Q4 minus YTD through Q3. Sources: [https://www.sec.gov/Archives/edgar/data/1929561/000192956126000006/rxoq42025pressrelease.htm | RXO earnings release (Ex.99.1) for Q4/25, T2 (CF: Supplemental disclosure of cash flow inf; row 'Cash paid for income taxes, net'), column YTDprior] minus [https://www.sec.gov/Archives/edgar/data/1929561/000192956125000110/rxo2025q3pressrelease.htm | RXO earnings release (Ex.99.1) for Q3/25, T2 (CF: Supplemental disclosure of cash flow inf; row 'Cash paid for income taxes, net'), column YTDprior]",Q4 three-month figure derived as YTD4 - YTD3 (Q4 = FY - 9M)
cash_taxes_paid,FY2024,4,USD m,"https://www.sec.gov/Archives/edgar/data/1929561/000192956126000006/rxoq42025pressrelease.htm | RXO earnings release (Ex.99.1) for Q4/25, T2 (CF: Supplemental disclosure of cash flow inf; row 'Cash paid for income taxes, net'), column YTDprior",
cash_taxes_paid,Q1/25,1,USD m,"https://www.sec.gov/Archives/edgar/data/1929561/000192956126000023/rxo2026q1pressrelease.htm | RXO earnings release (Ex.99.1) for Q1/26, T2 (CF: Supplemental disclosure of cash flow inf; row 'Cash paid for income taxes, net'), column Qprior",
cash_taxes_paid,Q2/25,3,USD m,"Derived: YTD through Q2 minus YTD through Q1. Sources: [https://www.sec.gov/Archives/edgar/data/1929561/000192956126000033/rxo2026q2pressrelease.htm | RXO earnings release (Ex.99.1) for Q2/26, T2 (CF: Supplemental disclosure of cash flow inf; row 'Cash paid for income taxes, net'), column YTDprior] minus [https://www.sec.gov/Archives/edgar/data/1929561/000192956126000023/rxo2026q1pressrelease.htm | RXO earnings release (Ex.99.1) for Q1/26, T2 (CF: Supplemental disclosure of cash flow inf; row 'Cash paid for income taxes, net'), column Qprior]",Q2 three-month figure derived as YTD2 - YTD1
cash_taxes_paid,Q3/25,2,USD m,"Derived: YTD through Q3 minus YTD through Q2. Sources: [https://www.sec.gov/Archives/edgar/data/1929561/000192956125000110/rxo2025q3pressrelease.htm | RXO earnings release (Ex.99.1) for Q3/25, T2 (CF: Supplemental disclosure of cash flow inf; row 'Cash paid for income taxes, net'), column YTDcur] minus [https://www.sec.gov/Archives/edgar/data/1929561/000192956126000033/rxo2026q2pressrelease.htm | RXO earnings release (Ex.99.1) for Q2/26, T2 (CF: Supplemental disclosure of cash flow inf; row 'Cash paid for income taxes, net'), column YTDprior]",Q3 three-month figure derived as YTD3 - YTD2
cash_taxes_paid,Q4/25,1,USD m,"Derived: YTD through Q4 minus YTD through Q3. Sources: [https://www.sec.gov/Archives/edgar/data/1929561/000192956126000006/rxoq42025pressrelease.htm | RXO earnings release (Ex.99.1) for Q4/25, T2 (CF: Supplemental disclosure of cash flow inf; row 'Cash paid for income taxes, net'), column YTDcur] minus [https://www.sec.gov/Archives/edgar/data/1929561/000192956125000110/rxo2025q3pressrelease.htm | RXO earnings release (Ex.99.1) for Q3/25, T2 (CF: Supplemental disclosure of cash flow inf; row 'Cash paid for income taxes, net'), column YTDcur]",Q4 three-month figure derived as YTD4 - YTD3 (Q4 = FY - 9M)
cash_taxes_paid,FY2025,7,USD m,"https://www.sec.gov/Archives/edgar/data/1929561/000192956126000006/rxoq42025pressrelease.htm | RXO earnings release (Ex.99.1) for Q4/25, T2 (CF: Supplemental disclosure of cash flow inf; row 'Cash paid for income taxes, net'), column YTDcur",
cash_taxes_paid,Q1/26,1,USD m,"https://www.sec.gov/Archives/edgar/data/1929561/000192956126000023/rxo2026q1pressrelease.htm | RXO earnings release (Ex.99.1) for Q1/26, T2 (CF: Supplemental disclosure of cash flow inf; row 'Cash paid for income taxes, net'), column Qcur",
cash_taxes_paid,Q2/26,4,USD m,"Derived: YTD through Q2 minus YTD through Q1. Sources: [https://www.sec.gov/Archives/edgar/data/1929561/000192956126000033/rxo2026q2pressrelease.htm | RXO earnings release (Ex.99.1) for Q2/26, T2 (CF: Supplemental disclosure of cash flow inf; row 'Cash paid for income taxes, net'), column YTDcur] minus [https://www.sec.gov/Archives/edgar/data/1929561/000192956126000023/rxo2026q1pressrelease.htm | RXO earnings release (Ex.99.1) for Q1/26, T2 (CF: Supplemental disclosure of cash flow inf; row 'Cash paid for income taxes, net'), column Qcur]",Q2 three-month figure derived as YTD2 - YTD1
cf_dep_amort,FY2021,81,USD m,"https://www.sec.gov/Archives/edgar/data/1929561/000192956123000023/rxoq42022pressrelease.htm | RXO earnings release (Ex.99.1) for Q4/22, T2 (CF: Adjustments to reconcile net income to n; row 'Depreciation and amortization expense'), column YTDprior",
cf_dep_amort,Q1/22,21,USD m,"https://www.sec.gov/Archives/edgar/data/1929561/000192956123000054/rxoq12023pressrelease.htm | RXO earnings release (Ex.99.1) for Q1/23, T2 (CF: Adjustments to reconcile net income to n; row 'Depreciation and amortization expense'), column Qprior",
cf_dep_amort,Q2/22,21,USD m,"Derived: YTD through Q2 minus YTD through Q1. Sources: [https://www.sec.gov/Archives/edgar/data/1929561/000192956123000069/rxo2023q2pressrelease.htm | RXO earnings release (Ex.99.1) for Q2/23, T2 (CF: Adjustments to reconcile net income to n; row 'Depreciation and amortization expense'), column YTDprior] minus [https://www.sec.gov/Archives/edgar/data/1929561/000192956123000054/rxoq12023pressrelease.htm | RXO earnings release (Ex.99.1) for Q1/23, T2 (CF: Adjustments to reconcile net income to n; row 'Depreciation and amortization expense'), column Qprior]",Q2 three-month figure derived as YTD2 - YTD1
cf_dep_amort,Q3/22,23,USD m,"Derived: YTD through Q3 minus YTD through Q2. Sources: [https://www.sec.gov/Archives/edgar/data/1929561/000192956123000090/rxo2023q3pressrelease.htm | RXO earnings release (Ex.99.1) for Q3/23, T2 (CF: Adjustments to reconcile net income to n; row 'Depreciation and amortization expense'), column YTDprior] minus [https://www.sec.gov/Archives/edgar/data/1929561/000192956123000069/rxo2023q2pressrelease.htm | RXO earnings release (Ex.99.1) for Q2/23, T2 (CF: Adjustments to reconcile net income to n; row 'Depreciation and amortization expense'), column YTDprior]",Q3 three-month figure derived as YTD3 - YTD2
cf_dep_amort,Q4/22,21,USD m,"Derived: YTD through Q4 minus YTD through Q3. Sources: [https://www.sec.gov/Archives/edgar/data/1929561/000192956124000025/rxoq42023pressrelease.htm | RXO earnings release (Ex.99.1) for Q4/23, T2 (CF: Adjustments to reconcile net income to n; row 'Depreciation and amortization expense'), column YTDprior] minus [https://www.sec.gov/Archives/edgar/data/1929561/000192956123000090/rxo2023q3pressrelease.htm | RXO earnings release (Ex.99.1) for Q3/23, T2 (CF: Adjustments to reconcile net income to n; row 'Depreciation and amortization expense'), column YTDprior]",Q4 three-month figure derived as YTD4 - YTD3 (Q4 = FY - 9M)
cf_dep_amort,FY2022,86,USD m,"https://www.sec.gov/Archives/edgar/data/1929561/000192956124000025/rxoq42023pressrelease.htm | RXO earnings release (Ex.99.1) for Q4/23, T2 (CF: Adjustments to reconcile net income to n; row 'Depreciation and amortization expense'), column YTDprior",
cf_dep_amort,Q1/23,18,USD m,"https://www.sec.gov/Archives/edgar/data/1929561/000192956124000075/rxo2024q1pressrelease.htm | RXO earnings release (Ex.99.1) for Q1/24, T2 (CF: Adjustments to reconcile net income (los; row 'Depreciation and amortization expense'), column Qprior",
cf_dep_amort,Q2/23,18,USD m,"Derived: YTD through Q2 minus YTD through Q1. Sources: [https://www.sec.gov/Archives/edgar/data/1929561/000192956124000098/rxo2024q2pressrelease.htm | RXO earnings release (Ex.99.1) for Q2/24, T2 (CF: Adjustments to reconcile net income (los; row 'Depreciation and amortization expense'), column YTDprior] minus [https://www.sec.gov/Archives/edgar/data/1929561/000192956124000075/rxo2024q1pressrelease.htm | RXO earnings release (Ex.99.1) for Q1/24, T2 (CF: Adjustments to reconcile net income (los; row 'Depreciation and amortization expense'), column Qprior]",Q2 three-month figure derived as YTD2 - YTD1
cf_dep_amort,Q3/23,16,USD m,"Derived: YTD through Q3 minus YTD through Q2. Sources: [https://www.sec.gov/Archives/edgar/data/1929561/000192956124000123/rxo2024q3pressrelease.htm | RXO earnings release (Ex.99.1) for Q3/24, T2 (CF: Adjustments to reconcile net income (los; row 'Depreciation and amortization expense'), column YTDprior] minus [https://www.sec.gov/Archives/edgar/data/1929561/000192956124000098/rxo2024q2pressrelease.htm | RXO earnings release (Ex.99.1) for Q2/24, T2 (CF: Adjustments to reconcile net income (los; row 'Depreciation and amortization expense'), column YTDprior]",Q3 three-month figure derived as YTD3 - YTD2
cf_dep_amort,Q4/23,15,USD m,"Derived: YTD through Q4 minus YTD through Q3. Sources: [https://www.sec.gov/Archives/edgar/data/1929561/000192956125000029/rxoq42024pressrelease.htm | RXO earnings release (Ex.99.1) for Q4/24, T2 (CF: Adjustments to reconcile net income (los; row 'Depreciation and amortization expense'), column YTDprior] minus [https://www.sec.gov/Archives/edgar/data/1929561/000192956124000123/rxo2024q3pressrelease.htm | RXO earnings release (Ex.99.1) for Q3/24, T2 (CF: Adjustments to reconcile net income (los; row 'Depreciation and amortization expense'), column YTDprior]",Q4 three-month figure derived as YTD4 - YTD3 (Q4 = FY - 9M)
cf_dep_amort,FY2023,67,USD m,"https://www.sec.gov/Archives/edgar/data/1929561/000192956125000029/rxoq42024pressrelease.htm | RXO earnings release (Ex.99.1) for Q4/24, T2 (CF: Adjustments to reconcile net income (los; row 'Depreciation and amortization expense'), column YTDprior",
cf_dep_amort,Q1/24,16,USD m,"https://www.sec.gov/Archives/edgar/data/1929561/000192956125000078/rxo2025q1pressrelease.htm | RXO earnings release (Ex.99.1) for Q1/25, T2 (CF: Adjustments to reconcile net loss to net; row 'Depreciation and amortization expense'), column Qprior",
cf_dep_amort,Q2/24,17,USD m,"Derived: YTD through Q2 minus YTD through Q1. Sources: [https://www.sec.gov/Archives/edgar/data/1929561/000192956125000096/rxo2025q2pressrelease.htm | RXO earnings release (Ex.99.1) for Q2/25, T2 (CF: Adjustments to reconcile net loss to net; row 'Depreciation and amortization expense'), column YTDprior] minus [https://www.sec.gov/Archives/edgar/data/1929561/000192956125000078/rxo2025q1pressrelease.htm | RXO earnings release (Ex.99.1) for Q1/25, T2 (CF: Adjustments to reconcile net loss to net; row 'Depreciation and amortization expense'), column Qprior]",Q2 three-month figure derived as YTD2 - YTD1
cf_dep_amort,Q3/24,21,USD m,"Derived: YTD through Q3 minus YTD through Q2. Sources: [https://www.sec.gov/Archives/edgar/data/1929561/000192956125000110/rxo2025q3pressrelease.htm | RXO earnings release (Ex.99.1) for Q3/25, T2 (CF: Adjustments to reconcile net loss to net; row 'Depreciation and amortization expense'), column YTDprior] minus [https://www.sec.gov/Archives/edgar/data/1929561/000192956125000096/rxo2025q2pressrelease.htm | RXO earnings release (Ex.99.1) for Q2/25, T2 (CF: Adjustments to reconcile net loss to net; row 'Depreciation and amortization expense'), column YTDprior]",Q3 three-month figure derived as YTD3 - YTD2
cf_dep_amort,Q4/24,33,USD m,"Derived: YTD through Q4 minus YTD through Q3. Sources: [https://www.sec.gov/Archives/edgar/data/1929561/000192956126000006/rxoq42025pressrelease.htm | RXO earnings release (Ex.99.1) for Q4/25, T2 (CF: Adjustments to reconcile net loss to net; row 'Depreciation and amortization expense'), column YTDprior] minus [https://www.sec.gov/Archives/edgar/data/1929561/000192956125000110/rxo2025q3pressrelease.htm | RXO earnings release (Ex.99.1) for Q3/25, T2 (CF: Adjustments to reconcile net loss to net; row 'Depreciation and amortization expense'), column YTDprior]",Q4 three-month figure derived as YTD4 - YTD3 (Q4 = FY - 9M)
cf_dep_amort,FY2024,87,USD m,"https://www.sec.gov/Archives/edgar/data/1929561/000192956126000006/rxoq42025pressrelease.htm | RXO earnings release (Ex.99.1) for Q4/25, T2 (CF: Adjustments to reconcile net loss to net; row 'Depreciation and amortization expense'), column YTDprior",
cf_dep_amort,Q1/25,32,USD m,"https://www.sec.gov/Archives/edgar/data/1929561/000192956126000023/rxo2026q1pressrelease.htm | RXO earnings release (Ex.99.1) for Q1/26, T2 (CF: Adjustments to reconcile net loss to net; row 'Depreciation and amortization expense'), column Qprior",
cf_dep_amort,Q2/25,30,USD m,"Derived: YTD through Q2 minus YTD through Q1. Sources: [https://www.sec.gov/Archives/edgar/data/1929561/000192956126000033/rxo2026q2pressrelease.htm | RXO earnings release (Ex.99.1) for Q2/26, T2 (CF: Adjustments to reconcile net loss to net; row 'Depreciation and amortization expense'), column YTDprior] minus [https://www.sec.gov/Archives/edgar/data/1929561/000192956126000023/rxo2026q1pressrelease.htm | RXO earnings release (Ex.99.1) for Q1/26, T2 (CF: Adjustments to reconcile net loss to net; row 'Depreciation and amortization expense'), column Qprior]",Q2 three-month figure derived as YTD2 - YTD1
cf_dep_amort,Q3/25,26,USD m,"Derived: YTD through Q3 minus YTD through Q2. Sources: [https://www.sec.gov/Archives/edgar/data/1929561/000192956125000110/rxo2025q3pressrelease.htm | RXO earnings release (Ex.99.1) for Q3/25, T2 (CF: Adjustments to reconcile net loss to net; row 'Depreciation and amortization expense'), column YTDcur] minus [https://www.sec.gov/Archives/edgar/data/1929561/000192956126000033/rxo2026q2pressrelease.htm | RXO earnings release (Ex.99.1) for Q2/26, T2 (CF: Adjustments to reconcile net loss to net; row 'Depreciation and amortization expense'), column YTDprior]",Q3 three-month figure derived as YTD3 - YTD2
cf_dep_amort,Q4/25,28,USD m,"Derived: YTD through Q4 minus YTD through Q3. Sources: [https://www.sec.gov/Archives/edgar/data/1929561/000192956126000006/rxoq42025pressrelease.htm | RXO earnings release (Ex.99.1) for Q4/25, T2 (CF: Adjustments to reconcile net loss to net; row 'Depreciation and amortization expense'), column YTDcur] minus [https://www.sec.gov/Archives/edgar/data/1929561/000192956125000110/rxo2025q3pressrelease.htm | RXO earnings release (Ex.99.1) for Q3/25, T2 (CF: Adjustments to reconcile net loss to net; row 'Depreciation and amortization expense'), column YTDcur]",Q4 three-month figure derived as YTD4 - YTD3 (Q4 = FY - 9M)
cf_dep_amort,FY2025,116,USD m,"https://www.sec.gov/Archives/edgar/data/1929561/000192956126000006/rxoq42025pressrelease.htm | RXO earnings release (Ex.99.1) for Q4/25, T2 (CF: Adjustments to reconcile net loss to net; row 'Depreciation and amortization expense'), column YTDcur",
cf_dep_amort,Q1/26,26,USD m,"https://www.sec.gov/Archives/edgar/data/1929561/000192956126000023/rxo2026q1pressrelease.htm | RXO earnings release (Ex.99.1) for Q1/26, T2 (CF: Adjustments to reconcile net loss to net; row 'Depreciation and amortization expense'), column Qcur",
cf_dep_amort,Q2/26,26,USD m,"Derived: YTD through Q2 minus YTD through Q1. Sources: [https://www.sec.gov/Archives/edgar/data/1929561/000192956126000033/rxo2026q2pressrelease.htm | RXO earnings release (Ex.99.1) for Q2/26, T2 (CF: Adjustments to reconcile net loss to net; row 'Depreciation and amortization expense'), column YTDcur] minus [https://www.sec.gov/Archives/edgar/data/1929561/000192956126000023/rxo2026q1pressrelease.htm | RXO earnings release (Ex.99.1) for Q1/26, T2 (CF: Adjustments to reconcile net loss to net; row 'Depreciation and amortization expense'), column Qcur]",Q2 three-month figure derived as YTD2 - YTD1
cff,FY2021,-158,USD m,"https://www.sec.gov/Archives/edgar/data/1929561/000192956123000023/rxoq42022pressrelease.htm | RXO earnings release (Ex.99.1) for Q4/22, T2 (CF: Financing activities; row 'Net cash used in financing activities'), column YTDprior",
cff,Q1/22,-74,USD m,"https://www.sec.gov/Archives/edgar/data/1929561/000192956123000054/rxoq12023pressrelease.htm | RXO earnings release (Ex.99.1) for Q1/23, T2 (CF: Financing activities; row 'Net cash used in financing activities'), column Qprior",
cff,Q2/22,104,USD m,"Derived: YTD through Q2 minus YTD through Q1. Sources: [https://www.sec.gov/Archives/edgar/data/1929561/000192956123000069/rxo2023q2pressrelease.htm | RXO earnings release (Ex.99.1) for Q2/23, T2 (CF: Financing activities; row 'Net cash (used in) provided by financing activities'), column YTDprior] minus [https://www.sec.gov/Archives/edgar/data/1929561/000192956123000054/rxoq12023pressrelease.htm | RXO earnings release (Ex.99.1) for Q1/23, T2 (CF: Financing activities; row 'Net cash used in financing activities'), column Qprior]",Q2 three-month figure derived as YTD2 - YTD1
cff,Q3/22,-68,USD m,"Derived: YTD through Q3 minus YTD through Q2. Sources: [https://www.sec.gov/Archives/edgar/data/1929561/000192956123000090/rxo2023q3pressrelease.htm | RXO earnings release (Ex.99.1) for Q3/23, T2 (CF: Financing activities; row 'Net cash used in financing activities'), column YTDprior] minus [https://www.sec.gov/Archives/edgar/data/1929561/000192956123000069/rxo2023q2pressrelease.htm | RXO earnings release (Ex.99.1) for Q2/23, T2 (CF: Financing activities; row 'Net cash (used in) provided by financing activities'), column YTDprior]",Q3 three-month figure derived as YTD3 - YTD2
cff,Q4/22,-145,USD m,"Derived: YTD through Q4 minus YTD through Q3. Sources: [https://www.sec.gov/Archives/edgar/data/1929561/000192956124000025/rxoq42023pressrelease.htm | RXO earnings release (Ex.99.1) for Q4/23, T2 (CF: Financing activities; row 'Net cash used in financing activities'), column YTDprior] minus [https://www.sec.gov/Archives/edgar/data/1929561/000192956123000090/rxo2023q3pressrelease.htm | RXO earnings release (Ex.99.1) for Q3/23, T2 (CF: Financing activities; row 'Net cash used in financing activities'), column YTDprior]",Q4 three-month figure derived as YTD4 - YTD3 (Q4 = FY - 9M)
cff,FY2022,-183,USD m,"https://www.sec.gov/Archives/edgar/data/1929561/000192956124000025/rxoq42023pressrelease.htm | RXO earnings release (Ex.99.1) for Q4/23, T2 (CF: Financing activities; row 'Net cash used in financing activities'), column YTDprior",
cff,Q1/23,-8,USD m,"https://www.sec.gov/Archives/edgar/data/1929561/000192956124000075/rxo2024q1pressrelease.htm | RXO earnings release (Ex.99.1) for Q1/24, T2 (CF: Financing activities; row 'Net cash provided by (used in) financing activities'), column Qprior",
cff,Q2/23,-5,USD m,"Derived: YTD through Q2 minus YTD through Q1. Sources: [https://www.sec.gov/Archives/edgar/data/1929561/000192956124000098/rxo2024q2pressrelease.htm | RXO earnings release (Ex.99.1) for Q2/24, T2 (CF: Financing activities; row 'Net cash provided by (used in) financing activities'), column YTDprior] minus [https://www.sec.gov/Archives/edgar/data/1929561/000192956124000075/rxo2024q1pressrelease.htm | RXO earnings release (Ex.99.1) for Q1/24, T2 (CF: Financing activities; row 'Net cash provided by (used in) financing activities'), column Qprior]",Q2 three-month figure derived as YTD2 - YTD1
cff,Q3/23,-4,USD m,"Derived: YTD through Q3 minus YTD through Q2. Sources: [https://www.sec.gov/Archives/edgar/data/1929561/000192956124000123/rxo2024q3pressrelease.htm | RXO earnings release (Ex.99.1) for Q3/24, T2 (CF: Financing activities; row 'Net cash provided by (used in) financing activities'), column YTDprior] minus [https://www.sec.gov/Archives/edgar/data/1929561/000192956124000098/rxo2024q2pressrelease.htm | RXO earnings release (Ex.99.1) for Q2/24, T2 (CF: Financing activities; row 'Net cash provided by (used in) financing activities'), column YTDprior]",Q3 three-month figure derived as YTD3 - YTD2
cff,Q4/23,-100,USD m,"Derived: YTD through Q4 minus YTD through Q3. Sources: [https://www.sec.gov/Archives/edgar/data/1929561/000192956125000029/rxoq42024pressrelease.htm | RXO earnings release (Ex.99.1) for Q4/24, T2 (CF: Financing activities; row 'Net cash provided by (used in) financing activities'), column YTDprior] minus [https://www.sec.gov/Archives/edgar/data/1929561/000192956124000123/rxo2024q3pressrelease.htm | RXO earnings release (Ex.99.1) for Q3/24, T2 (CF: Financing activities; row 'Net cash provided by (used in) financing activities'), column YTDprior]",Q4 three-month figure derived as YTD4 - YTD3 (Q4 = FY - 9M)
cff,FY2023,-117,USD m,"https://www.sec.gov/Archives/edgar/data/1929561/000192956125000029/rxoq42024pressrelease.htm | RXO earnings release (Ex.99.1) for Q4/24, T2 (CF: Financing activities; row 'Net cash provided by (used in) financing activities'), column YTDprior",
cff,Q1/24,6,USD m,"https://www.sec.gov/Archives/edgar/data/1929561/000192956125000078/rxo2025q1pressrelease.htm | RXO earnings release (Ex.99.1) for Q1/25, T2 (CF: Financing activities; row 'Net cash provided by financing activities'), column Qprior",
cff,Q2/24,16,USD m,"Derived: YTD through Q2 minus YTD through Q1. Sources: [https://www.sec.gov/Archives/edgar/data/1929561/000192956125000096/rxo2025q2pressrelease.htm | RXO earnings release (Ex.99.1) for Q2/25, T2 (CF: Financing activities; row 'Net cash provided by financing activities'), column YTDprior] minus [https://www.sec.gov/Archives/edgar/data/1929561/000192956125000078/rxo2025q1pressrelease.htm | RXO earnings release (Ex.99.1) for Q1/25, T2 (CF: Financing activities; row 'Net cash provided by financing activities'), column Qprior]",Q2 three-month figure derived as YTD2 - YTD1
cff,Q3/24,1085,USD m,"Derived: YTD through Q3 minus YTD through Q2. Sources: [https://www.sec.gov/Archives/edgar/data/1929561/000192956125000110/rxo2025q3pressrelease.htm | RXO earnings release (Ex.99.1) for Q3/25, T2 (CF: Financing activities; row 'Net cash provided by financing activities'), column YTDprior] minus [https://www.sec.gov/Archives/edgar/data/1929561/000192956125000096/rxo2025q2pressrelease.htm | RXO earnings release (Ex.99.1) for Q2/25, T2 (CF: Financing activities; row 'Net cash provided by financing activities'), column YTDprior]",Q3 three-month figure derived as YTD3 - YTD2
cff,Q4/24,1,USD m,"Derived: YTD through Q4 minus YTD through Q3. Sources: [https://www.sec.gov/Archives/edgar/data/1929561/000192956126000006/rxoq42025pressrelease.htm | RXO earnings release (Ex.99.1) for Q4/25, T2 (CF: Financing activities; row 'Net cash provided by financing activities'), column YTDprior] minus [https://www.sec.gov/Archives/edgar/data/1929561/000192956125000110/rxo2025q3pressrelease.htm | RXO earnings release (Ex.99.1) for Q3/25, T2 (CF: Financing activities; row 'Net cash provided by financing activities'), column YTDprior]",Q4 three-month figure derived as YTD4 - YTD3 (Q4 = FY - 9M)
cff,FY2024,1108,USD m,"https://www.sec.gov/Archives/edgar/data/1929561/000192956126000006/rxoq42025pressrelease.htm | RXO earnings release (Ex.99.1) for Q4/25, T2 (CF: Financing activities; row 'Net cash provided by financing activities'), column YTDprior",
cff,Q1/25,7,USD m,"https://www.sec.gov/Archives/edgar/data/1929561/000192956126000023/rxo2026q1pressrelease.htm | RXO earnings release (Ex.99.1) for Q1/26, T2 (CF: Financing activities; row 'Net cash provided by financing activities'), column Qprior",
cff,Q2/25,-3,USD m,"Derived: YTD through Q2 minus YTD through Q1. Sources: [https://www.sec.gov/Archives/edgar/data/1929561/000192956126000033/rxo2026q2pressrelease.htm | RXO earnings release (Ex.99.1) for Q2/26, T2 (CF: Financing activities; row 'Net cash provided by financing activities'), column YTDprior] minus [https://www.sec.gov/Archives/edgar/data/1929561/000192956126000023/rxo2026q1pressrelease.htm | RXO earnings release (Ex.99.1) for Q1/26, T2 (CF: Financing activities; row 'Net cash provided by financing activities'), column Qprior]",Q2 three-month figure derived as YTD2 - YTD1
cff,Q3/25,-3,USD m,"Derived: YTD through Q3 minus YTD through Q2. Sources: [https://www.sec.gov/Archives/edgar/data/1929561/000192956125000110/rxo2025q3pressrelease.htm | RXO earnings release (Ex.99.1) for Q3/25, T2 (CF: Financing activities; row 'Net cash provided by financing activities'), column YTDcur] minus [https://www.sec.gov/Archives/edgar/data/1929561/000192956126000033/rxo2026q2pressrelease.htm | RXO earnings release (Ex.99.1) for Q2/26, T2 (CF: Financing activities; row 'Net cash provided by financing activities'), column YTDprior]",Q3 three-month figure derived as YTD3 - YTD2
cff,Q4/25,0,USD m,"Derived: YTD through Q4 minus YTD through Q3. Sources: [https://www.sec.gov/Archives/edgar/data/1929561/000192956126000006/rxoq42025pressrelease.htm | RXO earnings release (Ex.99.1) for Q4/25, T2 (CF: Financing activities; row 'Net cash provided by financing activities'), column YTDcur] minus [https://www.sec.gov/Archives/edgar/data/1929561/000192956125000110/rxo2025q3pressrelease.htm | RXO earnings release (Ex.99.1) for Q3/25, T2 (CF: Financing activities; row 'Net cash provided by financing activities'), column YTDcur]",Q4 three-month figure derived as YTD4 - YTD3 (Q4 = FY - 9M)
cff,FY2025,1,USD m,"https://www.sec.gov/Archives/edgar/data/1929561/000192956126000006/rxoq42025pressrelease.htm | RXO earnings release (Ex.99.1) for Q4/25, T2 (CF: Financing activities; row 'Net cash provided by financing activities'), column YTDcur",
cff,Q1/26,28,USD m,"https://www.sec.gov/Archives/edgar/data/1929561/000192956126000023/rxo2026q1pressrelease.htm | RXO earnings release (Ex.99.1) for Q1/26, T2 (CF: Financing activities; row 'Net cash provided by financing activities'), column Qcur",
cff,Q2/26,46,USD m,"Derived: YTD through Q2 minus YTD through Q1. Sources: [https://www.sec.gov/Archives/edgar/data/1929561/000192956126000033/rxo2026q2pressrelease.htm | RXO earnings release (Ex.99.1) for Q2/26, T2 (CF: Financing activities; row 'Net cash provided by financing activities'), column YTDcur] minus [https://www.sec.gov/Archives/edgar/data/1929561/000192956126000023/rxo2026q1pressrelease.htm | RXO earnings release (Ex.99.1) for Q1/26, T2 (CF: Financing activities; row 'Net cash provided by financing activities'), column Qcur]",Q2 three-month figure derived as YTD2 - YTD1
cfi,FY2021,-38,USD m,"https://www.sec.gov/Archives/edgar/data/1929561/000192956123000023/rxoq42022pressrelease.htm | RXO earnings release (Ex.99.1) for Q4/22, T2 (CF: Investing activities; row 'Net cash used in investing activities'), column YTDprior",
cfi,Q1/22,-12,USD m,"https://www.sec.gov/Archives/edgar/data/1929561/000192956123000054/rxoq12023pressrelease.htm | RXO earnings release (Ex.99.1) for Q1/23, T2 (CF: Investing activities; row 'Net cash used in investing activities'), column Qprior",
cfi,Q2/22,-12,USD m,"Derived: YTD through Q2 minus YTD through Q1. Sources: [https://www.sec.gov/Archives/edgar/data/1929561/000192956123000069/rxo2023q2pressrelease.htm | RXO earnings release (Ex.99.1) for Q2/23, T2 (CF: Investing activities; row 'Net cash used in investing activities'), column YTDprior] minus [https://www.sec.gov/Archives/edgar/data/1929561/000192956123000054/rxoq12023pressrelease.htm | RXO earnings release (Ex.99.1) for Q1/23, T2 (CF: Investing activities; row 'Net cash used in investing activities'), column Qprior]",Q2 three-month figure derived as YTD2 - YTD1
cfi,Q3/22,-14,USD m,"Derived: YTD through Q3 minus YTD through Q2. Sources: [https://www.sec.gov/Archives/edgar/data/1929561/000192956123000090/rxo2023q3pressrelease.htm | RXO earnings release (Ex.99.1) for Q3/23, T2 (CF: Investing activities; row 'Net cash used in investing activities'), column YTDprior] minus [https://www.sec.gov/Archives/edgar/data/1929561/000192956123000069/rxo2023q2pressrelease.htm | RXO earnings release (Ex.99.1) for Q2/23, T2 (CF: Investing activities; row 'Net cash used in investing activities'), column YTDprior]",Q3 three-month figure derived as YTD3 - YTD2
cfi,Q4/22,-18,USD m,"Derived: YTD through Q4 minus YTD through Q3. Sources: [https://www.sec.gov/Archives/edgar/data/1929561/000192956124000025/rxoq42023pressrelease.htm | RXO earnings release (Ex.99.1) for Q4/23, T2 (CF: Investing activities; row 'Net cash used in investing activities'), column YTDprior] minus [https://www.sec.gov/Archives/edgar/data/1929561/000192956123000090/rxo2023q3pressrelease.htm | RXO earnings release (Ex.99.1) for Q3/23, T2 (CF: Investing activities; row 'Net cash used in investing activities'), column YTDprior]",Q4 three-month figure derived as YTD4 - YTD3 (Q4 = FY - 9M)
cfi,FY2022,-56,USD m,"https://www.sec.gov/Archives/edgar/data/1929561/000192956124000025/rxoq42023pressrelease.htm | RXO earnings release (Ex.99.1) for Q4/23, T2 (CF: Investing activities; row 'Net cash used in investing activities'), column YTDprior",
cfi,Q1/23,-12,USD m,"https://www.sec.gov/Archives/edgar/data/1929561/000192956124000075/rxo2024q1pressrelease.htm | RXO earnings release (Ex.99.1) for Q1/24, T2 (CF: Investing activities; row 'Net cash used in investing activities'), column Qprior",
cfi,Q2/23,-16,USD m,"Derived: YTD through Q2 minus YTD through Q1. Sources: [https://www.sec.gov/Archives/edgar/data/1929561/000192956124000098/rxo2024q2pressrelease.htm | RXO earnings release (Ex.99.1) for Q2/24, T2 (CF: Investing activities; row 'Net cash used in investing activities'), column YTDprior] minus [https://www.sec.gov/Archives/edgar/data/1929561/000192956124000075/rxo2024q1pressrelease.htm | RXO earnings release (Ex.99.1) for Q1/24, T2 (CF: Investing activities; row 'Net cash used in investing activities'), column Qprior]",Q2 three-month figure derived as YTD2 - YTD1
cfi,Q3/23,-19,USD m,"Derived: YTD through Q3 minus YTD through Q2. Sources: [https://www.sec.gov/Archives/edgar/data/1929561/000192956124000123/rxo2024q3pressrelease.htm | RXO earnings release (Ex.99.1) for Q3/24, T2 (CF: Investing activities; row 'Net cash used in investing activities'), column YTDprior] minus [https://www.sec.gov/Archives/edgar/data/1929561/000192956124000098/rxo2024q2pressrelease.htm | RXO earnings release (Ex.99.1) for Q2/24, T2 (CF: Investing activities; row 'Net cash used in investing activities'), column YTDprior]",Q3 three-month figure derived as YTD3 - YTD2
cfi,Q4/23,-19,USD m,"Derived: YTD through Q4 minus YTD through Q3. Sources: [https://www.sec.gov/Archives/edgar/data/1929561/000192956125000029/rxoq42024pressrelease.htm | RXO earnings release (Ex.99.1) for Q4/24, T2 (CF: Investing activities; row 'Net cash used in investing activities'), column YTDprior] minus [https://www.sec.gov/Archives/edgar/data/1929561/000192956124000123/rxo2024q3pressrelease.htm | RXO earnings release (Ex.99.1) for Q3/24, T2 (CF: Investing activities; row 'Net cash used in investing activities'), column YTDprior]",Q4 three-month figure derived as YTD4 - YTD3 (Q4 = FY - 9M)
cfi,FY2023,-66,USD m,"https://www.sec.gov/Archives/edgar/data/1929561/000192956125000029/rxoq42024pressrelease.htm | RXO earnings release (Ex.99.1) for Q4/24, T2 (CF: Investing activities; row 'Net cash used in investing activities'), column YTDprior",
cfi,Q1/24,-11,USD m,"https://www.sec.gov/Archives/edgar/data/1929561/000192956125000078/rxo2025q1pressrelease.htm | RXO earnings release (Ex.99.1) for Q1/25, T2 (CF: Investing activities; row 'Net cash used in investing activities'), column Qprior",
cfi,Q2/24,-11,USD m,"Derived: YTD through Q2 minus YTD through Q1. Sources: [https://www.sec.gov/Archives/edgar/data/1929561/000192956125000096/rxo2025q2pressrelease.htm | RXO earnings release (Ex.99.1) for Q2/25, T2 (CF: Investing activities; row 'Net cash used in investing activities'), column YTDprior] minus [https://www.sec.gov/Archives/edgar/data/1929561/000192956125000078/rxo2025q1pressrelease.htm | RXO earnings release (Ex.99.1) for Q1/25, T2 (CF: Investing activities; row 'Net cash used in investing activities'), column Qprior]",Q2 three-month figure derived as YTD2 - YTD1
cfi,Q3/24,-1030,USD m,"Derived: YTD through Q3 minus YTD through Q2. Sources: [https://www.sec.gov/Archives/edgar/data/1929561/000192956125000110/rxo2025q3pressrelease.htm | RXO earnings release (Ex.99.1) for Q3/25, T2 (CF: Investing activities; row 'Net cash used in investing activities'), column YTDprior] minus [https://www.sec.gov/Archives/edgar/data/1929561/000192956125000096/rxo2025q2pressrelease.htm | RXO earnings release (Ex.99.1) for Q2/25, T2 (CF: Investing activities; row 'Net cash used in investing activities'), column YTDprior]",Q3 three-month figure derived as YTD3 - YTD2
cfi,Q4/24,-12,USD m,"Derived: YTD through Q4 minus YTD through Q3. Sources: [https://www.sec.gov/Archives/edgar/data/1929561/000192956126000006/rxoq42025pressrelease.htm | RXO earnings release (Ex.99.1) for Q4/25, T2 (CF: Investing activities; row 'Net cash used in investing activities'), column YTDprior] minus [https://www.sec.gov/Archives/edgar/data/1929561/000192956125000110/rxo2025q3pressrelease.htm | RXO earnings release (Ex.99.1) for Q3/25, T2 (CF: Investing activities; row 'Net cash used in investing activities'), column YTDprior]",Q4 three-month figure derived as YTD4 - YTD3 (Q4 = FY - 9M)
cfi,FY2024,-1064,USD m,"https://www.sec.gov/Archives/edgar/data/1929561/000192956126000006/rxoq42025pressrelease.htm | RXO earnings release (Ex.99.1) for Q4/25, T2 (CF: Investing activities; row 'Net cash used in investing activities'), column YTDprior",
cfi,Q1/25,-25,USD m,"https://www.sec.gov/Archives/edgar/data/1929561/000192956126000023/rxo2026q1pressrelease.htm | RXO earnings release (Ex.99.1) for Q1/26, T2 (CF: Investing activities; row 'Net cash used in investing activities'), column Qprior",
cfi,Q2/25,-18,USD m,"Derived: YTD through Q2 minus YTD through Q1. Sources: [https://www.sec.gov/Archives/edgar/data/1929561/000192956126000033/rxo2026q2pressrelease.htm | RXO earnings release (Ex.99.1) for Q2/26, T2 (CF: Investing activities; row 'Net cash used in investing activities'), column YTDprior] minus [https://www.sec.gov/Archives/edgar/data/1929561/000192956126000023/rxo2026q1pressrelease.htm | RXO earnings release (Ex.99.1) for Q1/26, T2 (CF: Investing activities; row 'Net cash used in investing activities'), column Qprior]",Q2 three-month figure derived as YTD2 - YTD1
cfi,Q3/25,-13,USD m,"Derived: YTD through Q3 minus YTD through Q2. Sources: [https://www.sec.gov/Archives/edgar/data/1929561/000192956125000110/rxo2025q3pressrelease.htm | RXO earnings release (Ex.99.1) for Q3/25, T2 (CF: Investing activities; row 'Net cash used in investing activities'), column YTDcur] minus [https://www.sec.gov/Archives/edgar/data/1929561/000192956126000033/rxo2026q2pressrelease.htm | RXO earnings release (Ex.99.1) for Q2/26, T2 (CF: Investing activities; row 'Net cash used in investing activities'), column YTDprior]",Q3 three-month figure derived as YTD3 - YTD2
cfi,Q4/25,-15,USD m,"Derived: YTD through Q4 minus YTD through Q3. Sources: [https://www.sec.gov/Archives/edgar/data/1929561/000192956126000006/rxoq42025pressrelease.htm | RXO earnings release (Ex.99.1) for Q4/25, T2 (CF: Investing activities; row 'Net cash used in investing activities'), column YTDcur] minus [https://www.sec.gov/Archives/edgar/data/1929561/000192956125000110/rxo2025q3pressrelease.htm | RXO earnings release (Ex.99.1) for Q3/25, T2 (CF: Investing activities; row 'Net cash used in investing activities'), column YTDcur]",Q4 three-month figure derived as YTD4 - YTD3 (Q4 = FY - 9M)
cfi,FY2025,-71,USD m,"https://www.sec.gov/Archives/edgar/data/1929561/000192956126000006/rxoq42025pressrelease.htm | RXO earnings release (Ex.99.1) for Q4/25, T2 (CF: Investing activities; row 'Net cash used in investing activities'), column YTDcur",
cfi,Q1/26,-17,USD m,"https://www.sec.gov/Archives/edgar/data/1929561/000192956126000023/rxo2026q1pressrelease.htm | RXO earnings release (Ex.99.1) for Q1/26, T2 (CF: Investing activities; row 'Net cash used in investing activities'), column Qcur",
cfi,Q2/26,-12,USD m,"Derived: YTD through Q2 minus YTD through Q1. Sources: [https://www.sec.gov/Archives/edgar/data/1929561/000192956126000033/rxo2026q2pressrelease.htm | RXO earnings release (Ex.99.1) for Q2/26, T2 (CF: Investing activities; row 'Net cash used in investing activities'), column YTDcur] minus [https://www.sec.gov/Archives/edgar/data/1929561/000192956126000023/rxo2026q1pressrelease.htm | RXO earnings release (Ex.99.1) for Q1/26, T2 (CF: Investing activities; row 'Net cash used in investing activities'), column Qcur]",Q2 three-month figure derived as YTD2 - YTD1
cfo,FY2021,155,USD m,"https://www.sec.gov/Archives/edgar/data/1929561/000192956123000023/rxoq42022pressrelease.htm | RXO earnings release (Ex.99.1) for Q4/22, T2 (CF: Changes in assets and liabilities; row 'Net cash provided by operating activities'), column YTDprior",
cfo,Q1/22,103,USD m,"https://www.sec.gov/Archives/edgar/data/1929561/000192956123000054/rxoq12023pressrelease.htm | RXO earnings release (Ex.99.1) for Q1/23, T2 (CF: Changes in assets and liabilities; row 'Net cash provided by operating activities'), column Qprior",
cfo,Q2/22,74,USD m,"Derived: YTD through Q2 minus YTD through Q1. Sources: [https://www.sec.gov/Archives/edgar/data/1929561/000192956123000069/rxo2023q2pressrelease.htm | RXO earnings release (Ex.99.1) for Q2/23, T2 (CF: Changes in assets and liabilities; row 'Net cash provided by operating activities'), column YTDprior] minus [https://www.sec.gov/Archives/edgar/data/1929561/000192956123000054/rxoq12023pressrelease.htm | RXO earnings release (Ex.99.1) for Q1/23, T2 (CF: Changes in assets and liabilities; row 'Net cash provided by operating activities'), column Qprior]",Q2 three-month figure derived as YTD2 - YTD1
cfo,Q3/22,57,USD m,"Derived: YTD through Q3 minus YTD through Q2. Sources: [https://www.sec.gov/Archives/edgar/data/1929561/000192956123000090/rxo2023q3pressrelease.htm | RXO earnings release (Ex.99.1) for Q3/23, T2 (CF: Changes in assets and liabilities; row 'Net cash provided by operating activities'), column YTDprior] minus [https://www.sec.gov/Archives/edgar/data/1929561/000192956123000069/rxo2023q2pressrelease.htm | RXO earnings release (Ex.99.1) for Q2/23, T2 (CF: Changes in assets and liabilities; row 'Net cash provided by operating activities'), column YTDprior]",Q3 three-month figure derived as YTD3 - YTD2
cfo,Q4/22,76,USD m,"Derived: YTD through Q4 minus YTD through Q3. Sources: [https://www.sec.gov/Archives/edgar/data/1929561/000192956124000025/rxoq42023pressrelease.htm | RXO earnings release (Ex.99.1) for Q4/23, T2 (CF: Changes in assets and liabilities; row 'Net cash provided by operating activities'), column YTDprior] minus [https://www.sec.gov/Archives/edgar/data/1929561/000192956123000090/rxo2023q3pressrelease.htm | RXO earnings release (Ex.99.1) for Q3/23, T2 (CF: Changes in assets and liabilities; row 'Net cash provided by operating activities'), column YTDprior]",Q4 three-month figure derived as YTD4 - YTD3 (Q4 = FY - 9M)
cfo,FY2022,310,USD m,"https://www.sec.gov/Archives/edgar/data/1929561/000192956124000025/rxoq42023pressrelease.htm | RXO earnings release (Ex.99.1) for Q4/23, T2 (CF: Changes in assets and liabilities; row 'Net cash provided by operating activities'), column YTDprior",
cfo,Q1/23,42,USD m,"https://www.sec.gov/Archives/edgar/data/1929561/000192956124000075/rxo2024q1pressrelease.htm | RXO earnings release (Ex.99.1) for Q1/24, T2 (CF: Changes in assets and liabilities; row 'Net cash provided by operating activities'), column Qprior",
cfo,Q2/23,24,USD m,"Derived: YTD through Q2 minus YTD through Q1. Sources: [https://www.sec.gov/Archives/edgar/data/1929561/000192956124000098/rxo2024q2pressrelease.htm | RXO earnings release (Ex.99.1) for Q2/24, T2 (CF: Changes in assets and liabilities; row 'Net cash provided by operating activities'), column YTDprior] minus [https://www.sec.gov/Archives/edgar/data/1929561/000192956124000075/rxo2024q1pressrelease.htm | RXO earnings release (Ex.99.1) for Q1/24, T2 (CF: Changes in assets and liabilities; row 'Net cash provided by operating activities'), column Qprior]",Q2 three-month figure derived as YTD2 - YTD1
cfo,Q3/23,4,USD m,"Derived: YTD through Q3 minus YTD through Q2. Sources: [https://www.sec.gov/Archives/edgar/data/1929561/000192956124000123/rxo2024q3pressrelease.htm | RXO earnings release (Ex.99.1) for Q3/24, T2 (CF: Changes in assets and liabilities; row 'Net cash provided by (used in) operating activities'), column YTDprior] minus [https://www.sec.gov/Archives/edgar/data/1929561/000192956124000098/rxo2024q2pressrelease.htm | RXO earnings release (Ex.99.1) for Q2/24, T2 (CF: Changes in assets and liabilities; row 'Net cash provided by operating activities'), column YTDprior]",Q3 three-month figure derived as YTD3 - YTD2
cfo,Q4/23,19,USD m,"Derived: YTD through Q4 minus YTD through Q3. Sources: [https://www.sec.gov/Archives/edgar/data/1929561/000192956125000029/rxoq42024pressrelease.htm | RXO earnings release (Ex.99.1) for Q4/24, T2 (CF: Changes in assets and liabilities; row 'Net cash provided by (used in) operating activities'), column YTDprior] minus [https://www.sec.gov/Archives/edgar/data/1929561/000192956124000123/rxo2024q3pressrelease.htm | RXO earnings release (Ex.99.1) for Q3/24, T2 (CF: Changes in assets and liabilities; row 'Net cash provided by (used in) operating activities'), column YTDprior]",Q4 three-month figure derived as YTD4 - YTD3 (Q4 = FY - 9M)
cfo,FY2023,89,USD m,"https://www.sec.gov/Archives/edgar/data/1929561/000192956125000029/rxoq42024pressrelease.htm | RXO earnings release (Ex.99.1) for Q4/24, T2 (CF: Changes in assets and liabilities; row 'Net cash provided by (used in) operating activities'), column YTDprior",
cfo,Q1/24,7,USD m,"https://www.sec.gov/Archives/edgar/data/1929561/000192956125000078/rxo2025q1pressrelease.htm | RXO earnings release (Ex.99.1) for Q1/25, T2 (CF: Changes in assets and liabilities; row 'Net cash provided by (used in) operating activities'), column Qprior",
cfo,Q2/24,-5,USD m,"Derived: YTD through Q2 minus YTD through Q1. Sources: [https://www.sec.gov/Archives/edgar/data/1929561/000192956125000096/rxo2025q2pressrelease.htm | RXO earnings release (Ex.99.1) for Q2/25, T2 (CF: Changes in assets and liabilities; row 'Net cash provided by operating activities'), column YTDprior] minus [https://www.sec.gov/Archives/edgar/data/1929561/000192956125000078/rxo2025q1pressrelease.htm | RXO earnings release (Ex.99.1) for Q1/25, T2 (CF: Changes in assets and liabilities; row 'Net cash provided by (used in) operating activities'), column Qprior]",Q2 three-month figure derived as YTD2 - YTD1
cfo,Q3/24,-7,USD m,"Derived: YTD through Q3 minus YTD through Q2. Sources: [https://www.sec.gov/Archives/edgar/data/1929561/000192956125000110/rxo2025q3pressrelease.htm | RXO earnings release (Ex.99.1) for Q3/25, T2 (CF: Changes in assets and liabilities; row 'Net cash provided by (used in) operating activities'), column YTDprior] minus [https://www.sec.gov/Archives/edgar/data/1929561/000192956125000096/rxo2025q2pressrelease.htm | RXO earnings release (Ex.99.1) for Q2/25, T2 (CF: Changes in assets and liabilities; row 'Net cash provided by operating activities'), column YTDprior]",Q3 three-month figure derived as YTD3 - YTD2
cfo,Q4/24,-7,USD m,"Derived: YTD through Q4 minus YTD through Q3. Sources: [https://www.sec.gov/Archives/edgar/data/1929561/000192956126000006/rxoq42025pressrelease.htm | RXO earnings release (Ex.99.1) for Q4/25, T2 (CF: Changes in assets and liabilities; row 'Net cash provided by (used in) operating activities'), column YTDprior] minus [https://www.sec.gov/Archives/edgar/data/1929561/000192956125000110/rxo2025q3pressrelease.htm | RXO earnings release (Ex.99.1) for Q3/25, T2 (CF: Changes in assets and liabilities; row 'Net cash provided by (used in) operating activities'), column YTDprior]",Q4 three-month figure derived as YTD4 - YTD3 (Q4 = FY - 9M)
cfo,FY2024,-12,USD m,"https://www.sec.gov/Archives/edgar/data/1929561/000192956126000006/rxoq42025pressrelease.htm | RXO earnings release (Ex.99.1) for Q4/25, T2 (CF: Changes in assets and liabilities; row 'Net cash provided by (used in) operating activities'), column YTDprior",
cfo,Q1/25,-2,USD m,"https://www.sec.gov/Archives/edgar/data/1929561/000192956126000023/rxo2026q1pressrelease.htm | RXO earnings release (Ex.99.1) for Q1/26, T2 (CF: Changes in assets and liabilities; row 'Net cash used in operating activities'), column Qprior",
cfo,Q2/25,23,USD m,"Derived: YTD through Q2 minus YTD through Q1. Sources: [https://www.sec.gov/Archives/edgar/data/1929561/000192956126000033/rxo2026q2pressrelease.htm | RXO earnings release (Ex.99.1) for Q2/26, T2 (CF: Changes in assets and liabilities; row 'Net cash provided by (used in) operating activities'), column YTDprior] minus [https://www.sec.gov/Archives/edgar/data/1929561/000192956126000023/rxo2026q1pressrelease.htm | RXO earnings release (Ex.99.1) for Q1/26, T2 (CF: Changes in assets and liabilities; row 'Net cash used in operating activities'), column Qprior]",Q2 three-month figure derived as YTD2 - YTD1
cfo,Q3/25,23,USD m,"Derived: YTD through Q3 minus YTD through Q2. Sources: [https://www.sec.gov/Archives/edgar/data/1929561/000192956125000110/rxo2025q3pressrelease.htm | RXO earnings release (Ex.99.1) for Q3/25, T2 (CF: Changes in assets and liabilities; row 'Net cash provided by (used in) operating activities'), column YTDcur] minus [https://www.sec.gov/Archives/edgar/data/1929561/000192956126000033/rxo2026q2pressrelease.htm | RXO earnings release (Ex.99.1) for Q2/26, T2 (CF: Changes in assets and liabilities; row 'Net cash provided by (used in) operating activities'), column YTDprior]",Q3 three-month figure derived as YTD3 - YTD2
cfo,Q4/25,7,USD m,"Derived: YTD through Q4 minus YTD through Q3. Sources: [https://www.sec.gov/Archives/edgar/data/1929561/000192956126000006/rxoq42025pressrelease.htm | RXO earnings release (Ex.99.1) for Q4/25, T2 (CF: Changes in assets and liabilities; row 'Net cash provided by (used in) operating activities'), column YTDcur] minus [https://www.sec.gov/Archives/edgar/data/1929561/000192956125000110/rxo2025q3pressrelease.htm | RXO earnings release (Ex.99.1) for Q3/25, T2 (CF: Changes in assets and liabilities; row 'Net cash provided by (used in) operating activities'), column YTDcur]",Q4 three-month figure derived as YTD4 - YTD3 (Q4 = FY - 9M)
cfo,FY2025,51,USD m,"https://www.sec.gov/Archives/edgar/data/1929561/000192956126000006/rxoq42025pressrelease.htm | RXO earnings release (Ex.99.1) for Q4/25, T2 (CF: Changes in assets and liabilities; row 'Net cash provided by (used in) operating activities'), column YTDcur",
cfo,Q1/26,-7,USD m,"https://www.sec.gov/Archives/edgar/data/1929561/000192956126000023/rxo2026q1pressrelease.htm | RXO earnings release (Ex.99.1) for Q1/26, T2 (CF: Changes in assets and liabilities; row 'Net cash used in operating activities'), column Qcur",
cfo,Q2/26,-40,USD m,"Derived: YTD through Q2 minus YTD through Q1. Sources: [https://www.sec.gov/Archives/edgar/data/1929561/000192956126000033/rxo2026q2pressrelease.htm | RXO earnings release (Ex.99.1) for Q2/26, T2 (CF: Changes in assets and liabilities; row 'Net cash provided by (used in) operating activities'), column YTDcur] minus [https://www.sec.gov/Archives/edgar/data/1929561/000192956126000023/rxo2026q1pressrelease.htm | RXO earnings release (Ex.99.1) for Q1/26, T2 (CF: Changes in assets and liabilities; row 'Net cash used in operating activities'), column Qcur]",Q2 three-month figure derived as YTD2 - YTD1
cfo,LTM_Q2/26,-17,USD m,Derived: sum of Q3/25+Q4/25+Q1/26+Q2/26 three-month figures,LTM to 30-Jun-2026
cfo,LTM_Q2/25,7,USD m,Derived: sum of Q3/24..Q2/25 three-month figures,LTM to 30-Jun-2025
cost_transportation_services,FY2021,3681,USD m,"https://www.sec.gov/Archives/edgar/data/1929561/000192956123000023/rxoq42022pressrelease.htm | RXO earnings release (Ex.99.1) for Q4/22, T0 (PL: (Dollars in millions, shares in thousand; row 'Cost of transportation and services (exclusive of depreciati'), column YTDprior",
cost_transportation_services,Q1/22,1021,USD m,"https://www.sec.gov/Archives/edgar/data/1929561/000192956123000054/rxoq12023pressrelease.htm | RXO earnings release (Ex.99.1) for Q1/23, T0 (PL: (Dollars in millions, shares in thousand; row 'Cost of transportation and services (exclusive of depreciati'), column Qprior",
cost_transportation_services,Q2/22,904,USD m,"https://www.sec.gov/Archives/edgar/data/1929561/000192956123000069/rxo2023q2pressrelease.htm | RXO earnings release (Ex.99.1) for Q2/23, T0 (PL: (Dollars in millions, shares in thousand; row 'Cost of transportation and services (exclusive of depreciati'), column Qprior",
cost_transportation_services,Q3/22,857,USD m,"https://www.sec.gov/Archives/edgar/data/1929561/000192956123000090/rxo2023q3pressrelease.htm | RXO earnings release (Ex.99.1) for Q3/23, T0 (PL: (Dollars in millions, shares in thousand; row 'Cost of transportation and services (exclusive of depreciati'), column Qprior",
cost_transportation_services,Q4/22,842,USD m,"https://www.sec.gov/Archives/edgar/data/1929561/000192956124000025/rxoq42023pressrelease.htm | RXO earnings release (Ex.99.1) for Q4/23, T0 (PL: 2023; row 'Cost of transportation and services (exclusive of depreciati'), column Qprior",
cost_transportation_services,FY2022,3624,USD m,"https://www.sec.gov/Archives/edgar/data/1929561/000192956124000025/rxoq42023pressrelease.htm | RXO earnings release (Ex.99.1) for Q4/23, T0 (PL: 2023; row 'Cost of transportation and services (exclusive of depreciati'), column YTDprior",
cost_transportation_services,Q1/23,759,USD m,"https://www.sec.gov/Archives/edgar/data/1929561/000192956124000075/rxo2024q1pressrelease.htm | RXO earnings release (Ex.99.1) for Q1/24, T0 (PL: (Dollars in millions, shares in thousand; row 'Cost of transportation and services (exclusive of depreciati'), column Qprior",
cost_transportation_services,Q2/23,723,USD m,"https://www.sec.gov/Archives/edgar/data/1929561/000192956124000098/rxo2024q2pressrelease.htm | RXO earnings release (Ex.99.1) for Q2/24, T0 (PL: (Dollars in millions, shares in thousand; row 'Cost of transportation and services (exclusive of depreciati'), column Qprior",
cost_transportation_services,Q3/23,742,USD m,"https://www.sec.gov/Archives/edgar/data/1929561/000192956124000123/rxo2024q3pressrelease.htm | RXO earnings release (Ex.99.1) for Q3/24, T0 (PL: (Dollars in millions, shares in thousand; row 'Cost of transportation and services (exclusive of depreciati'), column Qprior",
cost_transportation_services,Q4/23,743,USD m,"https://www.sec.gov/Archives/edgar/data/1929561/000192956125000029/rxoq42024pressrelease.htm | RXO earnings release (Ex.99.1) for Q4/24, T0 (PL: (Dollars in millions, shares in thousand; row 'Cost of transportation and services (exclusive of depreciati'), column Qprior",
cost_transportation_services,FY2023,2967,USD m,"https://www.sec.gov/Archives/edgar/data/1929561/000192956125000029/rxoq42024pressrelease.htm | RXO earnings release (Ex.99.1) for Q4/24, T0 (PL: (Dollars in millions, shares in thousand; row 'Cost of transportation and services (exclusive of depreciati'), column YTDprior",
cost_transportation_services,Q1/24,699,USD m,"https://www.sec.gov/Archives/edgar/data/1929561/000192956125000078/rxo2025q1pressrelease.htm | RXO earnings release (Ex.99.1) for Q1/25, T0 (PL: (Dollars in millions, shares in thousand; row 'Cost of transportation and services (exclusive of depreciati'), column Qprior",
cost_transportation_services,Q2/24,700,USD m,"https://www.sec.gov/Archives/edgar/data/1929561/000192956125000096/rxo2025q2pressrelease.htm | RXO earnings release (Ex.99.1) for Q2/25, T0 (PL: (Dollars in millions, shares in thousand; row 'Cost of transportation and services (exclusive of depreciati'), column Qprior",
cost_transportation_services,Q3/24,809,USD m,"https://www.sec.gov/Archives/edgar/data/1929561/000192956125000110/rxo2025q3pressrelease.htm | RXO earnings release (Ex.99.1) for Q3/25, T0 (PL: (Dollars in millions, shares in thousand; row 'Cost of transportation and services (exclusive of depreciati'), column Qprior",
cost_transportation_services,Q4/24,1357,USD m,"https://www.sec.gov/Archives/edgar/data/1929561/000192956126000006/rxoq42025pressrelease.htm | RXO earnings release (Ex.99.1) for Q4/25, T0 (PL: (Dollars in millions, shares in thousand; row 'Cost of transportation and services (exclusive of depreciati'), column Qprior",
cost_transportation_services,FY2024,3565,USD m,"https://www.sec.gov/Archives/edgar/data/1929561/000192956126000006/rxoq42025pressrelease.htm | RXO earnings release (Ex.99.1) for Q4/25, T0 (PL: (Dollars in millions, shares in thousand; row 'Cost of transportation and services (exclusive of depreciati'), column YTDprior",
cost_transportation_services,Q1/25,1153,USD m,"https://www.sec.gov/Archives/edgar/data/1929561/000192956126000023/rxo2026q1pressrelease.htm | RXO earnings release (Ex.99.1) for Q1/26, T0 (PL: (Dollars in millions, shares in thousand; row 'Cost of transportation and services (exclusive of depreciati'), column Qprior",
cost_transportation_services,Q2/25,1118,USD m,"https://www.sec.gov/Archives/edgar/data/1929561/000192956126000033/rxo2026q2pressrelease.htm | RXO earnings release (Ex.99.1) for Q2/26, T0 (PL: (Dollars in millions, shares in thousand; row 'Cost of transportation and services (exclusive of depreciati'), column Qprior",
cost_transportation_services,Q3/25,1137,USD m,"https://www.sec.gov/Archives/edgar/data/1929561/000192956125000110/rxo2025q3pressrelease.htm | RXO earnings release (Ex.99.1) for Q3/25, T0 (PL: (Dollars in millions, shares in thousand; row 'Cost of transportation and services (exclusive of depreciati'), column Qcur",
cost_transportation_services,Q4/25,1203,USD m,"https://www.sec.gov/Archives/edgar/data/1929561/000192956126000006/rxoq42025pressrelease.htm | RXO earnings release (Ex.99.1) for Q4/25, T0 (PL: (Dollars in millions, shares in thousand; row 'Cost of transportation and services (exclusive of depreciati'), column Qcur",
cost_transportation_services,FY2025,4611,USD m,"https://www.sec.gov/Archives/edgar/data/1929561/000192956126000006/rxoq42025pressrelease.htm | RXO earnings release (Ex.99.1) for Q4/25, T0 (PL: (Dollars in millions, shares in thousand; row 'Cost of transportation and services (exclusive of depreciati'), column YTDcur",
cost_transportation_services,Q1/26,1171,USD m,"https://www.sec.gov/Archives/edgar/data/1929561/000192956126000023/rxo2026q1pressrelease.htm | RXO earnings release (Ex.99.1) for Q1/26, T0 (PL: (Dollars in millions, shares in thousand; row 'Cost of transportation and services (exclusive of depreciati'), column Qcur",
cost_transportation_services,Q2/26,1472,USD m,"https://www.sec.gov/Archives/edgar/data/1929561/000192956126000033/rxo2026q2pressrelease.htm | RXO earnings release (Ex.99.1) for Q2/26, T0 (PL: (Dollars in millions, shares in thousand; row 'Cost of transportation and services (exclusive of depreciati'), column Qcur",
cost_transportation_services,LTM_Q2/26,4983,USD m,Derived: sum of Q3/25+Q4/25+Q1/26+Q2/26 three-month figures,LTM to 30-Jun-2026
cost_transportation_services,LTM_Q2/25,4437,USD m,Derived: sum of Q3/24..Q2/25 three-month figures,LTM to 30-Jun-2025
coyote_equity_gross_proceeds,2024,1125,USD m,https://www.sec.gov/Archives/edgar/data/1929561/000192956125000044/rxo-20241231.htm | 10-K FY2024 cash flow statement 'Proceeds from issuance of common stock and pre-funded warrants',Equity issuance costs $30m; deemed non-pro rata distribution charge $216m (non-cash) in Other expense Q3/24 re the PIPE discount
coyote_pipe_prefunded_warrants,2024-08-13,6.259471,shares m,https://www.sec.gov/Archives/edgar/data/1929561/000110465924088393/tm2421323d1_8k.htm | 8-K 12-Aug-2024 Item 1.01,"Exercise price $0.01; 4,577,327 remained outstanding at 30-Sep-2026"
coyote_pipe_shares,2024-08-13,20.95478,shares m,https://www.sec.gov/Archives/edgar/data/1929561/000110465924088393/tm2421323d1_8k.htm | 8-K 12-Aug-2024 Item 1.01,"Private placement to MFN Partners and Orbis at $20.21/share, plus 6,259,471 pre-funded warrants at $20.20; gross ~$550m"
coyote_public_offering_shares,2024-09-09,22.115385,shares m,"https://www.sec.gov/Archives/edgar/data/1929561/000110465924098769/tm2423585d2_8k.htm | 8-K 11-Sep-2024 (19,230,770 shares at $26.00) + 10-K FY2024 Note 13 (greenshoe of 2,884,615 exercised in full; gross $575m)",
coyote_purchase_price,2024-09-16,1048,USD m,"https://www.sec.gov/Archives/edgar/data/1929561/000192956125000044/rxo-20241231.htm | 10-K FY2024 Note 3 Acquisition: '$1.038 billion in cash ... subsequently increased by $10 million' ; allocation table 'Purchase price $1,048'","Headline $1.025bn per 24-Jun-2024 8-K; $1.038bn at close; $1.048bn after $10m working-capital adjustment paid Q1/25. Goodwill $493m, intangibles $459m (customer relationships $444m, 15y)"
coyote_revenue_contribution,FY2024,796,USD m,https://www.sec.gov/Archives/edgar/data/1929561/000192956125000044/rxo-20241231.htm | 10-K FY2024 Note 3: '$796 million of revenue and a $21 million pre-tax loss attributable to Coyote',Coyote consolidated from 16-Sep-2024
debt_abl_facility_carrying,Q1/26,35,USD m,https://www.sec.gov/Archives/edgar/data/1929561/000192956126000026/rxo-20260331.htm | Form 10-Q debt footnote table (principal / carrying value),
debt_abl_facility_carrying,Q2/26,65,USD m,https://www.sec.gov/Archives/edgar/data/1929561/000192956126000036/rxo-20260630.htm | Form 10-Q debt footnote table (principal / carrying value),
debt_abl_facility_principal,Q1/26,35,USD m,https://www.sec.gov/Archives/edgar/data/1929561/000192956126000026/rxo-20260331.htm | Form 10-Q debt footnote table (principal / carrying value),
debt_abl_facility_principal,Q2/26,65,USD m,https://www.sec.gov/Archives/edgar/data/1929561/000192956126000036/rxo-20260630.htm | Form 10-Q debt footnote table (principal / carrying value),
debt_extinguishment_loss,Q1/25,0,USD m,"https://www.sec.gov/Archives/edgar/data/1929561/000192956126000023/rxo2026q1pressrelease.htm | RXO earnings release (Ex.99.1) for Q1/26, T0 (PL: (Dollars in millions, shares in thousand; row 'Debt extinguishment loss'), column Qprior",
debt_extinguishment_loss,Q2/25,0,USD m,"https://www.sec.gov/Archives/edgar/data/1929561/000192956126000033/rxo2026q2pressrelease.htm | RXO earnings release (Ex.99.1) for Q2/26, T0 (PL: (Dollars in millions, shares in thousand; row 'Debt extinguishment loss'), column Qprior",
debt_extinguishment_loss,Q1/26,11,USD m,"https://www.sec.gov/Archives/edgar/data/1929561/000192956126000023/rxo2026q1pressrelease.htm | RXO earnings release (Ex.99.1) for Q1/26, T0 (PL: (Dollars in millions, shares in thousand; row 'Debt extinguishment loss'), column Qcur",
debt_extinguishment_loss,Q2/26,0,USD m,"https://www.sec.gov/Archives/edgar/data/1929561/000192956126000033/rxo2026q2pressrelease.htm | RXO earnings release (Ex.99.1) for Q2/26, T0 (PL: (Dollars in millions, shares in thousand; row 'Debt extinguishment loss'), column Qcur",
debt_finance_leases_asset_fin_st_debt_carrying,Q4/22,9,USD m,https://www.sec.gov/Archives/edgar/data/1929561/000192956123000032/rxo-20221231.htm | Form 10-K debt footnote table (principal / carrying value),Same as FY year-end balance
debt_finance_leases_asset_fin_st_debt_carrying,FY2022,9,USD m,https://www.sec.gov/Archives/edgar/data/1929561/000192956123000032/rxo-20221231.htm | Form 10-K debt footnote table (principal / carrying value),
debt_finance_leases_asset_fin_st_debt_carrying,Q1/23,9,USD m,https://www.sec.gov/Archives/edgar/data/1929561/000192956123000057/rxo-20230331.htm | Form 10-Q debt footnote table (principal / carrying value),
debt_finance_leases_asset_fin_st_debt_carrying,Q2/23,8,USD m,https://www.sec.gov/Archives/edgar/data/1929561/000192956123000074/rxo-20230630.htm | Form 10-Q debt footnote table (principal / carrying value),
debt_finance_leases_asset_fin_st_debt_carrying,Q3/23,7,USD m,https://www.sec.gov/Archives/edgar/data/1929561/000192956123000093/rxo-20230930.htm | Form 10-Q debt footnote table (principal / carrying value),
debt_finance_leases_asset_fin_st_debt_carrying,Q4/23,7,USD m,https://www.sec.gov/Archives/edgar/data/1929561/000192956124000032/rxo-20231231.htm | Form 10-K debt footnote table (principal / carrying value),Same as FY year-end balance
debt_finance_leases_asset_fin_st_debt_carrying,FY2023,7,USD m,https://www.sec.gov/Archives/edgar/data/1929561/000192956124000032/rxo-20231231.htm | Form 10-K debt footnote table (principal / carrying value),
debt_finance_leases_asset_fin_st_debt_carrying,Q1/24,20,USD m,https://www.sec.gov/Archives/edgar/data/1929561/000192956124000082/rxo-20240331.htm | Form 10-Q debt footnote table (principal / carrying value),
debt_finance_leases_asset_fin_st_debt_carrying,Q2/24,20,USD m,https://www.sec.gov/Archives/edgar/data/1929561/000192956124000102/rxo-20240630.htm | Form 10-Q debt footnote table (principal / carrying value),
debt_finance_leases_asset_fin_st_debt_carrying,Q3/24,18,USD m,https://www.sec.gov/Archives/edgar/data/1929561/000192956124000127/rxo-20240930.htm | Form 10-Q debt footnote table (principal / carrying value),
debt_finance_leases_asset_fin_st_debt_carrying,Q4/24,19,USD m,https://www.sec.gov/Archives/edgar/data/1929561/000192956125000044/rxo-20241231.htm | Form 10-K debt footnote table (principal / carrying value),Same as FY year-end balance
debt_finance_leases_asset_fin_st_debt_carrying,FY2024,19,USD m,https://www.sec.gov/Archives/edgar/data/1929561/000192956125000044/rxo-20241231.htm | Form 10-K debt footnote table (principal / carrying value),
debt_finance_leases_asset_fin_st_debt_carrying,Q1/25,19,USD m,https://www.sec.gov/Archives/edgar/data/1929561/000192956125000082/rxo-20250331.htm | Form 10-Q debt footnote table (principal / carrying value),
debt_finance_leases_asset_fin_st_debt_carrying,Q2/25,18,USD m,https://www.sec.gov/Archives/edgar/data/1929561/000192956125000102/rxo-20250630.htm | Form 10-Q debt footnote table (principal / carrying value),
debt_finance_leases_asset_fin_st_debt_carrying,Q3/25,17,USD m,https://www.sec.gov/Archives/edgar/data/1929561/000192956125000113/rxo-20250930.htm | Form 10-Q debt footnote table (principal / carrying value),
debt_finance_leases_asset_fin_st_debt_carrying,Q4/25,18,USD m,https://www.sec.gov/Archives/edgar/data/1929561/000192956126000013/rxo-20251231.htm | Form 10-K debt footnote table (principal / carrying value),Same as FY year-end balance
debt_finance_leases_asset_fin_st_debt_carrying,FY2025,18,USD m,https://www.sec.gov/Archives/edgar/data/1929561/000192956126000013/rxo-20251231.htm | Form 10-K debt footnote table (principal / carrying value),
debt_finance_leases_asset_fin_st_debt_carrying,Q1/26,18,USD m,https://www.sec.gov/Archives/edgar/data/1929561/000192956126000026/rxo-20260331.htm | Form 10-Q debt footnote table (principal / carrying value),
debt_finance_leases_asset_fin_st_debt_carrying,Q2/26,36,USD m,https://www.sec.gov/Archives/edgar/data/1929561/000192956126000036/rxo-20260630.htm | Form 10-Q debt footnote table (principal / carrying value),
debt_finance_leases_asset_fin_st_debt_principal,Q4/22,9,USD m,https://www.sec.gov/Archives/edgar/data/1929561/000192956123000032/rxo-20221231.htm | Form 10-K debt footnote table (principal / carrying value),Same as FY year-end balance
debt_finance_leases_asset_fin_st_debt_principal,FY2022,9,USD m,https://www.sec.gov/Archives/edgar/data/1929561/000192956123000032/rxo-20221231.htm | Form 10-K debt footnote table (principal / carrying value),
debt_finance_leases_asset_fin_st_debt_principal,Q1/23,9,USD m,https://www.sec.gov/Archives/edgar/data/1929561/000192956123000057/rxo-20230331.htm | Form 10-Q debt footnote table (principal / carrying value),
debt_finance_leases_asset_fin_st_debt_principal,Q2/23,8,USD m,https://www.sec.gov/Archives/edgar/data/1929561/000192956123000074/rxo-20230630.htm | Form 10-Q debt footnote table (principal / carrying value),
debt_finance_leases_asset_fin_st_debt_principal,Q3/23,7,USD m,https://www.sec.gov/Archives/edgar/data/1929561/000192956123000093/rxo-20230930.htm | Form 10-Q debt footnote table (principal / carrying value),
debt_finance_leases_asset_fin_st_debt_principal,Q4/23,7,USD m,https://www.sec.gov/Archives/edgar/data/1929561/000192956124000032/rxo-20231231.htm | Form 10-K debt footnote table (principal / carrying value),Same as FY year-end balance
debt_finance_leases_asset_fin_st_debt_principal,FY2023,7,USD m,https://www.sec.gov/Archives/edgar/data/1929561/000192956124000032/rxo-20231231.htm | Form 10-K debt footnote table (principal / carrying value),
debt_finance_leases_asset_fin_st_debt_principal,Q1/24,20,USD m,https://www.sec.gov/Archives/edgar/data/1929561/000192956124000082/rxo-20240331.htm | Form 10-Q debt footnote table (principal / carrying value),
debt_finance_leases_asset_fin_st_debt_principal,Q2/24,20,USD m,https://www.sec.gov/Archives/edgar/data/1929561/000192956124000102/rxo-20240630.htm | Form 10-Q debt footnote table (principal / carrying value),
debt_finance_leases_asset_fin_st_debt_principal,Q3/24,18,USD m,https://www.sec.gov/Archives/edgar/data/1929561/000192956124000127/rxo-20240930.htm | Form 10-Q debt footnote table (principal / carrying value),
debt_finance_leases_asset_fin_st_debt_principal,Q4/24,19,USD m,https://www.sec.gov/Archives/edgar/data/1929561/000192956125000044/rxo-20241231.htm | Form 10-K debt footnote table (principal / carrying value),Same as FY year-end balance
debt_finance_leases_asset_fin_st_debt_principal,FY2024,19,USD m,https://www.sec.gov/Archives/edgar/data/1929561/000192956125000044/rxo-20241231.htm | Form 10-K debt footnote table (principal / carrying value),
debt_finance_leases_asset_fin_st_debt_principal,Q1/25,19,USD m,https://www.sec.gov/Archives/edgar/data/1929561/000192956125000082/rxo-20250331.htm | Form 10-Q debt footnote table (principal / carrying value),
debt_finance_leases_asset_fin_st_debt_principal,Q2/25,18,USD m,https://www.sec.gov/Archives/edgar/data/1929561/000192956125000102/rxo-20250630.htm | Form 10-Q debt footnote table (principal / carrying value),
debt_finance_leases_asset_fin_st_debt_principal,Q3/25,17,USD m,https://www.sec.gov/Archives/edgar/data/1929561/000192956125000113/rxo-20250930.htm | Form 10-Q debt footnote table (principal / carrying value),
debt_finance_leases_asset_fin_st_debt_principal,Q4/25,18,USD m,https://www.sec.gov/Archives/edgar/data/1929561/000192956126000013/rxo-20251231.htm | Form 10-K debt footnote table (principal / carrying value),Same as FY year-end balance
debt_finance_leases_asset_fin_st_debt_principal,FY2025,18,USD m,https://www.sec.gov/Archives/edgar/data/1929561/000192956126000013/rxo-20251231.htm | Form 10-K debt footnote table (principal / carrying value),
debt_finance_leases_asset_fin_st_debt_principal,Q1/26,18,USD m,https://www.sec.gov/Archives/edgar/data/1929561/000192956126000026/rxo-20260331.htm | Form 10-Q debt footnote table (principal / carrying value),
debt_finance_leases_asset_fin_st_debt_principal,Q2/26,36,USD m,https://www.sec.gov/Archives/edgar/data/1929561/000192956126000036/rxo-20260630.htm | Form 10-Q debt footnote table (principal / carrying value),
debt_notes_6.375pct_2031_carrying,Q1/26,394,USD m,https://www.sec.gov/Archives/edgar/data/1929561/000192956126000026/rxo-20260331.htm | Form 10-Q debt footnote table (principal / carrying value),Carrying value net of unamortized discount/issuance costs
debt_notes_6.375pct_2031_carrying,Q2/26,394,USD m,https://www.sec.gov/Archives/edgar/data/1929561/000192956126000036/rxo-20260630.htm | Form 10-Q debt footnote table (principal / carrying value),Carrying value net of unamortized discount/issuance costs
debt_notes_6.375pct_2031_principal,Q1/26,400,USD m,https://www.sec.gov/Archives/edgar/data/1929561/000192956126000026/rxo-20260331.htm | Form 10-Q debt footnote table (principal / carrying value),
debt_notes_6.375pct_2031_principal,Q2/26,400,USD m,https://www.sec.gov/Archives/edgar/data/1929561/000192956126000036/rxo-20260630.htm | Form 10-Q debt footnote table (principal / carrying value),
debt_notes_7.50pct_2027_carrying,Q4/22,346,USD m,https://www.sec.gov/Archives/edgar/data/1929561/000192956123000032/rxo-20221231.htm | Form 10-K debt footnote table (principal / carrying value),Same as FY year-end balance
debt_notes_7.50pct_2027_carrying,FY2022,346,USD m,https://www.sec.gov/Archives/edgar/data/1929561/000192956123000032/rxo-20221231.htm | Form 10-K debt footnote table (principal / carrying value),Carrying value net of unamortized discount/issuance costs
debt_notes_7.50pct_2027_carrying,Q1/23,346,USD m,https://www.sec.gov/Archives/edgar/data/1929561/000192956123000057/rxo-20230331.htm | Form 10-Q debt footnote table (principal / carrying value),Carrying value net of unamortized discount/issuance costs
debt_notes_7.50pct_2027_carrying,Q2/23,347,USD m,https://www.sec.gov/Archives/edgar/data/1929561/000192956123000074/rxo-20230630.htm | Form 10-Q debt footnote table (principal / carrying value),Carrying value net of unamortized discount/issuance costs
debt_notes_7.50pct_2027_carrying,Q3/23,347,USD m,https://www.sec.gov/Archives/edgar/data/1929561/000192956123000093/rxo-20230930.htm | Form 10-Q debt footnote table (principal / carrying value),Carrying value net of unamortized discount/issuance costs
debt_notes_7.50pct_2027_carrying,Q4/23,347,USD m,https://www.sec.gov/Archives/edgar/data/1929561/000192956124000032/rxo-20231231.htm | Form 10-K debt footnote table (principal / carrying value),Same as FY year-end balance
debt_notes_7.50pct_2027_carrying,FY2023,347,USD m,https://www.sec.gov/Archives/edgar/data/1929561/000192956124000032/rxo-20231231.htm | Form 10-K debt footnote table (principal / carrying value),Carrying value net of unamortized discount/issuance costs
debt_notes_7.50pct_2027_carrying,Q1/24,347,USD m,https://www.sec.gov/Archives/edgar/data/1929561/000192956124000082/rxo-20240331.htm | Form 10-Q debt footnote table (principal / carrying value),Carrying value net of unamortized discount/issuance costs
debt_notes_7.50pct_2027_carrying,Q2/24,348,USD m,https://www.sec.gov/Archives/edgar/data/1929561/000192956124000102/rxo-20240630.htm | Form 10-Q debt footnote table (principal / carrying value),Carrying value net of unamortized discount/issuance costs
debt_notes_7.50pct_2027_carrying,Q3/24,349,USD m,https://www.sec.gov/Archives/edgar/data/1929561/000192956124000127/rxo-20240930.htm | Form 10-Q debt footnote table (principal / carrying value),Carrying value net of unamortized discount/issuance costs
debt_notes_7.50pct_2027_carrying,Q4/24,349,USD m,https://www.sec.gov/Archives/edgar/data/1929561/000192956125000044/rxo-20241231.htm | Form 10-K debt footnote table (principal / carrying value),Same as FY year-end balance
debt_notes_7.50pct_2027_carrying,FY2024,349,USD m,https://www.sec.gov/Archives/edgar/data/1929561/000192956125000044/rxo-20241231.htm | Form 10-K debt footnote table (principal / carrying value),Carrying value net of unamortized discount/issuance costs
debt_notes_7.50pct_2027_carrying,Q1/25,350,USD m,https://www.sec.gov/Archives/edgar/data/1929561/000192956125000082/rxo-20250331.htm | Form 10-Q debt footnote table (principal / carrying value),Carrying value net of unamortized discount/issuance costs
debt_notes_7.50pct_2027_carrying,Q2/25,350,USD m,https://www.sec.gov/Archives/edgar/data/1929561/000192956125000102/rxo-20250630.htm | Form 10-Q debt footnote table (principal / carrying value),Carrying value net of unamortized discount/issuance costs
debt_notes_7.50pct_2027_carrying,Q3/25,351,USD m,https://www.sec.gov/Archives/edgar/data/1929561/000192956125000113/rxo-20250930.htm | Form 10-Q debt footnote table (principal / carrying value),Carrying value net of unamortized discount/issuance costs
debt_notes_7.50pct_2027_carrying,Q4/25,351,USD m,https://www.sec.gov/Archives/edgar/data/1929561/000192956126000013/rxo-20251231.htm | Form 10-K debt footnote table (principal / carrying value),Same as FY year-end balance
debt_notes_7.50pct_2027_carrying,FY2025,351,USD m,https://www.sec.gov/Archives/edgar/data/1929561/000192956126000013/rxo-20251231.htm | Form 10-K debt footnote table (principal / carrying value),Carrying value net of unamortized discount/issuance costs
debt_notes_7.50pct_2027_carrying,Q1/26,0,USD m,https://www.sec.gov/Archives/edgar/data/1929561/000192956126000026/rxo-20260331.htm | Form 10-Q debt footnote table (principal / carrying value),Carrying value net of unamortized discount/issuance costs
debt_notes_7.50pct_2027_carrying,Q2/26,0,USD m,https://www.sec.gov/Archives/edgar/data/1929561/000192956126000036/rxo-20260630.htm | Form 10-Q debt footnote table (principal / carrying value),Carrying value net of unamortized discount/issuance costs
debt_notes_7.50pct_2027_principal,Q4/22,355,USD m,https://www.sec.gov/Archives/edgar/data/1929561/000192956123000032/rxo-20221231.htm | Form 10-K debt footnote table (principal / carrying value),Same as FY year-end balance
debt_notes_7.50pct_2027_principal,FY2022,355,USD m,https://www.sec.gov/Archives/edgar/data/1929561/000192956123000032/rxo-20221231.htm | Form 10-K debt footnote table (principal / carrying value),
debt_notes_7.50pct_2027_principal,Q1/23,355,USD m,https://www.sec.gov/Archives/edgar/data/1929561/000192956123000057/rxo-20230331.htm | Form 10-Q debt footnote table (principal / carrying value),
debt_notes_7.50pct_2027_principal,Q2/23,355,USD m,https://www.sec.gov/Archives/edgar/data/1929561/000192956123000074/rxo-20230630.htm | Form 10-Q debt footnote table (principal / carrying value),
debt_notes_7.50pct_2027_principal,Q3/23,355,USD m,https://www.sec.gov/Archives/edgar/data/1929561/000192956123000093/rxo-20230930.htm | Form 10-Q debt footnote table (principal / carrying value),
debt_notes_7.50pct_2027_principal,Q4/23,355,USD m,https://www.sec.gov/Archives/edgar/data/1929561/000192956124000032/rxo-20231231.htm | Form 10-K debt footnote table (principal / carrying value),Same as FY year-end balance
debt_notes_7.50pct_2027_principal,FY2023,355,USD m,https://www.sec.gov/Archives/edgar/data/1929561/000192956124000032/rxo-20231231.htm | Form 10-K debt footnote table (principal / carrying value),
debt_notes_7.50pct_2027_principal,Q1/24,355,USD m,https://www.sec.gov/Archives/edgar/data/1929561/000192956124000082/rxo-20240331.htm | Form 10-Q debt footnote table (principal / carrying value),
debt_notes_7.50pct_2027_principal,Q2/24,355,USD m,https://www.sec.gov/Archives/edgar/data/1929561/000192956124000102/rxo-20240630.htm | Form 10-Q debt footnote table (principal / carrying value),
debt_notes_7.50pct_2027_principal,Q3/24,355,USD m,https://www.sec.gov/Archives/edgar/data/1929561/000192956124000127/rxo-20240930.htm | Form 10-Q debt footnote table (principal / carrying value),
debt_notes_7.50pct_2027_principal,Q4/24,355,USD m,https://www.sec.gov/Archives/edgar/data/1929561/000192956125000044/rxo-20241231.htm | Form 10-K debt footnote table (principal / carrying value),Same as FY year-end balance
debt_notes_7.50pct_2027_principal,FY2024,355,USD m,https://www.sec.gov/Archives/edgar/data/1929561/000192956125000044/rxo-20241231.htm | Form 10-K debt footnote table (principal / carrying value),
debt_notes_7.50pct_2027_principal,Q1/25,355,USD m,https://www.sec.gov/Archives/edgar/data/1929561/000192956125000082/rxo-20250331.htm | Form 10-Q debt footnote table (principal / carrying value),
debt_notes_7.50pct_2027_principal,Q2/25,355,USD m,https://www.sec.gov/Archives/edgar/data/1929561/000192956125000102/rxo-20250630.htm | Form 10-Q debt footnote table (principal / carrying value),
debt_notes_7.50pct_2027_principal,Q3/25,355,USD m,https://www.sec.gov/Archives/edgar/data/1929561/000192956125000113/rxo-20250930.htm | Form 10-Q debt footnote table (principal / carrying value),
debt_notes_7.50pct_2027_principal,Q4/25,355,USD m,https://www.sec.gov/Archives/edgar/data/1929561/000192956126000013/rxo-20251231.htm | Form 10-K debt footnote table (principal / carrying value),Same as FY year-end balance
debt_notes_7.50pct_2027_principal,FY2025,355,USD m,https://www.sec.gov/Archives/edgar/data/1929561/000192956126000013/rxo-20251231.htm | Form 10-K debt footnote table (principal / carrying value),
debt_notes_7.50pct_2027_principal,Q1/26,0,USD m,https://www.sec.gov/Archives/edgar/data/1929561/000192956126000026/rxo-20260331.htm | Form 10-Q debt footnote table (principal / carrying value),
debt_notes_7.50pct_2027_principal,Q2/26,0,USD m,https://www.sec.gov/Archives/edgar/data/1929561/000192956126000036/rxo-20260630.htm | Form 10-Q debt footnote table (principal / carrying value),
debt_revolver_carrying,Q4/23,5,USD m,https://www.sec.gov/Archives/edgar/data/1929561/000192956124000032/rxo-20231231.htm | Form 10-K debt footnote table (principal / carrying value),Same as FY year-end balance
debt_revolver_carrying,FY2023,5,USD m,https://www.sec.gov/Archives/edgar/data/1929561/000192956124000032/rxo-20231231.htm | Form 10-K debt footnote table (principal / carrying value),
debt_revolver_carrying,Q1/24,0,USD m,https://www.sec.gov/Archives/edgar/data/1929561/000192956124000082/rxo-20240331.htm | Form 10-Q debt footnote table (principal / carrying value),
debt_revolver_carrying,Q2/24,18,USD m,https://www.sec.gov/Archives/edgar/data/1929561/000192956124000102/rxo-20240630.htm | Form 10-Q debt footnote table (principal / carrying value),
debt_revolver_carrying,Q3/24,0,USD m,https://www.sec.gov/Archives/edgar/data/1929561/000192956124000127/rxo-20240930.htm | Form 10-Q debt footnote table (principal / carrying value),
debt_revolver_carrying,Q4/24,0,USD m,https://www.sec.gov/Archives/edgar/data/1929561/000192956125000044/rxo-20241231.htm | Form 10-K debt footnote table (principal / carrying value),Same as FY year-end balance
debt_revolver_carrying,FY2024,0,USD m,https://www.sec.gov/Archives/edgar/data/1929561/000192956125000044/rxo-20241231.htm | Form 10-K debt footnote table (principal / carrying value),
debt_revolver_carrying,Q1/25,35,USD m,https://www.sec.gov/Archives/edgar/data/1929561/000192956125000082/rxo-20250331.htm | Form 10-Q debt footnote table (principal / carrying value),
debt_revolver_carrying,Q2/25,35,USD m,https://www.sec.gov/Archives/edgar/data/1929561/000192956125000102/rxo-20250630.htm | Form 10-Q debt footnote table (principal / carrying value),
debt_revolver_carrying,Q3/25,35,USD m,https://www.sec.gov/Archives/edgar/data/1929561/000192956125000113/rxo-20250930.htm | Form 10-Q debt footnote table (principal / carrying value),
debt_revolver_carrying,Q4/25,35,USD m,https://www.sec.gov/Archives/edgar/data/1929561/000192956126000013/rxo-20251231.htm | Form 10-K debt footnote table (principal / carrying value),Same as FY year-end balance
debt_revolver_carrying,FY2025,35,USD m,https://www.sec.gov/Archives/edgar/data/1929561/000192956126000013/rxo-20251231.htm | Form 10-K debt footnote table (principal / carrying value),
debt_revolver_carrying,Q1/26,0,USD m,https://www.sec.gov/Archives/edgar/data/1929561/000192956126000026/rxo-20260331.htm | Form 10-Q debt footnote table (principal / carrying value),
debt_revolver_carrying,Q2/26,0,USD m,https://www.sec.gov/Archives/edgar/data/1929561/000192956126000036/rxo-20260630.htm | Form 10-Q debt footnote table (principal / carrying value),
debt_revolver_principal,Q4/23,5,USD m,https://www.sec.gov/Archives/edgar/data/1929561/000192956124000032/rxo-20231231.htm | Form 10-K debt footnote table (principal / carrying value),Same as FY year-end balance
debt_revolver_principal,FY2023,5,USD m,https://www.sec.gov/Archives/edgar/data/1929561/000192956124000032/rxo-20231231.htm | Form 10-K debt footnote table (principal / carrying value),
debt_revolver_principal,Q1/24,0,USD m,https://www.sec.gov/Archives/edgar/data/1929561/000192956124000082/rxo-20240331.htm | Form 10-Q debt footnote table (principal / carrying value),
debt_revolver_principal,Q2/24,18,USD m,https://www.sec.gov/Archives/edgar/data/1929561/000192956124000102/rxo-20240630.htm | Form 10-Q debt footnote table (principal / carrying value),
debt_revolver_principal,Q3/24,0,USD m,https://www.sec.gov/Archives/edgar/data/1929561/000192956124000127/rxo-20240930.htm | Form 10-Q debt footnote table (principal / carrying value),
debt_revolver_principal,Q4/24,0,USD m,https://www.sec.gov/Archives/edgar/data/1929561/000192956125000044/rxo-20241231.htm | Form 10-K debt footnote table (principal / carrying value),Same as FY year-end balance
debt_revolver_principal,FY2024,0,USD m,https://www.sec.gov/Archives/edgar/data/1929561/000192956125000044/rxo-20241231.htm | Form 10-K debt footnote table (principal / carrying value),
debt_revolver_principal,Q1/25,35,USD m,https://www.sec.gov/Archives/edgar/data/1929561/000192956125000082/rxo-20250331.htm | Form 10-Q debt footnote table (principal / carrying value),
debt_revolver_principal,Q2/25,35,USD m,https://www.sec.gov/Archives/edgar/data/1929561/000192956125000102/rxo-20250630.htm | Form 10-Q debt footnote table (principal / carrying value),
debt_revolver_principal,Q3/25,35,USD m,https://www.sec.gov/Archives/edgar/data/1929561/000192956125000113/rxo-20250930.htm | Form 10-Q debt footnote table (principal / carrying value),
debt_revolver_principal,Q4/25,35,USD m,https://www.sec.gov/Archives/edgar/data/1929561/000192956126000013/rxo-20251231.htm | Form 10-K debt footnote table (principal / carrying value),Same as FY year-end balance
debt_revolver_principal,FY2025,35,USD m,https://www.sec.gov/Archives/edgar/data/1929561/000192956126000013/rxo-20251231.htm | Form 10-K debt footnote table (principal / carrying value),
debt_revolver_principal,Q1/26,0,USD m,https://www.sec.gov/Archives/edgar/data/1929561/000192956126000026/rxo-20260331.htm | Form 10-Q debt footnote table (principal / carrying value),
debt_revolver_principal,Q2/26,0,USD m,https://www.sec.gov/Archives/edgar/data/1929561/000192956126000036/rxo-20260630.htm | Form 10-Q debt footnote table (principal / carrying value),
debt_term_loan_carrying,Q4/22,100,USD m,https://www.sec.gov/Archives/edgar/data/1929561/000192956123000032/rxo-20221231.htm | Form 10-K debt footnote table (principal / carrying value),Same as FY year-end balance
debt_term_loan_carrying,FY2022,100,USD m,https://www.sec.gov/Archives/edgar/data/1929561/000192956123000032/rxo-20221231.htm | Form 10-K debt footnote table (principal / carrying value),
debt_term_loan_carrying,Q1/23,100,USD m,https://www.sec.gov/Archives/edgar/data/1929561/000192956123000057/rxo-20230331.htm | Form 10-Q debt footnote table (principal / carrying value),
debt_term_loan_carrying,Q2/23,100,USD m,https://www.sec.gov/Archives/edgar/data/1929561/000192956123000074/rxo-20230630.htm | Form 10-Q debt footnote table (principal / carrying value),
debt_term_loan_carrying,Q3/23,100,USD m,https://www.sec.gov/Archives/edgar/data/1929561/000192956123000093/rxo-20230930.htm | Form 10-Q debt footnote table (principal / carrying value),
debt_term_loan_carrying,Q4/23,0,USD m,https://www.sec.gov/Archives/edgar/data/1929561/000192956124000032/rxo-20231231.htm | Form 10-K debt footnote table (principal / carrying value),Same as FY year-end balance
debt_term_loan_carrying,FY2023,0,USD m,https://www.sec.gov/Archives/edgar/data/1929561/000192956124000032/rxo-20231231.htm | Form 10-K debt footnote table (principal / carrying value),
debt_term_loan_principal,Q4/22,100,USD m,https://www.sec.gov/Archives/edgar/data/1929561/000192956123000032/rxo-20221231.htm | Form 10-K debt footnote table (principal / carrying value),Same as FY year-end balance
debt_term_loan_principal,FY2022,100,USD m,https://www.sec.gov/Archives/edgar/data/1929561/000192956123000032/rxo-20221231.htm | Form 10-K debt footnote table (principal / carrying value),
debt_term_loan_principal,Q1/23,100,USD m,https://www.sec.gov/Archives/edgar/data/1929561/000192956123000057/rxo-20230331.htm | Form 10-Q debt footnote table (principal / carrying value),
debt_term_loan_principal,Q2/23,100,USD m,https://www.sec.gov/Archives/edgar/data/1929561/000192956123000074/rxo-20230630.htm | Form 10-Q debt footnote table (principal / carrying value),
debt_term_loan_principal,Q3/23,100,USD m,https://www.sec.gov/Archives/edgar/data/1929561/000192956123000093/rxo-20230930.htm | Form 10-Q debt footnote table (principal / carrying value),
debt_term_loan_principal,Q4/23,0,USD m,https://www.sec.gov/Archives/edgar/data/1929561/000192956124000032/rxo-20231231.htm | Form 10-K debt footnote table (principal / carrying value),Same as FY year-end balance
debt_term_loan_principal,FY2023,0,USD m,https://www.sec.gov/Archives/edgar/data/1929561/000192956124000032/rxo-20231231.htm | Form 10-K debt footnote table (principal / carrying value),
deferred_tax_liabilities,FY2021,52,USD m,"https://www.sec.gov/Archives/edgar/data/1929561/000192956123000023/rxoq42022pressrelease.htm | RXO earnings release (Ex.99.1) for Q4/22, T1 (BS: Long-term liabilities; row 'Deferred tax liability'), column BSprior",
deferred_tax_liabilities,Q2/22,51,USD m,"https://www.sec.gov/Archives/edgar/data/1929561/000162828022026335/exhibit991-form10a.htm | Form 10/A information statement (Ex.99.1), unaudited condensed combined balance sheet as of June 30, 2022",
deferred_tax_liabilities,Q3/22,44,USD m,"https://www.sec.gov/Archives/edgar/data/1929561/000192956122000022/rxo-20220930.htm | Form 10-Q Q3 2022, Condensed Combined Balance Sheet (Sept 30, 2022)",
deferred_tax_liabilities,Q4/22,16,USD m,"https://www.sec.gov/Archives/edgar/data/1929561/000192956124000025/rxoq42023pressrelease.htm | RXO earnings release (Ex.99.1) for Q4/23, T1 (BS: Long-term liabilities; row 'Deferred tax liability'), column BSprior",Year-end balance (same as FY2022)
deferred_tax_liabilities,FY2022,16,USD m,"https://www.sec.gov/Archives/edgar/data/1929561/000192956124000025/rxoq42023pressrelease.htm | RXO earnings release (Ex.99.1) for Q4/23, T1 (BS: Long-term liabilities; row 'Deferred tax liability'), column BSprior",
deferred_tax_liabilities,Q1/23,16,USD m,"https://www.sec.gov/Archives/edgar/data/1929561/000192956123000054/rxoq12023pressrelease.htm | RXO earnings release (Ex.99.1) for Q1/23, T1 (BS: Long-term liabilities; row 'Deferred tax liability'), column BScur",
deferred_tax_liabilities,Q2/23,17,USD m,"https://www.sec.gov/Archives/edgar/data/1929561/000192956123000069/rxo2023q2pressrelease.htm | RXO earnings release (Ex.99.1) for Q2/23, T1 (BS: Long-term liabilities; row 'Deferred tax liability'), column BScur",
deferred_tax_liabilities,Q3/23,15,USD m,"https://www.sec.gov/Archives/edgar/data/1929561/000192956123000090/rxo2023q3pressrelease.htm | RXO earnings release (Ex.99.1) for Q3/23, T1 (BS: Long-term liabilities; row 'Deferred tax liability'), column BScur",
deferred_tax_liabilities,Q4/23,7,USD m,"https://www.sec.gov/Archives/edgar/data/1929561/000192956125000029/rxoq42024pressrelease.htm | RXO earnings release (Ex.99.1) for Q4/24, T1 (BS: Long-term liabilities; row 'Deferred tax liabilities'), column BSprior",Year-end balance (same as FY2023)
deferred_tax_liabilities,FY2023,7,USD m,"https://www.sec.gov/Archives/edgar/data/1929561/000192956125000029/rxoq42024pressrelease.htm | RXO earnings release (Ex.99.1) for Q4/24, T1 (BS: Long-term liabilities; row 'Deferred tax liabilities'), column BSprior",
deferred_tax_liabilities,Q1/24,1,USD m,"https://www.sec.gov/Archives/edgar/data/1929561/000192956124000075/rxo2024q1pressrelease.htm | RXO earnings release (Ex.99.1) for Q1/24, T1 (BS: Long-term liabilities; row 'Deferred tax liability'), column BScur",
deferred_tax_liabilities,Q2/24,0,USD m,"https://www.sec.gov/Archives/edgar/data/1929561/000192956124000098/rxo2024q2pressrelease.htm | RXO earnings release (Ex.99.1) for Q2/24, T1 (BS: Long-term liabilities; row 'Deferred tax liabilities'), column BScur",
deferred_tax_liabilities,Q3/24,115,USD m,"https://www.sec.gov/Archives/edgar/data/1929561/000192956124000123/rxo2024q3pressrelease.htm | RXO earnings release (Ex.99.1) for Q3/24, T1 (BS: Long-term liabilities; row 'Deferred tax liabilities'), column BScur",
deferred_tax_liabilities,Q4/24,88,USD m,"https://www.sec.gov/Archives/edgar/data/1929561/000192956126000006/rxoq42025pressrelease.htm | RXO earnings release (Ex.99.1) for Q4/25, T1 (BS: Long-term liabilities; row 'Deferred tax liabilities'), column BSprior",Year-end balance (same as FY2024)
deferred_tax_liabilities,FY2024,88,USD m,"https://www.sec.gov/Archives/edgar/data/1929561/000192956126000006/rxoq42025pressrelease.htm | RXO earnings release (Ex.99.1) for Q4/25, T1 (BS: Long-term liabilities; row 'Deferred tax liabilities'), column BSprior",Latest-filed value used (release Q4/25); originally reported 87 in Q4/24 release
deferred_tax_liabilities,Q1/25,77,USD m,"https://www.sec.gov/Archives/edgar/data/1929561/000192956125000078/rxo2025q1pressrelease.htm | RXO earnings release (Ex.99.1) for Q1/25, T1 (BS: Long-term liabilities; row 'Deferred tax liabilities'), column BScur",
deferred_tax_liabilities,Q2/25,75,USD m,"https://www.sec.gov/Archives/edgar/data/1929561/000192956125000096/rxo2025q2pressrelease.htm | RXO earnings release (Ex.99.1) for Q2/25, T1 (BS: Long-term liabilities; row 'Deferred tax liabilities'), column BScur",
deferred_tax_liabilities,Q3/25,54,USD m,"https://www.sec.gov/Archives/edgar/data/1929561/000192956125000110/rxo2025q3pressrelease.htm | RXO earnings release (Ex.99.1) for Q3/25, T1 (BS: Long-term liabilities; row 'Deferred tax liabilities'), column BScur",
deferred_tax_liabilities,Q4/25,51,USD m,"https://www.sec.gov/Archives/edgar/data/1929561/000192956126000033/rxo2026q2pressrelease.htm | RXO earnings release (Ex.99.1) for Q2/26, T1 (BS: Long-term liabilities; row 'Deferred tax liabilities'), column BSprior",Year-end balance (same as FY2025)
deferred_tax_liabilities,FY2025,51,USD m,"https://www.sec.gov/Archives/edgar/data/1929561/000192956126000033/rxo2026q2pressrelease.htm | RXO earnings release (Ex.99.1) for Q2/26, T1 (BS: Long-term liabilities; row 'Deferred tax liabilities'), column BSprior",
deferred_tax_liabilities,Q1/26,36,USD m,"https://www.sec.gov/Archives/edgar/data/1929561/000192956126000023/rxo2026q1pressrelease.htm | RXO earnings release (Ex.99.1) for Q1/26, T1 (BS: Long-term liabilities; row 'Deferred tax liabilities'), column BScur",
deferred_tax_liabilities,Q2/26,35,USD m,"https://www.sec.gov/Archives/edgar/data/1929561/000192956126000033/rxo2026q2pressrelease.htm | RXO earnings release (Ex.99.1) for Q2/26, T1 (BS: Long-term liabilities; row 'Deferred tax liabilities'), column BScur",
dep_amort,FY2021,81,USD m,"https://www.sec.gov/Archives/edgar/data/1929561/000192956123000023/rxoq42022pressrelease.htm | RXO earnings release (Ex.99.1) for Q4/22, T0 (PL: (Dollars in millions, shares in thousand; row 'Depreciation and amortization expense'), column YTDprior",
dep_amort,Q1/22,21,USD m,"https://www.sec.gov/Archives/edgar/data/1929561/000192956123000054/rxoq12023pressrelease.htm | RXO earnings release (Ex.99.1) for Q1/23, T0 (PL: (Dollars in millions, shares in thousand; row 'Depreciation and amortization expense'), column Qprior",
dep_amort,Q2/22,21,USD m,"https://www.sec.gov/Archives/edgar/data/1929561/000192956123000069/rxo2023q2pressrelease.htm | RXO earnings release (Ex.99.1) for Q2/23, T0 (PL: (Dollars in millions, shares in thousand; row 'Depreciation and amortization expense'), column Qprior",
dep_amort,Q3/22,23,USD m,"https://www.sec.gov/Archives/edgar/data/1929561/000192956123000090/rxo2023q3pressrelease.htm | RXO earnings release (Ex.99.1) for Q3/23, T0 (PL: (Dollars in millions, shares in thousand; row 'Depreciation and amortization expense'), column Qprior",
dep_amort,Q4/22,21,USD m,"https://www.sec.gov/Archives/edgar/data/1929561/000192956124000025/rxoq42023pressrelease.htm | RXO earnings release (Ex.99.1) for Q4/23, T0 (PL: 2023; row 'Depreciation and amortization expense'), column Qprior",
dep_amort,FY2022,86,USD m,"https://www.sec.gov/Archives/edgar/data/1929561/000192956124000025/rxoq42023pressrelease.htm | RXO earnings release (Ex.99.1) for Q4/23, T0 (PL: 2023; row 'Depreciation and amortization expense'), column YTDprior",
dep_amort,Q1/23,18,USD m,"https://www.sec.gov/Archives/edgar/data/1929561/000192956124000075/rxo2024q1pressrelease.htm | RXO earnings release (Ex.99.1) for Q1/24, T0 (PL: (Dollars in millions, shares in thousand; row 'Depreciation and amortization expense'), column Qprior",
dep_amort,Q2/23,18,USD m,"https://www.sec.gov/Archives/edgar/data/1929561/000192956124000098/rxo2024q2pressrelease.htm | RXO earnings release (Ex.99.1) for Q2/24, T0 (PL: (Dollars in millions, shares in thousand; row 'Depreciation and amortization expense'), column Qprior",
dep_amort,Q3/23,16,USD m,"https://www.sec.gov/Archives/edgar/data/1929561/000192956124000123/rxo2024q3pressrelease.htm | RXO earnings release (Ex.99.1) for Q3/24, T0 (PL: (Dollars in millions, shares in thousand; row 'Depreciation and amortization expense'), column Qprior",
dep_amort,Q4/23,15,USD m,"https://www.sec.gov/Archives/edgar/data/1929561/000192956125000029/rxoq42024pressrelease.htm | RXO earnings release (Ex.99.1) for Q4/24, T0 (PL: (Dollars in millions, shares in thousand; row 'Depreciation and amortization expense'), column Qprior",
dep_amort,FY2023,67,USD m,"https://www.sec.gov/Archives/edgar/data/1929561/000192956125000029/rxoq42024pressrelease.htm | RXO earnings release (Ex.99.1) for Q4/24, T0 (PL: (Dollars in millions, shares in thousand; row 'Depreciation and amortization expense'), column YTDprior",
dep_amort,Q1/24,16,USD m,"https://www.sec.gov/Archives/edgar/data/1929561/000192956125000078/rxo2025q1pressrelease.htm | RXO earnings release (Ex.99.1) for Q1/25, T0 (PL: (Dollars in millions, shares in thousand; row 'Depreciation and amortization expense'), column Qprior",
dep_amort,Q2/24,17,USD m,"https://www.sec.gov/Archives/edgar/data/1929561/000192956125000096/rxo2025q2pressrelease.htm | RXO earnings release (Ex.99.1) for Q2/25, T0 (PL: (Dollars in millions, shares in thousand; row 'Depreciation and amortization expense'), column Qprior",
dep_amort,Q3/24,21,USD m,"https://www.sec.gov/Archives/edgar/data/1929561/000192956125000110/rxo2025q3pressrelease.htm | RXO earnings release (Ex.99.1) for Q3/25, T0 (PL: (Dollars in millions, shares in thousand; row 'Depreciation and amortization expense'), column Qprior",
dep_amort,Q4/24,33,USD m,"https://www.sec.gov/Archives/edgar/data/1929561/000192956126000006/rxoq42025pressrelease.htm | RXO earnings release (Ex.99.1) for Q4/25, T0 (PL: (Dollars in millions, shares in thousand; row 'Depreciation and amortization expense'), column Qprior",
dep_amort,FY2024,87,USD m,"https://www.sec.gov/Archives/edgar/data/1929561/000192956126000006/rxoq42025pressrelease.htm | RXO earnings release (Ex.99.1) for Q4/25, T0 (PL: (Dollars in millions, shares in thousand; row 'Depreciation and amortization expense'), column YTDprior",
dep_amort,Q1/25,32,USD m,"https://www.sec.gov/Archives/edgar/data/1929561/000192956126000023/rxo2026q1pressrelease.htm | RXO earnings release (Ex.99.1) for Q1/26, T0 (PL: (Dollars in millions, shares in thousand; row 'Depreciation and amortization expense'), column Qprior",
dep_amort,Q2/25,30,USD m,"https://www.sec.gov/Archives/edgar/data/1929561/000192956126000033/rxo2026q2pressrelease.htm | RXO earnings release (Ex.99.1) for Q2/26, T0 (PL: (Dollars in millions, shares in thousand; row 'Depreciation and amortization expense'), column Qprior",
dep_amort,Q3/25,26,USD m,"https://www.sec.gov/Archives/edgar/data/1929561/000192956125000110/rxo2025q3pressrelease.htm | RXO earnings release (Ex.99.1) for Q3/25, T0 (PL: (Dollars in millions, shares in thousand; row 'Depreciation and amortization expense'), column Qcur",
dep_amort,Q4/25,28,USD m,"https://www.sec.gov/Archives/edgar/data/1929561/000192956126000006/rxoq42025pressrelease.htm | RXO earnings release (Ex.99.1) for Q4/25, T0 (PL: (Dollars in millions, shares in thousand; row 'Depreciation and amortization expense'), column Qcur",
dep_amort,FY2025,116,USD m,"https://www.sec.gov/Archives/edgar/data/1929561/000192956126000006/rxoq42025pressrelease.htm | RXO earnings release (Ex.99.1) for Q4/25, T0 (PL: (Dollars in millions, shares in thousand; row 'Depreciation and amortization expense'), column YTDcur",
dep_amort,Q1/26,26,USD m,"https://www.sec.gov/Archives/edgar/data/1929561/000192956126000023/rxo2026q1pressrelease.htm | RXO earnings release (Ex.99.1) for Q1/26, T0 (PL: (Dollars in millions, shares in thousand; row 'Depreciation and amortization expense'), column Qcur",
dep_amort,Q2/26,26,USD m,"https://www.sec.gov/Archives/edgar/data/1929561/000192956126000033/rxo2026q2pressrelease.htm | RXO earnings release (Ex.99.1) for Q2/26, T0 (PL: (Dollars in millions, shares in thousand; row 'Depreciation and amortization expense'), column Qcur",
dep_amort,LTM_Q2/26,106,USD m,Derived: sum of Q3/25+Q4/25+Q1/26+Q2/26 three-month figures,LTM to 30-Jun-2026
dep_amort,LTM_Q2/25,116,USD m,Derived: sum of Q3/24..Q2/25 three-month figures,LTM to 30-Jun-2025
direct_operating_expense,FY2021,192,USD m,"https://www.sec.gov/Archives/edgar/data/1929561/000192956123000023/rxoq42022pressrelease.htm | RXO earnings release (Ex.99.1) for Q4/22, T0 (PL: (Dollars in millions, shares in thousand; row 'Direct operating expense (exclusive of depreciation and amor'), column YTDprior",
direct_operating_expense,Q1/22,55,USD m,"https://www.sec.gov/Archives/edgar/data/1929561/000192956123000054/rxoq12023pressrelease.htm | RXO earnings release (Ex.99.1) for Q1/23, T0 (PL: (Dollars in millions, shares in thousand; row 'Direct operating expense (exclusive of depreciation and amor'), column Qprior",
direct_operating_expense,Q2/22,56,USD m,"https://www.sec.gov/Archives/edgar/data/1929561/000192956123000069/rxo2023q2pressrelease.htm | RXO earnings release (Ex.99.1) for Q2/23, T0 (PL: (Dollars in millions, shares in thousand; row 'Direct operating expense (exclusive of depreciation and amor'), column Qprior",
direct_operating_expense,Q3/22,56,USD m,"https://www.sec.gov/Archives/edgar/data/1929561/000192956123000090/rxo2023q3pressrelease.htm | RXO earnings release (Ex.99.1) for Q3/23, T0 (PL: (Dollars in millions, shares in thousand; row 'Direct operating expense (exclusive of depreciation and amor'), column Qprior",
direct_operating_expense,Q4/22,59,USD m,"https://www.sec.gov/Archives/edgar/data/1929561/000192956124000025/rxoq42023pressrelease.htm | RXO earnings release (Ex.99.1) for Q4/23, T0 (PL: 2023; row 'Direct operating expense (exclusive of depreciation and amor'), column Qprior",
direct_operating_expense,FY2022,226,USD m,"https://www.sec.gov/Archives/edgar/data/1929561/000192956124000025/rxoq42023pressrelease.htm | RXO earnings release (Ex.99.1) for Q4/23, T0 (PL: 2023; row 'Direct operating expense (exclusive of depreciation and amor'), column YTDprior",
direct_operating_expense,Q1/23,61,USD m,"https://www.sec.gov/Archives/edgar/data/1929561/000192956124000075/rxo2024q1pressrelease.htm | RXO earnings release (Ex.99.1) for Q1/24, T0 (PL: (Dollars in millions, shares in thousand; row 'Direct operating expense (exclusive of depreciation and amor'), column Qprior",
direct_operating_expense,Q2/23,59,USD m,"https://www.sec.gov/Archives/edgar/data/1929561/000192956124000098/rxo2024q2pressrelease.htm | RXO earnings release (Ex.99.1) for Q2/24, T0 (PL: (Dollars in millions, shares in thousand; row 'Direct operating expense (exclusive of depreciation and amor'), column Qprior",
direct_operating_expense,Q3/23,59,USD m,"https://www.sec.gov/Archives/edgar/data/1929561/000192956124000123/rxo2024q3pressrelease.htm | RXO earnings release (Ex.99.1) for Q3/24, T0 (PL: (Dollars in millions, shares in thousand; row 'Direct operating expense (exclusive of depreciation and amor'), column Qprior",
direct_operating_expense,Q4/23,56,USD m,"https://www.sec.gov/Archives/edgar/data/1929561/000192956125000029/rxoq42024pressrelease.htm | RXO earnings release (Ex.99.1) for Q4/24, T0 (PL: (Dollars in millions, shares in thousand; row 'Direct operating expense (exclusive of depreciation and amor'), column Qprior",
direct_operating_expense,FY2023,235,USD m,"https://www.sec.gov/Archives/edgar/data/1929561/000192956125000029/rxoq42024pressrelease.htm | RXO earnings release (Ex.99.1) for Q4/24, T0 (PL: (Dollars in millions, shares in thousand; row 'Direct operating expense (exclusive of depreciation and amor'), column YTDprior",
direct_operating_expense,Q1/24,53,USD m,"https://www.sec.gov/Archives/edgar/data/1929561/000192956125000078/rxo2025q1pressrelease.htm | RXO earnings release (Ex.99.1) for Q1/25, T0 (PL: (Dollars in millions, shares in thousand; row 'Direct operating expense (exclusive of depreciation and amor'), column Qprior",
direct_operating_expense,Q2/24,50,USD m,"https://www.sec.gov/Archives/edgar/data/1929561/000192956125000096/rxo2025q2pressrelease.htm | RXO earnings release (Ex.99.1) for Q2/25, T0 (PL: (Dollars in millions, shares in thousand; row 'Direct operating expense (exclusive of depreciation and amor'), column Qprior",
direct_operating_expense,Q3/24,49,USD m,"https://www.sec.gov/Archives/edgar/data/1929561/000192956125000110/rxo2025q3pressrelease.htm | RXO earnings release (Ex.99.1) for Q3/25, T0 (PL: (Dollars in millions, shares in thousand; row 'Direct operating expense (exclusive of depreciation and amor'), column Qprior",
direct_operating_expense,Q4/24,50,USD m,"https://www.sec.gov/Archives/edgar/data/1929561/000192956126000006/rxoq42025pressrelease.htm | RXO earnings release (Ex.99.1) for Q4/25, T0 (PL: (Dollars in millions, shares in thousand; row 'Direct operating expense (exclusive of depreciation and amor'), column Qprior",
direct_operating_expense,FY2024,202,USD m,"https://www.sec.gov/Archives/edgar/data/1929561/000192956126000006/rxoq42025pressrelease.htm | RXO earnings release (Ex.99.1) for Q4/25, T0 (PL: (Dollars in millions, shares in thousand; row 'Direct operating expense (exclusive of depreciation and amor'), column YTDprior",
direct_operating_expense,Q1/25,48,USD m,"https://www.sec.gov/Archives/edgar/data/1929561/000192956126000023/rxo2026q1pressrelease.htm | RXO earnings release (Ex.99.1) for Q1/26, T0 (PL: (Dollars in millions, shares in thousand; row 'Direct operating expense (exclusive of depreciation and amor'), column Qprior",
direct_operating_expense,Q2/25,47,USD m,"https://www.sec.gov/Archives/edgar/data/1929561/000192956126000033/rxo2026q2pressrelease.htm | RXO earnings release (Ex.99.1) for Q2/26, T0 (PL: (Dollars in millions, shares in thousand; row 'Direct operating expense (exclusive of depreciation and amor'), column Qprior",
direct_operating_expense,Q3/25,48,USD m,"https://www.sec.gov/Archives/edgar/data/1929561/000192956125000110/rxo2025q3pressrelease.htm | RXO earnings release (Ex.99.1) for Q3/25, T0 (PL: (Dollars in millions, shares in thousand; row 'Direct operating expense (exclusive of depreciation and amor'), column Qcur",
direct_operating_expense,Q4/25,47,USD m,"https://www.sec.gov/Archives/edgar/data/1929561/000192956126000006/rxoq42025pressrelease.htm | RXO earnings release (Ex.99.1) for Q4/25, T0 (PL: (Dollars in millions, shares in thousand; row 'Direct operating expense (exclusive of depreciation and amor'), column Qcur",
direct_operating_expense,FY2025,190,USD m,"https://www.sec.gov/Archives/edgar/data/1929561/000192956126000006/rxoq42025pressrelease.htm | RXO earnings release (Ex.99.1) for Q4/25, T0 (PL: (Dollars in millions, shares in thousand; row 'Direct operating expense (exclusive of depreciation and amor'), column YTDcur",
direct_operating_expense,Q1/26,50,USD m,"https://www.sec.gov/Archives/edgar/data/1929561/000192956126000023/rxo2026q1pressrelease.htm | RXO earnings release (Ex.99.1) for Q1/26, T0 (PL: (Dollars in millions, shares in thousand; row 'Direct operating expense (exclusive of depreciation and amor'), column Qcur",
direct_operating_expense,Q2/26,53,USD m,"https://www.sec.gov/Archives/edgar/data/1929561/000192956126000033/rxo2026q2pressrelease.htm | RXO earnings release (Ex.99.1) for Q2/26, T0 (PL: (Dollars in millions, shares in thousand; row 'Direct operating expense (exclusive of depreciation and amor'), column Qcur",
direct_operating_expense,LTM_Q2/26,198,USD m,Derived: sum of Q3/25+Q4/25+Q1/26+Q2/26 three-month figures,LTM to 30-Jun-2026
direct_operating_expense,LTM_Q2/25,194,USD m,Derived: sum of Q3/24..Q2/25 three-month figures,LTM to 30-Jun-2025
eps_basic,FY2021,1.3,USD/share,"https://www.sec.gov/Archives/edgar/data/1929561/000192956123000023/rxoq42022pressrelease.htm | RXO earnings release (Ex.99.1) for Q4/22, T0 (PL: Earnings (loss) per share data; row 'Basic earnings (loss) per share'), column YTDprior",
eps_basic,Q1/22,0.34,USD/share,"https://www.sec.gov/Archives/edgar/data/1929561/000192956123000054/rxoq12023pressrelease.htm | RXO earnings release (Ex.99.1) for Q1/23, T0 (PL: Earnings per share data; row 'Basic earnings per share'), column Qprior",
eps_basic,Q2/22,0.38,USD/share,"https://www.sec.gov/Archives/edgar/data/1929561/000192956123000069/rxo2023q2pressrelease.htm | RXO earnings release (Ex.99.1) for Q2/23, T0 (PL: Earnings per share data; row 'Basic earnings per share'), column Qprior",
eps_basic,Q3/22,0.11,USD/share,"https://www.sec.gov/Archives/edgar/data/1929561/000192956123000090/rxo2023q3pressrelease.htm | RXO earnings release (Ex.99.1) for Q3/23, T0 (PL: Earnings (loss) per share data; row 'Basic earnings (loss) per share'), column Qprior",
eps_basic,Q4/22,-0.03,USD/share,"https://www.sec.gov/Archives/edgar/data/1929561/000192956124000025/rxoq42023pressrelease.htm | RXO earnings release (Ex.99.1) for Q4/23, T0 (PL: Earnings (loss) per share data; row 'Basic earnings (loss) per share'), column Qprior",
eps_basic,FY2022,0.8,USD/share,"https://www.sec.gov/Archives/edgar/data/1929561/000192956124000025/rxoq42023pressrelease.htm | RXO earnings release (Ex.99.1) for Q4/23, T0 (PL: Earnings (loss) per share data; row 'Basic earnings (loss) per share'), column YTDprior",
eps_basic,Q1/23,0.0,USD/share,"https://www.sec.gov/Archives/edgar/data/1929561/000192956124000075/rxo2024q1pressrelease.htm | RXO earnings release (Ex.99.1) for Q1/24, T0 (PL: Earnings (loss) per share data; row 'Basic earnings (loss) per share'), column Qprior",
eps_basic,Q2/23,0.03,USD/share,"https://www.sec.gov/Archives/edgar/data/1929561/000192956124000098/rxo2024q2pressrelease.htm | RXO earnings release (Ex.99.1) for Q2/24, T0 (PL: Earnings (loss) per share data; row 'Basic earnings (loss) per share'), column Qprior",
eps_basic,Q3/23,-0.01,USD/share,"https://www.sec.gov/Archives/edgar/data/1929561/000192956124000123/rxo2024q3pressrelease.htm | RXO earnings release (Ex.99.1) for Q3/24, T0 (PL: Earnings (loss) per share data; row 'Basic'), column Qprior",
eps_basic,Q4/23,0.02,USD/share,"https://www.sec.gov/Archives/edgar/data/1929561/000192956125000029/rxoq42024pressrelease.htm | RXO earnings release (Ex.99.1) for Q4/24, T0 (PL: Earnings (loss) per share data; row 'Basic'), column Qprior",
eps_basic,FY2023,0.03,USD/share,"https://www.sec.gov/Archives/edgar/data/1929561/000192956125000029/rxoq42024pressrelease.htm | RXO earnings release (Ex.99.1) for Q4/24, T0 (PL: Earnings (loss) per share data; row 'Basic'), column YTDprior",
eps_basic,Q1/24,-0.13,USD/share,"https://www.sec.gov/Archives/edgar/data/1929561/000192956125000078/rxo2025q1pressrelease.htm | RXO earnings release (Ex.99.1) for Q1/25, T0 (PL: Loss per share data; row 'Basic'), column Qprior",
eps_basic,Q2/24,-0.06,USD/share,"https://www.sec.gov/Archives/edgar/data/1929561/000192956125000096/rxo2025q2pressrelease.htm | RXO earnings release (Ex.99.1) for Q2/25, T0 (PL: Loss per share; row 'Basic'), column Qprior",
eps_basic,Q3/24,-1.81,USD/share,"https://www.sec.gov/Archives/edgar/data/1929561/000192956125000110/rxo2025q3pressrelease.htm | RXO earnings release (Ex.99.1) for Q3/25, T0 (PL: Loss per share; row 'Basic'), column Qprior",
eps_basic,Q4/24,-0.15,USD/share,"https://www.sec.gov/Archives/edgar/data/1929561/000192956126000006/rxoq42025pressrelease.htm | RXO earnings release (Ex.99.1) for Q4/25, T0 (PL: Loss per share; row 'Basic'), column Qprior",Latest-filed value used (release Q4/25); originally reported -0.12 in Q4/24 release
eps_basic,FY2024,-2.17,USD/share,"https://www.sec.gov/Archives/edgar/data/1929561/000192956126000006/rxoq42025pressrelease.htm | RXO earnings release (Ex.99.1) for Q4/25, T0 (PL: Loss per share; row 'Basic'), column YTDprior",Latest-filed value used (release Q4/25); originally reported -2.14 in Q4/24 release
eps_basic,Q1/25,-0.18,USD/share,"https://www.sec.gov/Archives/edgar/data/1929561/000192956126000023/rxo2026q1pressrelease.htm | RXO earnings release (Ex.99.1) for Q1/26, T0 (PL: Loss per share; row 'Basic'), column Qprior",
eps_basic,Q2/25,-0.05,USD/share,"https://www.sec.gov/Archives/edgar/data/1929561/000192956126000033/rxo2026q2pressrelease.htm | RXO earnings release (Ex.99.1) for Q2/26, T0 (PL: Loss per share; row 'Basic'), column Qprior",
eps_basic,Q3/25,-0.08,USD/share,"https://www.sec.gov/Archives/edgar/data/1929561/000192956125000110/rxo2025q3pressrelease.htm | RXO earnings release (Ex.99.1) for Q3/25, T0 (PL: Loss per share; row 'Basic'), column Qcur",
eps_basic,Q4/25,-0.27,USD/share,"https://www.sec.gov/Archives/edgar/data/1929561/000192956126000006/rxoq42025pressrelease.htm | RXO earnings release (Ex.99.1) for Q4/25, T0 (PL: Loss per share; row 'Basic'), column Qcur",
eps_basic,FY2025,-0.59,USD/share,"https://www.sec.gov/Archives/edgar/data/1929561/000192956126000006/rxoq42025pressrelease.htm | RXO earnings release (Ex.99.1) for Q4/25, T0 (PL: Loss per share; row 'Basic'), column YTDcur",
eps_basic,Q1/26,-0.21,USD/share,"https://www.sec.gov/Archives/edgar/data/1929561/000192956126000023/rxo2026q1pressrelease.htm | RXO earnings release (Ex.99.1) for Q1/26, T0 (PL: Loss per share; row 'Basic'), column Qcur",
eps_basic,Q2/26,-0.05,USD/share,"https://www.sec.gov/Archives/edgar/data/1929561/000192956126000033/rxo2026q2pressrelease.htm | RXO earnings release (Ex.99.1) for Q2/26, T0 (PL: Loss per share; row 'Basic'), column Qcur",
eps_diluted,FY2021,1.3,USD/share,"https://www.sec.gov/Archives/edgar/data/1929561/000192956123000023/rxoq42022pressrelease.htm | RXO earnings release (Ex.99.1) for Q4/22, T0 (PL: Earnings (loss) per share data; row 'Diluted earnings (loss) per share'), column YTDprior",
eps_diluted,Q1/22,0.34,USD/share,"https://www.sec.gov/Archives/edgar/data/1929561/000192956123000054/rxoq12023pressrelease.htm | RXO earnings release (Ex.99.1) for Q1/23, T0 (PL: Earnings per share data; row 'Diluted earnings per share'), column Qprior",
eps_diluted,Q2/22,0.38,USD/share,"https://www.sec.gov/Archives/edgar/data/1929561/000192956123000069/rxo2023q2pressrelease.htm | RXO earnings release (Ex.99.1) for Q2/23, T0 (PL: Earnings per share data; row 'Diluted earnings per share'), column Qprior",
eps_diluted,Q3/22,0.11,USD/share,"https://www.sec.gov/Archives/edgar/data/1929561/000192956123000090/rxo2023q3pressrelease.htm | RXO earnings release (Ex.99.1) for Q3/23, T0 (PL: Earnings (loss) per share data; row 'Diluted earnings (loss) per share'), column Qprior",
eps_diluted,Q4/22,-0.03,USD/share,"https://www.sec.gov/Archives/edgar/data/1929561/000192956124000025/rxoq42023pressrelease.htm | RXO earnings release (Ex.99.1) for Q4/23, T0 (PL: Earnings (loss) per share data; row 'Diluted earnings (loss) per share'), column Qprior",
eps_diluted,FY2022,0.79,USD/share,"https://www.sec.gov/Archives/edgar/data/1929561/000192956124000025/rxoq42023pressrelease.htm | RXO earnings release (Ex.99.1) for Q4/23, T0 (PL: Earnings (loss) per share data; row 'Diluted earnings (loss) per share'), column YTDprior",
eps_diluted,Q1/23,0.0,USD/share,"https://www.sec.gov/Archives/edgar/data/1929561/000192956124000075/rxo2024q1pressrelease.htm | RXO earnings release (Ex.99.1) for Q1/24, T0 (PL: Earnings (loss) per share data; row 'Diluted earnings (loss) per share'), column Qprior",
eps_diluted,Q2/23,0.03,USD/share,"https://www.sec.gov/Archives/edgar/data/1929561/000192956124000098/rxo2024q2pressrelease.htm | RXO earnings release (Ex.99.1) for Q2/24, T0 (PL: Earnings (loss) per share data; row 'Diluted earnings (loss) per share'), column Qprior",
eps_diluted,Q3/23,-0.01,USD/share,"https://www.sec.gov/Archives/edgar/data/1929561/000192956124000123/rxo2024q3pressrelease.htm | RXO earnings release (Ex.99.1) for Q3/24, T0 (PL: Earnings (loss) per share data; row 'Diluted'), column Qprior",
eps_diluted,Q4/23,0.02,USD/share,"https://www.sec.gov/Archives/edgar/data/1929561/000192956125000029/rxoq42024pressrelease.htm | RXO earnings release (Ex.99.1) for Q4/24, T0 (PL: Earnings (loss) per share data; row 'Diluted'), column Qprior",
eps_diluted,FY2023,0.03,USD/share,"https://www.sec.gov/Archives/edgar/data/1929561/000192956125000029/rxoq42024pressrelease.htm | RXO earnings release (Ex.99.1) for Q4/24, T0 (PL: Earnings (loss) per share data; row 'Diluted'), column YTDprior",
eps_diluted,Q1/24,-0.13,USD/share,"https://www.sec.gov/Archives/edgar/data/1929561/000192956125000078/rxo2025q1pressrelease.htm | RXO earnings release (Ex.99.1) for Q1/25, T0 (PL: Loss per share data; row 'Diluted'), column Qprior",
eps_diluted,Q2/24,-0.06,USD/share,"https://www.sec.gov/Archives/edgar/data/1929561/000192956125000096/rxo2025q2pressrelease.htm | RXO earnings release (Ex.99.1) for Q2/25, T0 (PL: Loss per share; row 'Diluted'), column Qprior",
eps_diluted,Q3/24,-1.81,USD/share,"https://www.sec.gov/Archives/edgar/data/1929561/000192956125000110/rxo2025q3pressrelease.htm | RXO earnings release (Ex.99.1) for Q3/25, T0 (PL: Loss per share; row 'Diluted'), column Qprior",
eps_diluted,Q4/24,-0.15,USD/share,"https://www.sec.gov/Archives/edgar/data/1929561/000192956126000006/rxoq42025pressrelease.htm | RXO earnings release (Ex.99.1) for Q4/25, T0 (PL: Loss per share; row 'Diluted'), column Qprior",Latest-filed value used (release Q4/25); originally reported -0.12 in Q4/24 release
eps_diluted,FY2024,-2.17,USD/share,"https://www.sec.gov/Archives/edgar/data/1929561/000192956126000006/rxoq42025pressrelease.htm | RXO earnings release (Ex.99.1) for Q4/25, T0 (PL: Loss per share; row 'Diluted'), column YTDprior",Latest-filed value used (release Q4/25); originally reported -2.14 in Q4/24 release
eps_diluted,Q1/25,-0.18,USD/share,"https://www.sec.gov/Archives/edgar/data/1929561/000192956126000023/rxo2026q1pressrelease.htm | RXO earnings release (Ex.99.1) for Q1/26, T0 (PL: Loss per share; row 'Diluted'), column Qprior",
eps_diluted,Q2/25,-0.05,USD/share,"https://www.sec.gov/Archives/edgar/data/1929561/000192956126000033/rxo2026q2pressrelease.htm | RXO earnings release (Ex.99.1) for Q2/26, T0 (PL: Loss per share; row 'Diluted'), column Qprior",
eps_diluted,Q3/25,-0.08,USD/share,"https://www.sec.gov/Archives/edgar/data/1929561/000192956125000110/rxo2025q3pressrelease.htm | RXO earnings release (Ex.99.1) for Q3/25, T0 (PL: Loss per share; row 'Diluted'), column Qcur",
eps_diluted,Q4/25,-0.27,USD/share,"https://www.sec.gov/Archives/edgar/data/1929561/000192956126000006/rxoq42025pressrelease.htm | RXO earnings release (Ex.99.1) for Q4/25, T0 (PL: Loss per share; row 'Diluted'), column Qcur",
eps_diluted,FY2025,-0.59,USD/share,"https://www.sec.gov/Archives/edgar/data/1929561/000192956126000006/rxoq42025pressrelease.htm | RXO earnings release (Ex.99.1) for Q4/25, T0 (PL: Loss per share; row 'Diluted'), column YTDcur",
eps_diluted,Q1/26,-0.21,USD/share,"https://www.sec.gov/Archives/edgar/data/1929561/000192956126000023/rxo2026q1pressrelease.htm | RXO earnings release (Ex.99.1) for Q1/26, T0 (PL: Loss per share; row 'Diluted'), column Qcur",
eps_diluted,Q2/26,-0.05,USD/share,"https://www.sec.gov/Archives/edgar/data/1929561/000192956126000033/rxo2026q2pressrelease.htm | RXO earnings release (Ex.99.1) for Q2/26, T0 (PL: Loss per share; row 'Diluted'), column Qcur",
equity_issuance_proceeds,Q3/23,0,USD m,"Derived: YTD through Q3 minus YTD through Q2. Sources: [https://www.sec.gov/Archives/edgar/data/1929561/000192956124000123/rxo2024q3pressrelease.htm | RXO earnings release (Ex.99.1) for Q3/24, T2 (CF: Financing activities; row 'Proceeds from issuance of common stock and pre-funded warran'), column YTDprior] minus [n/a (line not shown = 0)]",Q3 three-month figure derived as YTD3 - YTD2
equity_issuance_proceeds,Q4/23,0,USD m,"Derived: YTD through Q4 minus YTD through Q3. Sources: [https://www.sec.gov/Archives/edgar/data/1929561/000192956125000029/rxoq42024pressrelease.htm | RXO earnings release (Ex.99.1) for Q4/24, T2 (CF: Financing activities; row 'Proceeds from issuance of common stock and pre-funded warran'), column YTDprior] minus [https://www.sec.gov/Archives/edgar/data/1929561/000192956124000123/rxo2024q3pressrelease.htm | RXO earnings release (Ex.99.1) for Q3/24, T2 (CF: Financing activities; row 'Proceeds from issuance of common stock and pre-funded warran'), column YTDprior]",Q4 three-month figure derived as YTD4 - YTD3 (Q4 = FY - 9M)
equity_issuance_proceeds,FY2023,0,USD m,"https://www.sec.gov/Archives/edgar/data/1929561/000192956125000029/rxoq42024pressrelease.htm | RXO earnings release (Ex.99.1) for Q4/24, T2 (CF: Financing activities; row 'Proceeds from issuance of common stock and pre-funded warran'), column YTDprior",
equity_issuance_proceeds,Q3/24,1125,USD m,"Derived: YTD through Q3 minus YTD through Q2. Sources: [https://www.sec.gov/Archives/edgar/data/1929561/000192956125000110/rxo2025q3pressrelease.htm | RXO earnings release (Ex.99.1) for Q3/25, T2 (CF: Financing activities; row 'Proceeds from issuance of common stock and pre-funded warran'), column YTDprior] minus [n/a (line not shown = 0)]",Q3 three-month figure derived as YTD3 - YTD2
equity_issuance_proceeds,Q4/24,0,USD m,"Derived: YTD through Q4 minus YTD through Q3. Sources: [https://www.sec.gov/Archives/edgar/data/1929561/000192956126000006/rxoq42025pressrelease.htm | RXO earnings release (Ex.99.1) for Q4/25, T2 (CF: Financing activities; row 'Proceeds from issuance of common stock and pre-funded warran'), column YTDprior] minus [https://www.sec.gov/Archives/edgar/data/1929561/000192956125000110/rxo2025q3pressrelease.htm | RXO earnings release (Ex.99.1) for Q3/25, T2 (CF: Financing activities; row 'Proceeds from issuance of common stock and pre-funded warran'), column YTDprior]",Q4 three-month figure derived as YTD4 - YTD3 (Q4 = FY - 9M)
equity_issuance_proceeds,FY2024,1125,USD m,"https://www.sec.gov/Archives/edgar/data/1929561/000192956126000006/rxoq42025pressrelease.htm | RXO earnings release (Ex.99.1) for Q4/25, T2 (CF: Financing activities; row 'Proceeds from issuance of common stock and pre-funded warran'), column YTDprior",
equity_issuance_proceeds,Q3/25,0,USD m,"Derived: YTD through Q3 minus YTD through Q2. Sources: [https://www.sec.gov/Archives/edgar/data/1929561/000192956125000110/rxo2025q3pressrelease.htm | RXO earnings release (Ex.99.1) for Q3/25, T2 (CF: Financing activities; row 'Proceeds from issuance of common stock and pre-funded warran'), column YTDcur] minus [n/a (line not shown = 0)]",Q3 three-month figure derived as YTD3 - YTD2
equity_issuance_proceeds,Q4/25,0,USD m,"Derived: YTD through Q4 minus YTD through Q3. Sources: [https://www.sec.gov/Archives/edgar/data/1929561/000192956126000006/rxoq42025pressrelease.htm | RXO earnings release (Ex.99.1) for Q4/25, T2 (CF: Financing activities; row 'Proceeds from issuance of common stock and pre-funded warran'), column YTDcur] minus [https://www.sec.gov/Archives/edgar/data/1929561/000192956125000110/rxo2025q3pressrelease.htm | RXO earnings release (Ex.99.1) for Q3/25, T2 (CF: Financing activities; row 'Proceeds from issuance of common stock and pre-funded warran'), column YTDcur]",Q4 three-month figure derived as YTD4 - YTD3 (Q4 = FY - 9M)
equity_issuance_proceeds,FY2025,0,USD m,"https://www.sec.gov/Archives/edgar/data/1929561/000192956126000006/rxoq42025pressrelease.htm | RXO earnings release (Ex.99.1) for Q4/25, T2 (CF: Financing activities; row 'Proceeds from issuance of common stock and pre-funded warran'), column YTDcur",
fcf_cfo_less_capex,FY2021,116,USD m,Derived: cfo + capex (capex negative),"Analyst-derived, NOT company-published; RXO published FCF only in Form 10 (FY2021, H1/22) and Q1/23 release"
fcf_cfo_less_capex,Q1/22,91,USD m,Derived: cfo + capex (capex negative),"Analyst-derived, NOT company-published; RXO published FCF only in Form 10 (FY2021, H1/22) and Q1/23 release"
fcf_cfo_less_capex,Q2/22,62,USD m,Derived: cfo + capex (capex negative),"Analyst-derived, NOT company-published; RXO published FCF only in Form 10 (FY2021, H1/22) and Q1/23 release"
fcf_cfo_less_capex,Q3/22,42,USD m,Derived: cfo + capex (capex negative),"Analyst-derived, NOT company-published; RXO published FCF only in Form 10 (FY2021, H1/22) and Q1/23 release"
fcf_cfo_less_capex,Q4/22,58,USD m,Derived: cfo + capex (capex negative),"Analyst-derived, NOT company-published; RXO published FCF only in Form 10 (FY2021, H1/22) and Q1/23 release"
fcf_cfo_less_capex,FY2022,253,USD m,Derived: cfo + capex (capex negative),"Analyst-derived, NOT company-published; RXO published FCF only in Form 10 (FY2021, H1/22) and Q1/23 release"
fcf_cfo_less_capex,Q1/23,30,USD m,Derived: cfo + capex (capex negative),"Analyst-derived, NOT company-published; RXO published FCF only in Form 10 (FY2021, H1/22) and Q1/23 release"
fcf_cfo_less_capex,Q2/23,8,USD m,Derived: cfo + capex (capex negative),"Analyst-derived, NOT company-published; RXO published FCF only in Form 10 (FY2021, H1/22) and Q1/23 release"
fcf_cfo_less_capex,Q3/23,-14,USD m,Derived: cfo + capex (capex negative),"Analyst-derived, NOT company-published; RXO published FCF only in Form 10 (FY2021, H1/22) and Q1/23 release"
fcf_cfo_less_capex,Q4/23,1,USD m,Derived: cfo + capex (capex negative),"Analyst-derived, NOT company-published; RXO published FCF only in Form 10 (FY2021, H1/22) and Q1/23 release"
fcf_cfo_less_capex,FY2023,25,USD m,Derived: cfo + capex (capex negative),"Analyst-derived, NOT company-published; RXO published FCF only in Form 10 (FY2021, H1/22) and Q1/23 release"
fcf_cfo_less_capex,Q1/24,-4,USD m,Derived: cfo + capex (capex negative),"Analyst-derived, NOT company-published; RXO published FCF only in Form 10 (FY2021, H1/22) and Q1/23 release"
fcf_cfo_less_capex,Q2/24,-16,USD m,Derived: cfo + capex (capex negative),"Analyst-derived, NOT company-published; RXO published FCF only in Form 10 (FY2021, H1/22) and Q1/23 release"
fcf_cfo_less_capex,Q3/24,-18,USD m,Derived: cfo + capex (capex negative),"Analyst-derived, NOT company-published; RXO published FCF only in Form 10 (FY2021, H1/22) and Q1/23 release"
fcf_cfo_less_capex,Q4/24,-19,USD m,Derived: cfo + capex (capex negative),"Analyst-derived, NOT company-published; RXO published FCF only in Form 10 (FY2021, H1/22) and Q1/23 release"
fcf_cfo_less_capex,FY2024,-57,USD m,Derived: cfo + capex (capex negative),"Analyst-derived, NOT company-published; RXO published FCF only in Form 10 (FY2021, H1/22) and Q1/23 release"
fcf_cfo_less_capex,Q1/25,-17,USD m,Derived: cfo + capex (capex negative),"Analyst-derived, NOT company-published; RXO published FCF only in Form 10 (FY2021, H1/22) and Q1/23 release"
fcf_cfo_less_capex,Q2/25,9,USD m,Derived: cfo + capex (capex negative),"Analyst-derived, NOT company-published; RXO published FCF only in Form 10 (FY2021, H1/22) and Q1/23 release"
fcf_cfo_less_capex,Q3/25,9,USD m,Derived: cfo + capex (capex negative),"Analyst-derived, NOT company-published; RXO published FCF only in Form 10 (FY2021, H1/22) and Q1/23 release"
fcf_cfo_less_capex,Q4/25,-9,USD m,Derived: cfo + capex (capex negative),"Analyst-derived, NOT company-published; RXO published FCF only in Form 10 (FY2021, H1/22) and Q1/23 release"
fcf_cfo_less_capex,FY2025,-8,USD m,Derived: cfo + capex (capex negative),"Analyst-derived, NOT company-published; RXO published FCF only in Form 10 (FY2021, H1/22) and Q1/23 release"
fcf_cfo_less_capex,Q1/26,-24,USD m,Derived: cfo + capex (capex negative),"Analyst-derived, NOT company-published; RXO published FCF only in Form 10 (FY2021, H1/22) and Q1/23 release"
fcf_cfo_less_capex,Q2/26,-52,USD m,Derived: cfo + capex (capex negative),"Analyst-derived, NOT company-published; RXO published FCF only in Form 10 (FY2021, H1/22) and Q1/23 release"
fcf_company_defined,FY2021,117,USD m,https://www.sec.gov/Archives/edgar/data/1929561/000162828022026335/exhibit991-form10a.htm | Form 10/A 'Free Cash Flow - Historical' table,Company definition (Form 10): CFO - capex + proceeds from sale of PP&E
fcf_company_defined,Q1/22,91,USD m,"https://www.sec.gov/Archives/edgar/data/1929561/000192956123000054/rxoq12023pressrelease.htm | RXO earnings release (Ex.99.1) for Q1/23, T7 (FCF: Reconciliation of Cash Flows from Operat; row 'Free Cash Flow'), column Qprior",Company definition (Q1/23 release): CFO - payment for purchases of PP&E. RXO did not publish FCF regularly in later releases
fcf_company_defined,Q1/23,30,USD m,"https://www.sec.gov/Archives/edgar/data/1929561/000192956123000054/rxoq12023pressrelease.htm | RXO earnings release (Ex.99.1) for Q1/23, T7 (FCF: Reconciliation of Cash Flows from Operat; row 'Free Cash Flow'), column Qcur",Company definition (Q1/23 release): CFO - payment for purchases of PP&E. RXO did not publish FCF regularly in later releases
gmtab_ctos,FY2021,3681,USD m,"https://www.sec.gov/Archives/edgar/data/1929561/000192956123000023/rxoq42022pressrelease.htm | RXO earnings release (Ex.99.1) for Q4/22, T7 (GM: Cost of transportation and services (exc; row 'Total Cost of transportation and services (exclusive of depr'), column YTDprior",
gmtab_ctos,Q1/22,1021,USD m,"https://www.sec.gov/Archives/edgar/data/1929561/000192956123000054/rxoq12023pressrelease.htm | RXO earnings release (Ex.99.1) for Q1/23, T8 (GM: Cost of transportation and services (exc; row 'Total Cost of transportation and services (exclusive of depr'), column Qprior",
gmtab_ctos,Q2/22,904,USD m,"https://www.sec.gov/Archives/edgar/data/1929561/000192956123000069/rxo2023q2pressrelease.htm | RXO earnings release (Ex.99.1) for Q2/23, T6 (GM: Cost of transportation and services (exc; row 'Cost of transportation and services (exclusive of depreciati'), column Qprior",
gmtab_ctos,Q3/22,857,USD m,"https://www.sec.gov/Archives/edgar/data/1929561/000192956123000090/rxo2023q3pressrelease.htm | RXO earnings release (Ex.99.1) for Q3/23, T6 (GM: Cost of transportation and services (exc; row 'Cost of transportation and services (exclusive of depreciati'), column Qprior",
gmtab_ctos,Q4/22,842,USD m,"https://www.sec.gov/Archives/edgar/data/1929561/000192956124000025/rxoq42023pressrelease.htm | RXO earnings release (Ex.99.1) for Q4/23, T6 (GM: Cost of transportation and services (exc; row 'Cost of transportation and services (exclusive of depreciati'), column Qprior",
gmtab_ctos,FY2022,3624,USD m,"https://www.sec.gov/Archives/edgar/data/1929561/000192956124000025/rxoq42023pressrelease.htm | RXO earnings release (Ex.99.1) for Q4/23, T6 (GM: Cost of transportation and services (exc; row 'Cost of transportation and services (exclusive of depreciati'), column YTDprior",
gmtab_ctos,Q1/23,759,USD m,"https://www.sec.gov/Archives/edgar/data/1929561/000192956124000075/rxo2024q1pressrelease.htm | RXO earnings release (Ex.99.1) for Q1/24, T6 (GM: Cost of transportation and services (exc; row 'Cost of transportation and services (exclusive of depreciati'), column Qprior",
gmtab_ctos,Q2/23,723,USD m,"https://www.sec.gov/Archives/edgar/data/1929561/000192956124000098/rxo2024q2pressrelease.htm | RXO earnings release (Ex.99.1) for Q2/24, T6 (GM: Cost of transportation and services (exc; row 'Cost of transportation and services (exclusive of depreciati'), column Qprior",
gmtab_ctos,Q3/23,742,USD m,"https://www.sec.gov/Archives/edgar/data/1929561/000192956124000123/rxo2024q3pressrelease.htm | RXO earnings release (Ex.99.1) for Q3/24, T6 (GM: Cost of transportation and services (exc; row 'Cost of transportation and services (exclusive of depreciati'), column Qprior",
gmtab_ctos,Q4/23,743,USD m,"https://www.sec.gov/Archives/edgar/data/1929561/000192956125000029/rxoq42024pressrelease.htm | RXO earnings release (Ex.99.1) for Q4/24, T6 (GM: Cost of transportation and services (exc; row 'Cost of transportation and services (exclusive of depreciati'), column Qprior",
gmtab_ctos,FY2023,2967,USD m,"https://www.sec.gov/Archives/edgar/data/1929561/000192956125000029/rxoq42024pressrelease.htm | RXO earnings release (Ex.99.1) for Q4/24, T6 (GM: Cost of transportation and services (exc; row 'Cost of transportation and services (exclusive of depreciati'), column YTDprior",
gmtab_ctos,Q1/24,699,USD m,"https://www.sec.gov/Archives/edgar/data/1929561/000192956125000078/rxo2025q1pressrelease.htm | RXO earnings release (Ex.99.1) for Q1/25, T6 (GM: Cost of transportation and services (exc; row 'Cost of transportation and services (exclusive of depreciati'), column Qprior",
gmtab_ctos,Q2/24,700,USD m,"https://www.sec.gov/Archives/edgar/data/1929561/000192956125000096/rxo2025q2pressrelease.htm | RXO earnings release (Ex.99.1) for Q2/25, T6 (GM: Cost of transportation and services (exc; row 'Cost of transportation and services (exclusive of depreciati'), column Qprior",
gmtab_ctos,Q3/24,809,USD m,"https://www.sec.gov/Archives/edgar/data/1929561/000192956125000110/rxo2025q3pressrelease.htm | RXO earnings release (Ex.99.1) for Q3/25, T6 (GM: Cost of transportation and services (exc; row 'Cost of transportation and services (exclusive of depreciati'), column Qprior",
gmtab_ctos,Q4/24,1357,USD m,"https://www.sec.gov/Archives/edgar/data/1929561/000192956126000006/rxoq42025pressrelease.htm | RXO earnings release (Ex.99.1) for Q4/25, T6 (GM: Cost of transportation and services (exc; row 'Cost of transportation and services (exclusive of depreciati'), column Qprior",
gmtab_ctos,FY2024,3565,USD m,"https://www.sec.gov/Archives/edgar/data/1929561/000192956126000006/rxoq42025pressrelease.htm | RXO earnings release (Ex.99.1) for Q4/25, T6 (GM: Cost of transportation and services (exc; row 'Cost of transportation and services (exclusive of depreciati'), column YTDprior",
gmtab_ctos,Q1/25,1153,USD m,"https://www.sec.gov/Archives/edgar/data/1929561/000192956126000023/rxo2026q1pressrelease.htm | RXO earnings release (Ex.99.1) for Q1/26, T6 (GM: Cost of transportation and services (exc; row 'Cost of transportation and services (exclusive of depreciati'), column Qprior",
gmtab_ctos,Q2/25,1118,USD m,"https://www.sec.gov/Archives/edgar/data/1929561/000192956126000033/rxo2026q2pressrelease.htm | RXO earnings release (Ex.99.1) for Q2/26, T6 (GM: Cost of transportation and services (exc; row 'Cost of transportation and services (exclusive of depreciati'), column Qprior",
gmtab_ctos,Q3/25,1137,USD m,"https://www.sec.gov/Archives/edgar/data/1929561/000192956125000110/rxo2025q3pressrelease.htm | RXO earnings release (Ex.99.1) for Q3/25, T6 (GM: Cost of transportation and services (exc; row 'Cost of transportation and services (exclusive of depreciati'), column Qcur",
gmtab_ctos,Q4/25,1203,USD m,"https://www.sec.gov/Archives/edgar/data/1929561/000192956126000006/rxoq42025pressrelease.htm | RXO earnings release (Ex.99.1) for Q4/25, T6 (GM: Cost of transportation and services (exc; row 'Cost of transportation and services (exclusive of depreciati'), column Qcur",
gmtab_ctos,FY2025,4611,USD m,"https://www.sec.gov/Archives/edgar/data/1929561/000192956126000006/rxoq42025pressrelease.htm | RXO earnings release (Ex.99.1) for Q4/25, T6 (GM: Cost of transportation and services (exc; row 'Cost of transportation and services (exclusive of depreciati'), column YTDcur",
gmtab_ctos,Q1/26,1171,USD m,"https://www.sec.gov/Archives/edgar/data/1929561/000192956126000023/rxo2026q1pressrelease.htm | RXO earnings release (Ex.99.1) for Q1/26, T6 (GM: Cost of transportation and services (exc; row 'Cost of transportation and services (exclusive of depreciati'), column Qcur",
gmtab_ctos,Q2/26,1472,USD m,"https://www.sec.gov/Archives/edgar/data/1929561/000192956126000033/rxo2026q2pressrelease.htm | RXO earnings release (Ex.99.1) for Q2/26, T6 (GM: Cost of transportation and services (exc; row 'Cost of transportation and services (exclusive of depreciati'), column Qcur",
gmtab_ctos_brokerage,FY2021,2322,USD m,"https://www.sec.gov/Archives/edgar/data/1929561/000192956123000023/rxoq42022pressrelease.htm | RXO earnings release (Ex.99.1) for Q4/22, T7 (GM: Cost of transportation and services (exc; row 'Truck brokerage'), column YTDprior",
gmtab_ctos_brokerage,Q1/22,690,USD m,"https://www.sec.gov/Archives/edgar/data/1929561/000192956123000054/rxoq12023pressrelease.htm | RXO earnings release (Ex.99.1) for Q1/23, T8 (GM: Cost of transportation and services (exc; row 'Truck brokerage'), column Qprior",
gmtab_ctos_brokerage,Q2/22,598,USD m,"https://www.sec.gov/Archives/edgar/data/1929561/000192956123000069/rxo2023q2pressrelease.htm | RXO earnings release (Ex.99.1) for Q2/23, T6 (GM: Cost of transportation and services (exc; row 'Truck brokerage'), column Qprior",
gmtab_ctos_brokerage,Q3/22,556,USD m,"https://www.sec.gov/Archives/edgar/data/1929561/000192956123000090/rxo2023q3pressrelease.htm | RXO earnings release (Ex.99.1) for Q3/23, T6 (GM: Cost of transportation and services (exc; row 'Truck brokerage'), column Qprior",
gmtab_ctos_brokerage,Q4/22,545,USD m,"https://www.sec.gov/Archives/edgar/data/1929561/000192956124000025/rxoq42023pressrelease.htm | RXO earnings release (Ex.99.1) for Q4/23, T6 (GM: Cost of transportation and services (exc; row 'Truck brokerage'), column Qprior",
gmtab_ctos_brokerage,FY2022,2389,USD m,"https://www.sec.gov/Archives/edgar/data/1929561/000192956124000025/rxoq42023pressrelease.htm | RXO earnings release (Ex.99.1) for Q4/23, T6 (GM: Cost of transportation and services (exc; row 'Truck brokerage'), column YTDprior",
gmtab_ctos_brokerage,Q1/23,502,USD m,"https://www.sec.gov/Archives/edgar/data/1929561/000192956124000075/rxo2024q1pressrelease.htm | RXO earnings release (Ex.99.1) for Q1/24, T6 (GM: Cost of transportation and services (exc; row 'Truck brokerage'), column Qprior",
gmtab_ctos_brokerage,Q2/23,471,USD m,"https://www.sec.gov/Archives/edgar/data/1929561/000192956124000098/rxo2024q2pressrelease.htm | RXO earnings release (Ex.99.1) for Q2/24, T6 (GM: Cost of transportation and services (exc; row 'Truck brokerage'), column Qprior",
gmtab_ctos_brokerage,Q3/23,501,USD m,"https://www.sec.gov/Archives/edgar/data/1929561/000192956124000123/rxo2024q3pressrelease.htm | RXO earnings release (Ex.99.1) for Q3/24, T6 (GM: Cost of transportation and services (exc; row 'Truck brokerage'), column Qprior",
gmtab_ctos_brokerage,Q4/23,519,USD m,"https://www.sec.gov/Archives/edgar/data/1929561/000192956125000029/rxoq42024pressrelease.htm | RXO earnings release (Ex.99.1) for Q4/24, T6 (GM: Cost of transportation and services (exc; row 'Truck brokerage'), column Qprior",
gmtab_ctos_brokerage,FY2023,1993,USD m,"https://www.sec.gov/Archives/edgar/data/1929561/000192956125000029/rxoq42024pressrelease.htm | RXO earnings release (Ex.99.1) for Q4/24, T6 (GM: Cost of transportation and services (exc; row 'Truck brokerage'), column YTDprior",
gmtab_ctos_brokerage,Q1/24,484,USD m,"https://www.sec.gov/Archives/edgar/data/1929561/000192956125000078/rxo2025q1pressrelease.htm | RXO earnings release (Ex.99.1) for Q1/25, T6 (GM: Cost of transportation and services (exc; row 'Truck brokerage'), column Qprior",
gmtab_ctos_brokerage,Q2/24,462,USD m,"https://www.sec.gov/Archives/edgar/data/1929561/000192956125000096/rxo2025q2pressrelease.htm | RXO earnings release (Ex.99.1) for Q2/25, T6 (GM: Cost of transportation and services (exc; row 'Truck brokerage'), column Qprior",
gmtab_ctos_brokerage,Q3/24,564,USD m,"https://www.sec.gov/Archives/edgar/data/1929561/000192956125000110/rxo2025q3pressrelease.htm | RXO earnings release (Ex.99.1) for Q3/25, T6 (GM: Cost of transportation and services (exc; row 'Truck brokerage'), column Qprior",
gmtab_ctos_brokerage,Q4/24,1100,USD m,"https://www.sec.gov/Archives/edgar/data/1929561/000192956126000006/rxoq42025pressrelease.htm | RXO earnings release (Ex.99.1) for Q4/25, T6 (GM: Cost of transportation and services (exc; row 'Truck brokerage'), column Qprior",
gmtab_ctos_brokerage,FY2024,2610,USD m,"https://www.sec.gov/Archives/edgar/data/1929561/000192956126000006/rxoq42025pressrelease.htm | RXO earnings release (Ex.99.1) for Q4/25, T6 (GM: Cost of transportation and services (exc; row 'Truck brokerage'), column YTDprior",
gmtab_ctos_brokerage,Q1/25,924,USD m,"https://www.sec.gov/Archives/edgar/data/1929561/000192956126000023/rxo2026q1pressrelease.htm | RXO earnings release (Ex.99.1) for Q1/26, T6 (GM: Cost of transportation and services (exc; row 'Truck brokerage'), column Qprior",
gmtab_ctos_brokerage,Q2/25,877,USD m,"https://www.sec.gov/Archives/edgar/data/1929561/000192956126000033/rxo2026q2pressrelease.htm | RXO earnings release (Ex.99.1) for Q2/26, T6 (GM: Cost of transportation and services (exc; row 'Truck brokerage'), column Qprior",
gmtab_ctos_brokerage,Q3/25,899,USD m,"https://www.sec.gov/Archives/edgar/data/1929561/000192956125000110/rxo2025q3pressrelease.htm | RXO earnings release (Ex.99.1) for Q3/25, T6 (GM: Cost of transportation and services (exc; row 'Truck brokerage'), column Qcur",
gmtab_ctos_brokerage,Q4/25,962,USD m,"https://www.sec.gov/Archives/edgar/data/1929561/000192956126000006/rxoq42025pressrelease.htm | RXO earnings release (Ex.99.1) for Q4/25, T6 (GM: Cost of transportation and services (exc; row 'Truck brokerage'), column Qcur",
gmtab_ctos_brokerage,FY2025,3662,USD m,"https://www.sec.gov/Archives/edgar/data/1929561/000192956126000006/rxoq42025pressrelease.htm | RXO earnings release (Ex.99.1) for Q4/25, T6 (GM: Cost of transportation and services (exc; row 'Truck brokerage'), column YTDcur",
gmtab_ctos_brokerage,Q1/26,971,USD m,"https://www.sec.gov/Archives/edgar/data/1929561/000192956126000023/rxo2026q1pressrelease.htm | RXO earnings release (Ex.99.1) for Q1/26, T6 (GM: Cost of transportation and services (exc; row 'Truck brokerage'), column Qcur",
gmtab_ctos_brokerage,Q2/26,1205,USD m,"https://www.sec.gov/Archives/edgar/data/1929561/000192956126000033/rxo2026q2pressrelease.htm | RXO earnings release (Ex.99.1) for Q2/26, T6 (GM: Cost of transportation and services (exc; row 'Truck brokerage'), column Qcur",
gmtab_ctos_complementary,FY2021,1472,USD m,"https://www.sec.gov/Archives/edgar/data/1929561/000192956123000023/rxoq42022pressrelease.htm | RXO earnings release (Ex.99.1) for Q4/22, T7 (GM: Cost of transportation and services (exc; row 'Other complementary services'), column YTDprior",
gmtab_ctos_complementary,Q1/22,367,USD m,"https://www.sec.gov/Archives/edgar/data/1929561/000192956123000054/rxoq12023pressrelease.htm | RXO earnings release (Ex.99.1) for Q1/23, T8 (GM: Cost of transportation and services (exc; row 'Complementary services'), column Qprior",
gmtab_ctos_complementary,Q2/22,342,USD m,"https://www.sec.gov/Archives/edgar/data/1929561/000192956123000069/rxo2023q2pressrelease.htm | RXO earnings release (Ex.99.1) for Q2/23, T6 (GM: Cost of transportation and services (exc; row 'Complementary services'), column Qprior",
gmtab_ctos_complementary,Q3/22,336,USD m,"https://www.sec.gov/Archives/edgar/data/1929561/000192956123000090/rxo2023q3pressrelease.htm | RXO earnings release (Ex.99.1) for Q3/23, T6 (GM: Cost of transportation and services (exc; row 'Complementary services'), column Qprior",
gmtab_ctos_complementary,Q4/22,329,USD m,"https://www.sec.gov/Archives/edgar/data/1929561/000192956124000025/rxoq42023pressrelease.htm | RXO earnings release (Ex.99.1) for Q4/23, T6 (GM: Cost of transportation and services (exc; row 'Complementary services'), column Qprior",
gmtab_ctos_complementary,FY2022,1374,USD m,"https://www.sec.gov/Archives/edgar/data/1929561/000192956124000025/rxoq42023pressrelease.htm | RXO earnings release (Ex.99.1) for Q4/23, T6 (GM: Cost of transportation and services (exc; row 'Complementary services'), column YTDprior",
gmtab_ctos_complementary,Q1/23,284,USD m,"https://www.sec.gov/Archives/edgar/data/1929561/000192956124000075/rxo2024q1pressrelease.htm | RXO earnings release (Ex.99.1) for Q1/24, T6 (GM: Cost of transportation and services (exc; row 'Complementary services'), column Qprior",
gmtab_ctos_complementary,Q2/23,283,USD m,"https://www.sec.gov/Archives/edgar/data/1929561/000192956124000098/rxo2024q2pressrelease.htm | RXO earnings release (Ex.99.1) for Q2/24, T6 (GM: Cost of transportation and services (exc; row 'Complementary services'), column Qprior",
gmtab_ctos_complementary,Q3/23,275,USD m,"https://www.sec.gov/Archives/edgar/data/1929561/000192956124000123/rxo2024q3pressrelease.htm | RXO earnings release (Ex.99.1) for Q3/24, T6 (GM: Cost of transportation and services (exc; row 'Complementary services'), column Qprior",
gmtab_ctos_complementary,Q4/23,267,USD m,"https://www.sec.gov/Archives/edgar/data/1929561/000192956125000029/rxoq42024pressrelease.htm | RXO earnings release (Ex.99.1) for Q4/24, T6 (GM: Cost of transportation and services (exc; row 'Complementary services'), column Qprior",
gmtab_ctos_complementary,FY2023,1109,USD m,"https://www.sec.gov/Archives/edgar/data/1929561/000192956125000029/rxoq42024pressrelease.htm | RXO earnings release (Ex.99.1) for Q4/24, T6 (GM: Cost of transportation and services (exc; row 'Complementary services'), column YTDprior",
gmtab_ctos_complementary,Q1/24,250,USD m,"https://www.sec.gov/Archives/edgar/data/1929561/000192956125000078/rxo2025q1pressrelease.htm | RXO earnings release (Ex.99.1) for Q1/25, T6 (GM: Cost of transportation and services (exc; row 'Complementary services'), column Qprior",
gmtab_ctos_complementary,Q2/24,272,USD m,"https://www.sec.gov/Archives/edgar/data/1929561/000192956125000096/rxo2025q2pressrelease.htm | RXO earnings release (Ex.99.1) for Q2/25, T6 (GM: Cost of transportation and services (exc; row 'Complementary services'), column Qprior",
gmtab_ctos_complementary,Q3/24,279,USD m,"https://www.sec.gov/Archives/edgar/data/1929561/000192956125000110/rxo2025q3pressrelease.htm | RXO earnings release (Ex.99.1) for Q3/25, T6 (GM: Cost of transportation and services (exc; row 'Complementary services'), column Qprior",
gmtab_ctos_complementary,Q4/24,288,USD m,"https://www.sec.gov/Archives/edgar/data/1929561/000192956126000006/rxoq42025pressrelease.htm | RXO earnings release (Ex.99.1) for Q4/25, T6 (GM: Cost of transportation and services (exc; row 'Complementary services'), column Qprior",
gmtab_ctos_complementary,FY2024,1089,USD m,"https://www.sec.gov/Archives/edgar/data/1929561/000192956126000006/rxoq42025pressrelease.htm | RXO earnings release (Ex.99.1) for Q4/25, T6 (GM: Cost of transportation and services (exc; row 'Complementary services'), column YTDprior",
gmtab_ctos_complementary,Q1/25,278,USD m,"https://www.sec.gov/Archives/edgar/data/1929561/000192956126000023/rxo2026q1pressrelease.htm | RXO earnings release (Ex.99.1) for Q1/26, T6 (GM: Cost of transportation and services (exc; row 'Complementary services'), column Qprior",
gmtab_ctos_complementary,Q2/25,304,USD m,"https://www.sec.gov/Archives/edgar/data/1929561/000192956126000033/rxo2026q2pressrelease.htm | RXO earnings release (Ex.99.1) for Q2/26, T6 (GM: Cost of transportation and services (exc; row 'Complementary services'), column Qprior",
gmtab_ctos_complementary,Q3/25,298,USD m,"https://www.sec.gov/Archives/edgar/data/1929561/000192956125000110/rxo2025q3pressrelease.htm | RXO earnings release (Ex.99.1) for Q3/25, T6 (GM: Cost of transportation and services (exc; row 'Complementary services'), column Qcur",
gmtab_ctos_complementary,Q4/25,297,USD m,"https://www.sec.gov/Archives/edgar/data/1929561/000192956126000006/rxoq42025pressrelease.htm | RXO earnings release (Ex.99.1) for Q4/25, T6 (GM: Cost of transportation and services (exc; row 'Complementary services'), column Qcur",
gmtab_ctos_complementary,FY2025,1177,USD m,"https://www.sec.gov/Archives/edgar/data/1929561/000192956126000006/rxoq42025pressrelease.htm | RXO earnings release (Ex.99.1) for Q4/25, T6 (GM: Cost of transportation and services (exc; row 'Complementary services'), column YTDcur",
gmtab_ctos_complementary,Q1/26,260,USD m,"https://www.sec.gov/Archives/edgar/data/1929561/000192956126000023/rxo2026q1pressrelease.htm | RXO earnings release (Ex.99.1) for Q1/26, T6 (GM: Cost of transportation and services (exc; row 'Complementary services'), column Qcur",
gmtab_ctos_complementary,Q2/26,330,USD m,"https://www.sec.gov/Archives/edgar/data/1929561/000192956126000033/rxo2026q2pressrelease.htm | RXO earnings release (Ex.99.1) for Q2/26, T6 (GM: Cost of transportation and services (exc; row 'Complementary services'), column Qcur",
gmtab_ctos_elims,FY2021,-113,USD m,"https://www.sec.gov/Archives/edgar/data/1929561/000192956123000023/rxoq42022pressrelease.htm | RXO earnings release (Ex.99.1) for Q4/22, T7 (GM: Cost of transportation and services (exc; row 'Eliminations'), column YTDprior",
gmtab_ctos_elims,Q1/22,-36,USD m,"https://www.sec.gov/Archives/edgar/data/1929561/000192956123000054/rxoq12023pressrelease.htm | RXO earnings release (Ex.99.1) for Q1/23, T8 (GM: Cost of transportation and services (exc; row 'Eliminations'), column Qprior",
gmtab_ctos_elims,Q2/22,-36,USD m,"https://www.sec.gov/Archives/edgar/data/1929561/000192956123000069/rxo2023q2pressrelease.htm | RXO earnings release (Ex.99.1) for Q2/23, T6 (GM: Cost of transportation and services (exc; row 'Eliminations'), column Qprior",
gmtab_ctos_elims,Q3/22,-35,USD m,"https://www.sec.gov/Archives/edgar/data/1929561/000192956123000090/rxo2023q3pressrelease.htm | RXO earnings release (Ex.99.1) for Q3/23, T6 (GM: Cost of transportation and services (exc; row 'Eliminations'), column Qprior",
gmtab_ctos_elims,Q4/22,-32,USD m,"https://www.sec.gov/Archives/edgar/data/1929561/000192956124000025/rxoq42023pressrelease.htm | RXO earnings release (Ex.99.1) for Q4/23, T6 (GM: Cost of transportation and services (exc; row 'Eliminations'), column Qprior",
gmtab_ctos_elims,FY2022,-139,USD m,"https://www.sec.gov/Archives/edgar/data/1929561/000192956124000025/rxoq42023pressrelease.htm | RXO earnings release (Ex.99.1) for Q4/23, T6 (GM: Cost of transportation and services (exc; row 'Eliminations'), column YTDprior",
gmtab_ctos_elims,Q1/23,-27,USD m,"https://www.sec.gov/Archives/edgar/data/1929561/000192956124000075/rxo2024q1pressrelease.htm | RXO earnings release (Ex.99.1) for Q1/24, T6 (GM: Cost of transportation and services (exc; row 'Eliminations'), column Qprior",
gmtab_ctos_elims,Q2/23,-31,USD m,"https://www.sec.gov/Archives/edgar/data/1929561/000192956124000098/rxo2024q2pressrelease.htm | RXO earnings release (Ex.99.1) for Q2/24, T6 (GM: Cost of transportation and services (exc; row 'Eliminations'), column Qprior",
gmtab_ctos_elims,Q3/23,-34,USD m,"https://www.sec.gov/Archives/edgar/data/1929561/000192956124000123/rxo2024q3pressrelease.htm | RXO earnings release (Ex.99.1) for Q3/24, T6 (GM: Cost of transportation and services (exc; row 'Eliminations'), column Qprior",
gmtab_ctos_elims,Q4/23,-43,USD m,"https://www.sec.gov/Archives/edgar/data/1929561/000192956125000029/rxoq42024pressrelease.htm | RXO earnings release (Ex.99.1) for Q4/24, T6 (GM: Cost of transportation and services (exc; row 'Eliminations'), column Qprior",
gmtab_ctos_elims,FY2023,-135,USD m,"https://www.sec.gov/Archives/edgar/data/1929561/000192956125000029/rxoq42024pressrelease.htm | RXO earnings release (Ex.99.1) for Q4/24, T6 (GM: Cost of transportation and services (exc; row 'Eliminations'), column YTDprior",
gmtab_ctos_elims,Q1/24,-35,USD m,"https://www.sec.gov/Archives/edgar/data/1929561/000192956125000078/rxo2025q1pressrelease.htm | RXO earnings release (Ex.99.1) for Q1/25, T6 (GM: Cost of transportation and services (exc; row 'Eliminations'), column Qprior",
gmtab_ctos_elims,Q2/24,-34,USD m,"https://www.sec.gov/Archives/edgar/data/1929561/000192956125000096/rxo2025q2pressrelease.htm | RXO earnings release (Ex.99.1) for Q2/25, T6 (GM: Cost of transportation and services (exc; row 'Eliminations'), column Qprior",
gmtab_ctos_elims,Q3/24,-34,USD m,"https://www.sec.gov/Archives/edgar/data/1929561/000192956125000110/rxo2025q3pressrelease.htm | RXO earnings release (Ex.99.1) for Q3/25, T6 (GM: Cost of transportation and services (exc; row 'Eliminations'), column Qprior",
gmtab_ctos_elims,Q4/24,-31,USD m,"https://www.sec.gov/Archives/edgar/data/1929561/000192956126000006/rxoq42025pressrelease.htm | RXO earnings release (Ex.99.1) for Q4/25, T6 (GM: Cost of transportation and services (exc; row 'Eliminations'), column Qprior",
gmtab_ctos_elims,FY2024,-134,USD m,"https://www.sec.gov/Archives/edgar/data/1929561/000192956126000006/rxoq42025pressrelease.htm | RXO earnings release (Ex.99.1) for Q4/25, T6 (GM: Cost of transportation and services (exc; row 'Eliminations'), column YTDprior",
gmtab_ctos_elims,Q1/25,-49,USD m,"https://www.sec.gov/Archives/edgar/data/1929561/000192956126000023/rxo2026q1pressrelease.htm | RXO earnings release (Ex.99.1) for Q1/26, T6 (GM: Cost of transportation and services (exc; row 'Eliminations'), column Qprior",
gmtab_ctos_elims,Q2/25,-63,USD m,"https://www.sec.gov/Archives/edgar/data/1929561/000192956126000033/rxo2026q2pressrelease.htm | RXO earnings release (Ex.99.1) for Q2/26, T6 (GM: Cost of transportation and services (exc; row 'Eliminations'), column Qprior",
gmtab_ctos_elims,Q3/25,-60,USD m,"https://www.sec.gov/Archives/edgar/data/1929561/000192956125000110/rxo2025q3pressrelease.htm | RXO earnings release (Ex.99.1) for Q3/25, T6 (GM: Cost of transportation and services (exc; row 'Eliminations'), column Qcur",
gmtab_ctos_elims,Q4/25,-56,USD m,"https://www.sec.gov/Archives/edgar/data/1929561/000192956126000006/rxoq42025pressrelease.htm | RXO earnings release (Ex.99.1) for Q4/25, T6 (GM: Cost of transportation and services (exc; row 'Eliminations'), column Qcur",
gmtab_ctos_elims,FY2025,-228,USD m,"https://www.sec.gov/Archives/edgar/data/1929561/000192956126000006/rxoq42025pressrelease.htm | RXO earnings release (Ex.99.1) for Q4/25, T6 (GM: Cost of transportation and services (exc; row 'Eliminations'), column YTDcur",
gmtab_ctos_elims,Q1/26,-60,USD m,"https://www.sec.gov/Archives/edgar/data/1929561/000192956126000023/rxo2026q1pressrelease.htm | RXO earnings release (Ex.99.1) for Q1/26, T6 (GM: Cost of transportation and services (exc; row 'Eliminations'), column Qcur",
gmtab_ctos_elims,Q2/26,-63,USD m,"https://www.sec.gov/Archives/edgar/data/1929561/000192956126000033/rxo2026q2pressrelease.htm | RXO earnings release (Ex.99.1) for Q2/26, T6 (GM: Cost of transportation and services (exc; row 'Eliminations'), column Qcur",
gmtab_direct_da,Q2/22,1,USD m,"https://www.sec.gov/Archives/edgar/data/1929561/000192956123000069/rxo2023q2pressrelease.htm | RXO earnings release (Ex.99.1) for Q2/23, T6 (GM: Direct depreciation and amortization exp; row 'Direct depreciation and amortization expense'), column Qprior",
gmtab_direct_da,Q3/22,2,USD m,"https://www.sec.gov/Archives/edgar/data/1929561/000192956123000090/rxo2023q3pressrelease.htm | RXO earnings release (Ex.99.1) for Q3/23, T6 (GM: Direct depreciation and amortization exp; row 'Direct depreciation and amortization expense'), column Qprior",
gmtab_direct_da,Q4/22,1,USD m,"https://www.sec.gov/Archives/edgar/data/1929561/000192956124000025/rxoq42023pressrelease.htm | RXO earnings release (Ex.99.1) for Q4/23, T6 (GM: Direct depreciation and amortization exp; row 'Direct depreciation and amortization expense'), column Qprior",
gmtab_direct_da,FY2022,5,USD m,"https://www.sec.gov/Archives/edgar/data/1929561/000192956124000025/rxoq42023pressrelease.htm | RXO earnings release (Ex.99.1) for Q4/23, T6 (GM: Direct depreciation and amortization exp; row 'Direct depreciation and amortization expense'), column YTDprior",
gmtab_direct_da,Q1/23,1,USD m,"https://www.sec.gov/Archives/edgar/data/1929561/000192956124000075/rxo2024q1pressrelease.htm | RXO earnings release (Ex.99.1) for Q1/24, T6 (GM: Direct depreciation and amortization exp; row 'Direct depreciation and amortization expense'), column Qprior",
gmtab_direct_da,Q2/23,2,USD m,"https://www.sec.gov/Archives/edgar/data/1929561/000192956124000098/rxo2024q2pressrelease.htm | RXO earnings release (Ex.99.1) for Q2/24, T6 (GM: Direct depreciation and amortization exp; row 'Direct depreciation and amortization expense'), column Qprior",
gmtab_direct_da,Q3/23,2,USD m,"https://www.sec.gov/Archives/edgar/data/1929561/000192956124000123/rxo2024q3pressrelease.htm | RXO earnings release (Ex.99.1) for Q3/24, T6 (GM: Direct depreciation and amortization exp; row 'Direct depreciation and amortization expense'), column Qprior",
gmtab_direct_da,Q4/23,3,USD m,"https://www.sec.gov/Archives/edgar/data/1929561/000192956125000029/rxoq42024pressrelease.htm | RXO earnings release (Ex.99.1) for Q4/24, T6 (GM: Direct depreciation and amortization exp; row 'Direct depreciation and amortization expense'), column Qprior",
gmtab_direct_da,FY2023,8,USD m,"https://www.sec.gov/Archives/edgar/data/1929561/000192956125000029/rxoq42024pressrelease.htm | RXO earnings release (Ex.99.1) for Q4/24, T6 (GM: Direct depreciation and amortization exp; row 'Direct depreciation and amortization expense'), column YTDprior",
gmtab_direct_da,Q1/24,2,USD m,"https://www.sec.gov/Archives/edgar/data/1929561/000192956125000078/rxo2025q1pressrelease.htm | RXO earnings release (Ex.99.1) for Q1/25, T6 (GM: Direct depreciation and amortization exp; row 'Direct depreciation and amortization expense'), column Qprior",
gmtab_direct_da,Q2/24,3,USD m,"https://www.sec.gov/Archives/edgar/data/1929561/000192956125000096/rxo2025q2pressrelease.htm | RXO earnings release (Ex.99.1) for Q2/25, T6 (GM: Direct depreciation and amortization exp; row 'Direct depreciation and amortization expense'), column Qprior",
gmtab_direct_da,Q3/24,2,USD m,"https://www.sec.gov/Archives/edgar/data/1929561/000192956125000110/rxo2025q3pressrelease.htm | RXO earnings release (Ex.99.1) for Q3/25, T6 (GM: Direct depreciation and amortization exp; row 'Direct depreciation and amortization expense'), column Qprior",
gmtab_direct_da,Q4/24,2,USD m,"https://www.sec.gov/Archives/edgar/data/1929561/000192956126000006/rxoq42025pressrelease.htm | RXO earnings release (Ex.99.1) for Q4/25, T6 (GM: Direct depreciation and amortization exp; row 'Direct depreciation and amortization expense'), column Qprior",
gmtab_direct_da,FY2024,9,USD m,"https://www.sec.gov/Archives/edgar/data/1929561/000192956126000006/rxoq42025pressrelease.htm | RXO earnings release (Ex.99.1) for Q4/25, T6 (GM: Direct depreciation and amortization exp; row 'Direct depreciation and amortization expense'), column YTDprior",
gmtab_direct_da,Q1/25,3,USD m,"https://www.sec.gov/Archives/edgar/data/1929561/000192956126000023/rxo2026q1pressrelease.htm | RXO earnings release (Ex.99.1) for Q1/26, T6 (GM: Direct depreciation and amortization exp; row 'Direct depreciation and amortization expense'), column Qprior",
gmtab_direct_da,Q2/25,2,USD m,"https://www.sec.gov/Archives/edgar/data/1929561/000192956126000033/rxo2026q2pressrelease.htm | RXO earnings release (Ex.99.1) for Q2/26, T6 (GM: Direct depreciation and amortization exp; row 'Direct depreciation and amortization expense'), column Qprior",
gmtab_direct_da,Q3/25,2,USD m,"https://www.sec.gov/Archives/edgar/data/1929561/000192956125000110/rxo2025q3pressrelease.htm | RXO earnings release (Ex.99.1) for Q3/25, T6 (GM: Direct depreciation and amortization exp; row 'Direct depreciation and amortization expense'), column Qcur",
gmtab_direct_da,Q4/25,2,USD m,"https://www.sec.gov/Archives/edgar/data/1929561/000192956126000006/rxoq42025pressrelease.htm | RXO earnings release (Ex.99.1) for Q4/25, T6 (GM: Direct depreciation and amortization exp; row 'Direct depreciation and amortization expense'), column Qcur",
gmtab_direct_da,FY2025,9,USD m,"https://www.sec.gov/Archives/edgar/data/1929561/000192956126000006/rxoq42025pressrelease.htm | RXO earnings release (Ex.99.1) for Q4/25, T6 (GM: Direct depreciation and amortization exp; row 'Direct depreciation and amortization expense'), column YTDcur",
gmtab_direct_da,Q1/26,2,USD m,"https://www.sec.gov/Archives/edgar/data/1929561/000192956126000023/rxo2026q1pressrelease.htm | RXO earnings release (Ex.99.1) for Q1/26, T6 (GM: Direct depreciation and amortization exp; row 'Direct depreciation and amortization expense'), column Qcur",
gmtab_direct_da,Q2/26,2,USD m,"https://www.sec.gov/Archives/edgar/data/1929561/000192956126000033/rxo2026q2pressrelease.htm | RXO earnings release (Ex.99.1) for Q2/26, T6 (GM: Direct depreciation and amortization exp; row 'Direct depreciation and amortization expense'), column Qcur",
gmtab_direct_da_brokerage,Q2/22,0,USD m,"https://www.sec.gov/Archives/edgar/data/1929561/000192956123000069/rxo2023q2pressrelease.htm | RXO earnings release (Ex.99.1) for Q2/23, T6 (GM: Direct depreciation and amortization exp; row 'Truck brokerage'), column Qprior",
gmtab_direct_da_brokerage,Q3/22,0,USD m,"https://www.sec.gov/Archives/edgar/data/1929561/000192956123000090/rxo2023q3pressrelease.htm | RXO earnings release (Ex.99.1) for Q3/23, T6 (GM: Direct depreciation and amortization exp; row 'Truck brokerage'), column Qprior",
gmtab_direct_da_brokerage,Q4/22,0,USD m,"https://www.sec.gov/Archives/edgar/data/1929561/000192956124000025/rxoq42023pressrelease.htm | RXO earnings release (Ex.99.1) for Q4/23, T6 (GM: Direct depreciation and amortization exp; row 'Truck brokerage'), column Qprior",
gmtab_direct_da_brokerage,FY2022,0,USD m,"https://www.sec.gov/Archives/edgar/data/1929561/000192956124000025/rxoq42023pressrelease.htm | RXO earnings release (Ex.99.1) for Q4/23, T6 (GM: Direct depreciation and amortization exp; row 'Truck brokerage'), column YTDprior",
gmtab_direct_da_brokerage,Q1/23,0,USD m,"https://www.sec.gov/Archives/edgar/data/1929561/000192956124000075/rxo2024q1pressrelease.htm | RXO earnings release (Ex.99.1) for Q1/24, T6 (GM: Direct depreciation and amortization exp; row 'Truck brokerage'), column Qprior",
gmtab_direct_da_brokerage,Q2/23,0,USD m,"https://www.sec.gov/Archives/edgar/data/1929561/000192956124000098/rxo2024q2pressrelease.htm | RXO earnings release (Ex.99.1) for Q2/24, T6 (GM: Direct depreciation and amortization exp; row 'Truck brokerage'), column Qprior",
gmtab_direct_da_brokerage,Q3/23,0,USD m,"https://www.sec.gov/Archives/edgar/data/1929561/000192956124000123/rxo2024q3pressrelease.htm | RXO earnings release (Ex.99.1) for Q3/24, T6 (GM: Direct depreciation and amortization exp; row 'Truck brokerage'), column Qprior",
gmtab_direct_da_brokerage,Q4/23,1,USD m,"https://www.sec.gov/Archives/edgar/data/1929561/000192956125000029/rxoq42024pressrelease.htm | RXO earnings release (Ex.99.1) for Q4/24, T6 (GM: Direct depreciation and amortization exp; row 'Truck brokerage'), column Qprior",
gmtab_direct_da_brokerage,FY2023,1,USD m,"https://www.sec.gov/Archives/edgar/data/1929561/000192956125000029/rxoq42024pressrelease.htm | RXO earnings release (Ex.99.1) for Q4/24, T6 (GM: Direct depreciation and amortization exp; row 'Truck brokerage'), column YTDprior",
gmtab_direct_da_brokerage,Q1/24,0,USD m,"https://www.sec.gov/Archives/edgar/data/1929561/000192956125000078/rxo2025q1pressrelease.htm | RXO earnings release (Ex.99.1) for Q1/25, T6 (GM: Direct depreciation and amortization exp; row 'Truck brokerage'), column Qprior",
gmtab_direct_da_brokerage,Q2/24,1,USD m,"https://www.sec.gov/Archives/edgar/data/1929561/000192956125000096/rxo2025q2pressrelease.htm | RXO earnings release (Ex.99.1) for Q2/25, T6 (GM: Direct depreciation and amortization exp; row 'Truck brokerage'), column Qprior",
gmtab_direct_da_brokerage,Q3/24,0,USD m,"https://www.sec.gov/Archives/edgar/data/1929561/000192956125000110/rxo2025q3pressrelease.htm | RXO earnings release (Ex.99.1) for Q3/25, T6 (GM: Direct depreciation and amortization exp; row 'Truck brokerage'), column Qprior",
gmtab_direct_da_brokerage,Q4/24,0,USD m,"https://www.sec.gov/Archives/edgar/data/1929561/000192956126000006/rxoq42025pressrelease.htm | RXO earnings release (Ex.99.1) for Q4/25, T6 (GM: Direct depreciation and amortization exp; row 'Truck brokerage'), column Qprior",
gmtab_direct_da_brokerage,FY2024,1,USD m,"https://www.sec.gov/Archives/edgar/data/1929561/000192956126000006/rxoq42025pressrelease.htm | RXO earnings release (Ex.99.1) for Q4/25, T6 (GM: Direct depreciation and amortization exp; row 'Truck brokerage'), column YTDprior",
gmtab_direct_da_brokerage,Q1/25,0,USD m,"https://www.sec.gov/Archives/edgar/data/1929561/000192956126000023/rxo2026q1pressrelease.htm | RXO earnings release (Ex.99.1) for Q1/26, T6 (GM: Direct depreciation and amortization exp; row 'Truck brokerage'), column Qprior",
gmtab_direct_da_brokerage,Q2/25,0,USD m,"https://www.sec.gov/Archives/edgar/data/1929561/000192956126000033/rxo2026q2pressrelease.htm | RXO earnings release (Ex.99.1) for Q2/26, T6 (GM: Direct depreciation and amortization exp; row 'Truck brokerage'), column Qprior",
gmtab_direct_da_brokerage,Q3/25,0,USD m,"https://www.sec.gov/Archives/edgar/data/1929561/000192956125000110/rxo2025q3pressrelease.htm | RXO earnings release (Ex.99.1) for Q3/25, T6 (GM: Direct depreciation and amortization exp; row 'Truck brokerage'), column Qcur",
gmtab_direct_da_brokerage,Q4/25,1,USD m,"https://www.sec.gov/Archives/edgar/data/1929561/000192956126000006/rxoq42025pressrelease.htm | RXO earnings release (Ex.99.1) for Q4/25, T6 (GM: Direct depreciation and amortization exp; row 'Truck brokerage'), column Qcur",
gmtab_direct_da_brokerage,FY2025,1,USD m,"https://www.sec.gov/Archives/edgar/data/1929561/000192956126000006/rxoq42025pressrelease.htm | RXO earnings release (Ex.99.1) for Q4/25, T6 (GM: Direct depreciation and amortization exp; row 'Truck brokerage'), column YTDcur",
gmtab_direct_da_brokerage,Q1/26,0,USD m,"https://www.sec.gov/Archives/edgar/data/1929561/000192956126000023/rxo2026q1pressrelease.htm | RXO earnings release (Ex.99.1) for Q1/26, T6 (GM: Direct depreciation and amortization exp; row 'Truck brokerage'), column Qcur",
gmtab_direct_da_brokerage,Q2/26,0,USD m,"https://www.sec.gov/Archives/edgar/data/1929561/000192956126000033/rxo2026q2pressrelease.htm | RXO earnings release (Ex.99.1) for Q2/26, T6 (GM: Direct depreciation and amortization exp; row 'Truck brokerage'), column Qcur",
gmtab_direct_da_complementary,Q2/22,1,USD m,"https://www.sec.gov/Archives/edgar/data/1929561/000192956123000069/rxo2023q2pressrelease.htm | RXO earnings release (Ex.99.1) for Q2/23, T6 (GM: Direct depreciation and amortization exp; row 'Complementary services'), column Qprior",
gmtab_direct_da_complementary,Q3/22,2,USD m,"https://www.sec.gov/Archives/edgar/data/1929561/000192956123000090/rxo2023q3pressrelease.htm | RXO earnings release (Ex.99.1) for Q3/23, T6 (GM: Direct depreciation and amortization exp; row 'Complementary services'), column Qprior",
gmtab_direct_da_complementary,Q4/22,1,USD m,"https://www.sec.gov/Archives/edgar/data/1929561/000192956124000025/rxoq42023pressrelease.htm | RXO earnings release (Ex.99.1) for Q4/23, T6 (GM: Direct depreciation and amortization exp; row 'Complementary services'), column Qprior",
gmtab_direct_da_complementary,FY2022,5,USD m,"https://www.sec.gov/Archives/edgar/data/1929561/000192956124000025/rxoq42023pressrelease.htm | RXO earnings release (Ex.99.1) for Q4/23, T6 (GM: Direct depreciation and amortization exp; row 'Complementary services'), column YTDprior",
gmtab_direct_da_complementary,Q1/23,1,USD m,"https://www.sec.gov/Archives/edgar/data/1929561/000192956124000075/rxo2024q1pressrelease.htm | RXO earnings release (Ex.99.1) for Q1/24, T6 (GM: Direct depreciation and amortization exp; row 'Complementary services'), column Qprior",
gmtab_direct_da_complementary,Q2/23,2,USD m,"https://www.sec.gov/Archives/edgar/data/1929561/000192956124000098/rxo2024q2pressrelease.htm | RXO earnings release (Ex.99.1) for Q2/24, T6 (GM: Direct depreciation and amortization exp; row 'Complementary services'), column Qprior",
gmtab_direct_da_complementary,Q3/23,2,USD m,"https://www.sec.gov/Archives/edgar/data/1929561/000192956124000123/rxo2024q3pressrelease.htm | RXO earnings release (Ex.99.1) for Q3/24, T6 (GM: Direct depreciation and amortization exp; row 'Complementary services'), column Qprior",
gmtab_direct_da_complementary,Q4/23,2,USD m,"https://www.sec.gov/Archives/edgar/data/1929561/000192956125000029/rxoq42024pressrelease.htm | RXO earnings release (Ex.99.1) for Q4/24, T6 (GM: Direct depreciation and amortization exp; row 'Complementary services'), column Qprior",
gmtab_direct_da_complementary,FY2023,7,USD m,"https://www.sec.gov/Archives/edgar/data/1929561/000192956125000029/rxoq42024pressrelease.htm | RXO earnings release (Ex.99.1) for Q4/24, T6 (GM: Direct depreciation and amortization exp; row 'Complementary services'), column YTDprior",
gmtab_direct_da_complementary,Q1/24,2,USD m,"https://www.sec.gov/Archives/edgar/data/1929561/000192956125000078/rxo2025q1pressrelease.htm | RXO earnings release (Ex.99.1) for Q1/25, T6 (GM: Direct depreciation and amortization exp; row 'Complementary services'), column Qprior",
gmtab_direct_da_complementary,Q2/24,2,USD m,"https://www.sec.gov/Archives/edgar/data/1929561/000192956125000096/rxo2025q2pressrelease.htm | RXO earnings release (Ex.99.1) for Q2/25, T6 (GM: Direct depreciation and amortization exp; row 'Complementary services'), column Qprior",
gmtab_direct_da_complementary,Q3/24,2,USD m,"https://www.sec.gov/Archives/edgar/data/1929561/000192956125000110/rxo2025q3pressrelease.htm | RXO earnings release (Ex.99.1) for Q3/25, T6 (GM: Direct depreciation and amortization exp; row 'Complementary services'), column Qprior",
gmtab_direct_da_complementary,Q4/24,2,USD m,"https://www.sec.gov/Archives/edgar/data/1929561/000192956126000006/rxoq42025pressrelease.htm | RXO earnings release (Ex.99.1) for Q4/25, T6 (GM: Direct depreciation and amortization exp; row 'Complementary services'), column Qprior",
gmtab_direct_da_complementary,FY2024,8,USD m,"https://www.sec.gov/Archives/edgar/data/1929561/000192956126000006/rxoq42025pressrelease.htm | RXO earnings release (Ex.99.1) for Q4/25, T6 (GM: Direct depreciation and amortization exp; row 'Complementary services'), column YTDprior",
gmtab_direct_da_complementary,Q1/25,3,USD m,"https://www.sec.gov/Archives/edgar/data/1929561/000192956126000023/rxo2026q1pressrelease.htm | RXO earnings release (Ex.99.1) for Q1/26, T6 (GM: Direct depreciation and amortization exp; row 'Complementary services'), column Qprior",
gmtab_direct_da_complementary,Q2/25,2,USD m,"https://www.sec.gov/Archives/edgar/data/1929561/000192956126000033/rxo2026q2pressrelease.htm | RXO earnings release (Ex.99.1) for Q2/26, T6 (GM: Direct depreciation and amortization exp; row 'Complementary services'), column Qprior",
gmtab_direct_da_complementary,Q3/25,2,USD m,"https://www.sec.gov/Archives/edgar/data/1929561/000192956125000110/rxo2025q3pressrelease.htm | RXO earnings release (Ex.99.1) for Q3/25, T6 (GM: Direct depreciation and amortization exp; row 'Complementary services'), column Qcur",
gmtab_direct_da_complementary,Q4/25,1,USD m,"https://www.sec.gov/Archives/edgar/data/1929561/000192956126000006/rxoq42025pressrelease.htm | RXO earnings release (Ex.99.1) for Q4/25, T6 (GM: Direct depreciation and amortization exp; row 'Complementary services'), column Qcur",
gmtab_direct_da_complementary,FY2025,8,USD m,"https://www.sec.gov/Archives/edgar/data/1929561/000192956126000006/rxoq42025pressrelease.htm | RXO earnings release (Ex.99.1) for Q4/25, T6 (GM: Direct depreciation and amortization exp; row 'Complementary services'), column YTDcur",
gmtab_direct_da_complementary,Q1/26,2,USD m,"https://www.sec.gov/Archives/edgar/data/1929561/000192956126000023/rxo2026q1pressrelease.htm | RXO earnings release (Ex.99.1) for Q1/26, T6 (GM: Direct depreciation and amortization exp; row 'Complementary services'), column Qcur",
gmtab_direct_da_complementary,Q2/26,2,USD m,"https://www.sec.gov/Archives/edgar/data/1929561/000192956126000033/rxo2026q2pressrelease.htm | RXO earnings release (Ex.99.1) for Q2/26, T6 (GM: Direct depreciation and amortization exp; row 'Complementary services'), column Qcur",
gmtab_direct_opex,FY2021,192,USD m,"https://www.sec.gov/Archives/edgar/data/1929561/000192956123000023/rxoq42022pressrelease.htm | RXO earnings release (Ex.99.1) for Q4/22, T7 (GM: Direct operating expense (exclusive of d; row 'Total Direct operating expense (exclusive of depreciation an'), column YTDprior",
gmtab_direct_opex,Q1/22,55,USD m,"https://www.sec.gov/Archives/edgar/data/1929561/000192956123000054/rxoq12023pressrelease.htm | RXO earnings release (Ex.99.1) for Q1/23, T8 (GM: Direct operating expense (exclusive of d; row 'Total Direct operating expense (exclusive of depreciation an'), column Qprior",
gmtab_direct_opex,Q2/22,56,USD m,"https://www.sec.gov/Archives/edgar/data/1929561/000192956123000069/rxo2023q2pressrelease.htm | RXO earnings release (Ex.99.1) for Q2/23, T6 (GM: Direct operating expense (exclusive of d; row 'Direct operating expense (exclusive of depreciation and amor'), column Qprior",
gmtab_direct_opex,Q3/22,56,USD m,"https://www.sec.gov/Archives/edgar/data/1929561/000192956123000090/rxo2023q3pressrelease.htm | RXO earnings release (Ex.99.1) for Q3/23, T6 (GM: Direct operating expense (exclusive of d; row 'Direct operating expense (exclusive of depreciation and amor'), column Qprior",
gmtab_direct_opex,Q4/22,59,USD m,"https://www.sec.gov/Archives/edgar/data/1929561/000192956124000025/rxoq42023pressrelease.htm | RXO earnings release (Ex.99.1) for Q4/23, T6 (GM: Direct operating expense (exclusive of d; row 'Direct operating expense (exclusive of depreciation and amor'), column Qprior",
gmtab_direct_opex,FY2022,226,USD m,"https://www.sec.gov/Archives/edgar/data/1929561/000192956124000025/rxoq42023pressrelease.htm | RXO earnings release (Ex.99.1) for Q4/23, T6 (GM: Direct operating expense (exclusive of d; row 'Direct operating expense (exclusive of depreciation and amor'), column YTDprior",
gmtab_direct_opex,Q1/23,61,USD m,"https://www.sec.gov/Archives/edgar/data/1929561/000192956124000075/rxo2024q1pressrelease.htm | RXO earnings release (Ex.99.1) for Q1/24, T6 (GM: Direct operating expense (exclusive of d; row 'Direct operating expense (exclusive of depreciation and amor'), column Qprior",
gmtab_direct_opex,Q2/23,59,USD m,"https://www.sec.gov/Archives/edgar/data/1929561/000192956124000098/rxo2024q2pressrelease.htm | RXO earnings release (Ex.99.1) for Q2/24, T6 (GM: Direct operating expense (exclusive of d; row 'Direct operating expense (exclusive of depreciation and amor'), column Qprior",
gmtab_direct_opex,Q3/23,59,USD m,"https://www.sec.gov/Archives/edgar/data/1929561/000192956124000123/rxo2024q3pressrelease.htm | RXO earnings release (Ex.99.1) for Q3/24, T6 (GM: Direct operating expense (exclusive of d; row 'Direct operating expense (exclusive of depreciation and amor'), column Qprior",
gmtab_direct_opex,Q4/23,56,USD m,"https://www.sec.gov/Archives/edgar/data/1929561/000192956125000029/rxoq42024pressrelease.htm | RXO earnings release (Ex.99.1) for Q4/24, T6 (GM: Direct operating expense (exclusive of d; row 'Direct operating expense (exclusive of depreciation and amor'), column Qprior",
gmtab_direct_opex,FY2023,235,USD m,"https://www.sec.gov/Archives/edgar/data/1929561/000192956125000029/rxoq42024pressrelease.htm | RXO earnings release (Ex.99.1) for Q4/24, T6 (GM: Direct operating expense (exclusive of d; row 'Direct operating expense (exclusive of depreciation and amor'), column YTDprior",
gmtab_direct_opex,Q1/24,53,USD m,"https://www.sec.gov/Archives/edgar/data/1929561/000192956125000078/rxo2025q1pressrelease.htm | RXO earnings release (Ex.99.1) for Q1/25, T6 (GM: Direct operating expense (exclusive of d; row 'Direct operating expense (exclusive of depreciation and amor'), column Qprior",
gmtab_direct_opex,Q2/24,50,USD m,"https://www.sec.gov/Archives/edgar/data/1929561/000192956125000096/rxo2025q2pressrelease.htm | RXO earnings release (Ex.99.1) for Q2/25, T6 (GM: Direct operating expense (exclusive of d; row 'Direct operating expense (exclusive of depreciation and amor'), column Qprior",
gmtab_direct_opex,Q3/24,49,USD m,"https://www.sec.gov/Archives/edgar/data/1929561/000192956125000110/rxo2025q3pressrelease.htm | RXO earnings release (Ex.99.1) for Q3/25, T6 (GM: Direct operating expense (exclusive of d; row 'Direct operating expense (exclusive of depreciation and amor'), column Qprior",
gmtab_direct_opex,Q4/24,50,USD m,"https://www.sec.gov/Archives/edgar/data/1929561/000192956126000006/rxoq42025pressrelease.htm | RXO earnings release (Ex.99.1) for Q4/25, T6 (GM: Direct operating expense (exclusive of d; row 'Direct operating expense (exclusive of depreciation and amor'), column Qprior",
gmtab_direct_opex,FY2024,202,USD m,"https://www.sec.gov/Archives/edgar/data/1929561/000192956126000006/rxoq42025pressrelease.htm | RXO earnings release (Ex.99.1) for Q4/25, T6 (GM: Direct operating expense (exclusive of d; row 'Direct operating expense (exclusive of depreciation and amor'), column YTDprior",
gmtab_direct_opex,Q1/25,48,USD m,"https://www.sec.gov/Archives/edgar/data/1929561/000192956126000023/rxo2026q1pressrelease.htm | RXO earnings release (Ex.99.1) for Q1/26, T6 (GM: Direct operating expense (exclusive of d; row 'Direct operating expense (exclusive of depreciation and amor'), column Qprior",
gmtab_direct_opex,Q2/25,47,USD m,"https://www.sec.gov/Archives/edgar/data/1929561/000192956126000033/rxo2026q2pressrelease.htm | RXO earnings release (Ex.99.1) for Q2/26, T6 (GM: Direct operating expense (exclusive of d; row 'Direct operating expense (exclusive of depreciation and amor'), column Qprior",
gmtab_direct_opex,Q3/25,48,USD m,"https://www.sec.gov/Archives/edgar/data/1929561/000192956125000110/rxo2025q3pressrelease.htm | RXO earnings release (Ex.99.1) for Q3/25, T6 (GM: Direct operating expense (exclusive of d; row 'Direct operating expense (exclusive of depreciation and amor'), column Qcur",
gmtab_direct_opex,Q4/25,47,USD m,"https://www.sec.gov/Archives/edgar/data/1929561/000192956126000006/rxoq42025pressrelease.htm | RXO earnings release (Ex.99.1) for Q4/25, T6 (GM: Direct operating expense (exclusive of d; row 'Direct operating expense (exclusive of depreciation and amor'), column Qcur",
gmtab_direct_opex,FY2025,190,USD m,"https://www.sec.gov/Archives/edgar/data/1929561/000192956126000006/rxoq42025pressrelease.htm | RXO earnings release (Ex.99.1) for Q4/25, T6 (GM: Direct operating expense (exclusive of d; row 'Direct operating expense (exclusive of depreciation and amor'), column YTDcur",
gmtab_direct_opex,Q1/26,50,USD m,"https://www.sec.gov/Archives/edgar/data/1929561/000192956126000023/rxo2026q1pressrelease.htm | RXO earnings release (Ex.99.1) for Q1/26, T6 (GM: Direct operating expense (exclusive of d; row 'Direct operating expense (exclusive of depreciation and amor'), column Qcur",
gmtab_direct_opex,Q2/26,53,USD m,"https://www.sec.gov/Archives/edgar/data/1929561/000192956126000033/rxo2026q2pressrelease.htm | RXO earnings release (Ex.99.1) for Q2/26, T6 (GM: Direct operating expense (exclusive of d; row 'Direct operating expense (exclusive of depreciation and amor'), column Qcur",
gmtab_direct_opex_brokerage,FY2021,1,USD m,"https://www.sec.gov/Archives/edgar/data/1929561/000192956123000023/rxoq42022pressrelease.htm | RXO earnings release (Ex.99.1) for Q4/22, T7 (GM: Direct operating expense (exclusive of d; row 'Truck brokerage'), column YTDprior",
gmtab_direct_opex_brokerage,Q1/22,0,USD m,"https://www.sec.gov/Archives/edgar/data/1929561/000192956123000054/rxoq12023pressrelease.htm | RXO earnings release (Ex.99.1) for Q1/23, T8 (GM: Direct operating expense (exclusive of d; row 'Truck brokerage'), column Qprior",
gmtab_direct_opex_brokerage,Q2/22,0,USD m,"https://www.sec.gov/Archives/edgar/data/1929561/000192956123000069/rxo2023q2pressrelease.htm | RXO earnings release (Ex.99.1) for Q2/23, T6 (GM: Direct operating expense (exclusive of d; row 'Truck brokerage'), column Qprior",
gmtab_direct_opex_brokerage,Q3/22,0,USD m,"https://www.sec.gov/Archives/edgar/data/1929561/000192956123000090/rxo2023q3pressrelease.htm | RXO earnings release (Ex.99.1) for Q3/23, T6 (GM: Direct operating expense (exclusive of d; row 'Truck brokerage'), column Qprior",
gmtab_direct_opex_brokerage,Q4/22,1,USD m,"https://www.sec.gov/Archives/edgar/data/1929561/000192956124000025/rxoq42023pressrelease.htm | RXO earnings release (Ex.99.1) for Q4/23, T6 (GM: Direct operating expense (exclusive of d; row 'Truck brokerage'), column Qprior",Latest-filed value used (release Q4/23); originally reported 0 in Q4/22 release
gmtab_direct_opex_brokerage,FY2022,1,USD m,"https://www.sec.gov/Archives/edgar/data/1929561/000192956124000025/rxoq42023pressrelease.htm | RXO earnings release (Ex.99.1) for Q4/23, T6 (GM: Direct operating expense (exclusive of d; row 'Truck brokerage'), column YTDprior",
gmtab_direct_opex_brokerage,Q1/23,0,USD m,"https://www.sec.gov/Archives/edgar/data/1929561/000192956124000075/rxo2024q1pressrelease.htm | RXO earnings release (Ex.99.1) for Q1/24, T6 (GM: Direct operating expense (exclusive of d; row 'Truck brokerage'), column Qprior",
gmtab_direct_opex_brokerage,Q2/23,0,USD m,"https://www.sec.gov/Archives/edgar/data/1929561/000192956124000098/rxo2024q2pressrelease.htm | RXO earnings release (Ex.99.1) for Q2/24, T6 (GM: Direct operating expense (exclusive of d; row 'Truck brokerage'), column Qprior",
gmtab_direct_opex_brokerage,Q3/23,1,USD m,"https://www.sec.gov/Archives/edgar/data/1929561/000192956124000123/rxo2024q3pressrelease.htm | RXO earnings release (Ex.99.1) for Q3/24, T6 (GM: Direct operating expense (exclusive of d; row 'Truck brokerage'), column Qprior",
gmtab_direct_opex_brokerage,Q4/23,0,USD m,"https://www.sec.gov/Archives/edgar/data/1929561/000192956125000029/rxoq42024pressrelease.htm | RXO earnings release (Ex.99.1) for Q4/24, T6 (GM: Direct operating expense (exclusive of d; row 'Truck brokerage'), column Qprior",
gmtab_direct_opex_brokerage,FY2023,1,USD m,"https://www.sec.gov/Archives/edgar/data/1929561/000192956125000029/rxoq42024pressrelease.htm | RXO earnings release (Ex.99.1) for Q4/24, T6 (GM: Direct operating expense (exclusive of d; row 'Truck brokerage'), column YTDprior",
gmtab_direct_opex_brokerage,Q1/24,0,USD m,"https://www.sec.gov/Archives/edgar/data/1929561/000192956125000078/rxo2025q1pressrelease.htm | RXO earnings release (Ex.99.1) for Q1/25, T6 (GM: Direct operating expense (exclusive of d; row 'Truck brokerage'), column Qprior",
gmtab_direct_opex_brokerage,Q2/24,0,USD m,"https://www.sec.gov/Archives/edgar/data/1929561/000192956125000096/rxo2025q2pressrelease.htm | RXO earnings release (Ex.99.1) for Q2/25, T6 (GM: Direct operating expense (exclusive of d; row 'Truck brokerage'), column Qprior",
gmtab_direct_opex_brokerage,Q3/24,1,USD m,"https://www.sec.gov/Archives/edgar/data/1929561/000192956125000110/rxo2025q3pressrelease.htm | RXO earnings release (Ex.99.1) for Q3/25, T6 (GM: Direct operating expense (exclusive of d; row 'Truck brokerage'), column Qprior",
gmtab_direct_opex_brokerage,Q4/24,0,USD m,"https://www.sec.gov/Archives/edgar/data/1929561/000192956126000006/rxoq42025pressrelease.htm | RXO earnings release (Ex.99.1) for Q4/25, T6 (GM: Direct operating expense (exclusive of d; row 'Truck brokerage'), column Qprior",
gmtab_direct_opex_brokerage,FY2024,1,USD m,"https://www.sec.gov/Archives/edgar/data/1929561/000192956126000006/rxoq42025pressrelease.htm | RXO earnings release (Ex.99.1) for Q4/25, T6 (GM: Direct operating expense (exclusive of d; row 'Truck brokerage'), column YTDprior",
gmtab_direct_opex_brokerage,Q1/25,1,USD m,"https://www.sec.gov/Archives/edgar/data/1929561/000192956126000023/rxo2026q1pressrelease.htm | RXO earnings release (Ex.99.1) for Q1/26, T6 (GM: Direct operating expense (exclusive of d; row 'Truck brokerage'), column Qprior",
gmtab_direct_opex_brokerage,Q2/25,0,USD m,"https://www.sec.gov/Archives/edgar/data/1929561/000192956126000033/rxo2026q2pressrelease.htm | RXO earnings release (Ex.99.1) for Q2/26, T6 (GM: Direct operating expense (exclusive of d; row 'Truck brokerage'), column Qprior",
gmtab_direct_opex_brokerage,Q3/25,0,USD m,"https://www.sec.gov/Archives/edgar/data/1929561/000192956125000110/rxo2025q3pressrelease.htm | RXO earnings release (Ex.99.1) for Q3/25, T6 (GM: Direct operating expense (exclusive of d; row 'Truck brokerage'), column Qcur",
gmtab_direct_opex_brokerage,Q4/25,1,USD m,"https://www.sec.gov/Archives/edgar/data/1929561/000192956126000006/rxoq42025pressrelease.htm | RXO earnings release (Ex.99.1) for Q4/25, T6 (GM: Direct operating expense (exclusive of d; row 'Truck brokerage'), column Qcur",
gmtab_direct_opex_brokerage,FY2025,2,USD m,"https://www.sec.gov/Archives/edgar/data/1929561/000192956126000006/rxoq42025pressrelease.htm | RXO earnings release (Ex.99.1) for Q4/25, T6 (GM: Direct operating expense (exclusive of d; row 'Truck brokerage'), column YTDcur",
gmtab_direct_opex_brokerage,Q1/26,1,USD m,"https://www.sec.gov/Archives/edgar/data/1929561/000192956126000023/rxo2026q1pressrelease.htm | RXO earnings release (Ex.99.1) for Q1/26, T6 (GM: Direct operating expense (exclusive of d; row 'Truck brokerage'), column Qcur",
gmtab_direct_opex_brokerage,Q2/26,0,USD m,"https://www.sec.gov/Archives/edgar/data/1929561/000192956126000033/rxo2026q2pressrelease.htm | RXO earnings release (Ex.99.1) for Q2/26, T6 (GM: Direct operating expense (exclusive of d; row 'Truck brokerage'), column Qcur",
gmtab_direct_opex_complementary,FY2021,191,USD m,"https://www.sec.gov/Archives/edgar/data/1929561/000192956123000023/rxoq42022pressrelease.htm | RXO earnings release (Ex.99.1) for Q4/22, T7 (GM: Direct operating expense (exclusive of d; row 'Other complementary services'), column YTDprior",
gmtab_direct_opex_complementary,Q1/22,55,USD m,"https://www.sec.gov/Archives/edgar/data/1929561/000192956123000054/rxoq12023pressrelease.htm | RXO earnings release (Ex.99.1) for Q1/23, T8 (GM: Direct operating expense (exclusive of d; row 'Complementary services'), column Qprior",
gmtab_direct_opex_complementary,Q2/22,56,USD m,"https://www.sec.gov/Archives/edgar/data/1929561/000192956123000069/rxo2023q2pressrelease.htm | RXO earnings release (Ex.99.1) for Q2/23, T6 (GM: Direct operating expense (exclusive of d; row 'Complementary services'), column Qprior",
gmtab_direct_opex_complementary,Q3/22,56,USD m,"https://www.sec.gov/Archives/edgar/data/1929561/000192956123000090/rxo2023q3pressrelease.htm | RXO earnings release (Ex.99.1) for Q3/23, T6 (GM: Direct operating expense (exclusive of d; row 'Complementary services'), column Qprior",
gmtab_direct_opex_complementary,Q4/22,58,USD m,"https://www.sec.gov/Archives/edgar/data/1929561/000192956124000025/rxoq42023pressrelease.htm | RXO earnings release (Ex.99.1) for Q4/23, T6 (GM: Direct operating expense (exclusive of d; row 'Complementary services'), column Qprior",Latest-filed value used (release Q4/23); originally reported 59 in Q4/22 release
gmtab_direct_opex_complementary,FY2022,225,USD m,"https://www.sec.gov/Archives/edgar/data/1929561/000192956124000025/rxoq42023pressrelease.htm | RXO earnings release (Ex.99.1) for Q4/23, T6 (GM: Direct operating expense (exclusive of d; row 'Complementary services'), column YTDprior",
gmtab_direct_opex_complementary,Q1/23,61,USD m,"https://www.sec.gov/Archives/edgar/data/1929561/000192956124000075/rxo2024q1pressrelease.htm | RXO earnings release (Ex.99.1) for Q1/24, T6 (GM: Direct operating expense (exclusive of d; row 'Complementary services'), column Qprior",
gmtab_direct_opex_complementary,Q2/23,59,USD m,"https://www.sec.gov/Archives/edgar/data/1929561/000192956124000098/rxo2024q2pressrelease.htm | RXO earnings release (Ex.99.1) for Q2/24, T6 (GM: Direct operating expense (exclusive of d; row 'Complementary services'), column Qprior",
gmtab_direct_opex_complementary,Q3/23,58,USD m,"https://www.sec.gov/Archives/edgar/data/1929561/000192956124000123/rxo2024q3pressrelease.htm | RXO earnings release (Ex.99.1) for Q3/24, T6 (GM: Direct operating expense (exclusive of d; row 'Complementary services'), column Qprior",
gmtab_direct_opex_complementary,Q4/23,56,USD m,"https://www.sec.gov/Archives/edgar/data/1929561/000192956125000029/rxoq42024pressrelease.htm | RXO earnings release (Ex.99.1) for Q4/24, T6 (GM: Direct operating expense (exclusive of d; row 'Complementary services'), column Qprior",
gmtab_direct_opex_complementary,FY2023,234,USD m,"https://www.sec.gov/Archives/edgar/data/1929561/000192956125000029/rxoq42024pressrelease.htm | RXO earnings release (Ex.99.1) for Q4/24, T6 (GM: Direct operating expense (exclusive of d; row 'Complementary services'), column YTDprior",
gmtab_direct_opex_complementary,Q1/24,53,USD m,"https://www.sec.gov/Archives/edgar/data/1929561/000192956125000078/rxo2025q1pressrelease.htm | RXO earnings release (Ex.99.1) for Q1/25, T6 (GM: Direct operating expense (exclusive of d; row 'Complementary services'), column Qprior",
gmtab_direct_opex_complementary,Q2/24,50,USD m,"https://www.sec.gov/Archives/edgar/data/1929561/000192956125000096/rxo2025q2pressrelease.htm | RXO earnings release (Ex.99.1) for Q2/25, T6 (GM: Direct operating expense (exclusive of d; row 'Complementary services'), column Qprior",
gmtab_direct_opex_complementary,Q3/24,48,USD m,"https://www.sec.gov/Archives/edgar/data/1929561/000192956125000110/rxo2025q3pressrelease.htm | RXO earnings release (Ex.99.1) for Q3/25, T6 (GM: Direct operating expense (exclusive of d; row 'Complementary services'), column Qprior",
gmtab_direct_opex_complementary,Q4/24,50,USD m,"https://www.sec.gov/Archives/edgar/data/1929561/000192956126000006/rxoq42025pressrelease.htm | RXO earnings release (Ex.99.1) for Q4/25, T6 (GM: Direct operating expense (exclusive of d; row 'Complementary services'), column Qprior",
gmtab_direct_opex_complementary,FY2024,201,USD m,"https://www.sec.gov/Archives/edgar/data/1929561/000192956126000006/rxoq42025pressrelease.htm | RXO earnings release (Ex.99.1) for Q4/25, T6 (GM: Direct operating expense (exclusive of d; row 'Complementary services'), column YTDprior",
gmtab_direct_opex_complementary,Q1/25,47,USD m,"https://www.sec.gov/Archives/edgar/data/1929561/000192956126000023/rxo2026q1pressrelease.htm | RXO earnings release (Ex.99.1) for Q1/26, T6 (GM: Direct operating expense (exclusive of d; row 'Complementary services'), column Qprior",
gmtab_direct_opex_complementary,Q2/25,47,USD m,"https://www.sec.gov/Archives/edgar/data/1929561/000192956126000033/rxo2026q2pressrelease.htm | RXO earnings release (Ex.99.1) for Q2/26, T6 (GM: Direct operating expense (exclusive of d; row 'Complementary services'), column Qprior",
gmtab_direct_opex_complementary,Q3/25,48,USD m,"https://www.sec.gov/Archives/edgar/data/1929561/000192956125000110/rxo2025q3pressrelease.htm | RXO earnings release (Ex.99.1) for Q3/25, T6 (GM: Direct operating expense (exclusive of d; row 'Complementary services'), column Qcur",
gmtab_direct_opex_complementary,Q4/25,46,USD m,"https://www.sec.gov/Archives/edgar/data/1929561/000192956126000006/rxoq42025pressrelease.htm | RXO earnings release (Ex.99.1) for Q4/25, T6 (GM: Direct operating expense (exclusive of d; row 'Complementary services'), column Qcur",
gmtab_direct_opex_complementary,FY2025,188,USD m,"https://www.sec.gov/Archives/edgar/data/1929561/000192956126000006/rxoq42025pressrelease.htm | RXO earnings release (Ex.99.1) for Q4/25, T6 (GM: Direct operating expense (exclusive of d; row 'Complementary services'), column YTDcur",
gmtab_direct_opex_complementary,Q1/26,49,USD m,"https://www.sec.gov/Archives/edgar/data/1929561/000192956126000023/rxo2026q1pressrelease.htm | RXO earnings release (Ex.99.1) for Q1/26, T6 (GM: Direct operating expense (exclusive of d; row 'Complementary services'), column Qcur",
gmtab_direct_opex_complementary,Q2/26,53,USD m,"https://www.sec.gov/Archives/edgar/data/1929561/000192956126000033/rxo2026q2pressrelease.htm | RXO earnings release (Ex.99.1) for Q2/26, T6 (GM: Direct operating expense (exclusive of d; row 'Complementary services'), column Qcur",
gmtab_rev,FY2021,4689,USD m,"https://www.sec.gov/Archives/edgar/data/1929561/000192956123000023/rxoq42022pressrelease.htm | RXO earnings release (Ex.99.1) for Q4/22, T7 (GM: Revenue; row 'Total Revenue'), column YTDprior",
gmtab_rev,Q1/22,1312,USD m,"https://www.sec.gov/Archives/edgar/data/1929561/000192956123000054/rxoq12023pressrelease.htm | RXO earnings release (Ex.99.1) for Q1/23, T8 (GM: Revenue; row 'Total Revenue'), column Qprior",
gmtab_rev,Q2/22,1226,USD m,"https://www.sec.gov/Archives/edgar/data/1929561/000192956123000069/rxo2023q2pressrelease.htm | RXO earnings release (Ex.99.1) for Q2/23, T6 (GM: Revenue; row 'Revenue'), column Qprior",
gmtab_rev,Q3/22,1138,USD m,"https://www.sec.gov/Archives/edgar/data/1929561/000192956123000090/rxo2023q3pressrelease.htm | RXO earnings release (Ex.99.1) for Q3/23, T6 (GM: Revenue; row 'Revenue'), column Qprior",
gmtab_rev,Q4/22,1120,USD m,"https://www.sec.gov/Archives/edgar/data/1929561/000192956124000025/rxoq42023pressrelease.htm | RXO earnings release (Ex.99.1) for Q4/23, T6 (GM: Revenue; row 'Revenue'), column Qprior",
gmtab_rev,FY2022,4796,USD m,"https://www.sec.gov/Archives/edgar/data/1929561/000192956124000025/rxoq42023pressrelease.htm | RXO earnings release (Ex.99.1) for Q4/23, T6 (GM: Revenue; row 'Revenue'), column YTDprior",
gmtab_rev,Q1/23,1010,USD m,"https://www.sec.gov/Archives/edgar/data/1929561/000192956124000075/rxo2024q1pressrelease.htm | RXO earnings release (Ex.99.1) for Q1/24, T6 (GM: Revenue; row 'Revenue'), column Qprior",
gmtab_rev,Q2/23,963,USD m,"https://www.sec.gov/Archives/edgar/data/1929561/000192956124000098/rxo2024q2pressrelease.htm | RXO earnings release (Ex.99.1) for Q2/24, T6 (GM: Revenue; row 'Revenue'), column Qprior",
gmtab_rev,Q3/23,976,USD m,"https://www.sec.gov/Archives/edgar/data/1929561/000192956124000123/rxo2024q3pressrelease.htm | RXO earnings release (Ex.99.1) for Q3/24, T6 (GM: Revenue; row 'Revenue'), column Qprior",
gmtab_rev,Q4/23,978,USD m,"https://www.sec.gov/Archives/edgar/data/1929561/000192956125000029/rxoq42024pressrelease.htm | RXO earnings release (Ex.99.1) for Q4/24, T6 (GM: Revenue; row 'Revenue'), column Qprior",
gmtab_rev,FY2023,3927,USD m,"https://www.sec.gov/Archives/edgar/data/1929561/000192956125000029/rxoq42024pressrelease.htm | RXO earnings release (Ex.99.1) for Q4/24, T6 (GM: Revenue; row 'Revenue'), column YTDprior",
gmtab_rev,Q1/24,913,USD m,"https://www.sec.gov/Archives/edgar/data/1929561/000192956125000078/rxo2025q1pressrelease.htm | RXO earnings release (Ex.99.1) for Q1/25, T6 (GM: Revenue; row 'Revenue'), column Qprior",
gmtab_rev,Q2/24,930,USD m,"https://www.sec.gov/Archives/edgar/data/1929561/000192956125000096/rxo2025q2pressrelease.htm | RXO earnings release (Ex.99.1) for Q2/25, T6 (GM: Revenue; row 'Revenue'), column Qprior",
gmtab_rev,Q3/24,1040,USD m,"https://www.sec.gov/Archives/edgar/data/1929561/000192956125000110/rxo2025q3pressrelease.htm | RXO earnings release (Ex.99.1) for Q3/25, T6 (GM: Revenue; row 'Revenue'), column Qprior",
gmtab_rev,Q4/24,1667,USD m,"https://www.sec.gov/Archives/edgar/data/1929561/000192956126000006/rxoq42025pressrelease.htm | RXO earnings release (Ex.99.1) for Q4/25, T6 (GM: Revenue; row 'Revenue'), column Qprior",
gmtab_rev,FY2024,4550,USD m,"https://www.sec.gov/Archives/edgar/data/1929561/000192956126000006/rxoq42025pressrelease.htm | RXO earnings release (Ex.99.1) for Q4/25, T6 (GM: Revenue; row 'Revenue'), column YTDprior",
gmtab_rev,Q1/25,1433,USD m,"https://www.sec.gov/Archives/edgar/data/1929561/000192956126000023/rxo2026q1pressrelease.htm | RXO earnings release (Ex.99.1) for Q1/26, T6 (GM: Revenue; row 'Revenue'), column Qprior",
gmtab_rev,Q2/25,1419,USD m,"https://www.sec.gov/Archives/edgar/data/1929561/000192956126000033/rxo2026q2pressrelease.htm | RXO earnings release (Ex.99.1) for Q2/26, T6 (GM: Revenue; row 'Revenue'), column Qprior",
gmtab_rev,Q3/25,1421,USD m,"https://www.sec.gov/Archives/edgar/data/1929561/000192956125000110/rxo2025q3pressrelease.htm | RXO earnings release (Ex.99.1) for Q3/25, T6 (GM: Revenue; row 'Revenue'), column Qcur",
gmtab_rev,Q4/25,1469,USD m,"https://www.sec.gov/Archives/edgar/data/1929561/000192956126000006/rxoq42025pressrelease.htm | RXO earnings release (Ex.99.1) for Q4/25, T6 (GM: Revenue; row 'Revenue'), column Qcur",
gmtab_rev,FY2025,5742,USD m,"https://www.sec.gov/Archives/edgar/data/1929561/000192956126000006/rxoq42025pressrelease.htm | RXO earnings release (Ex.99.1) for Q4/25, T6 (GM: Revenue; row 'Revenue'), column YTDcur",
gmtab_rev,Q1/26,1425,USD m,"https://www.sec.gov/Archives/edgar/data/1929561/000192956126000023/rxo2026q1pressrelease.htm | RXO earnings release (Ex.99.1) for Q1/26, T6 (GM: Revenue; row 'Revenue'), column Qcur",
gmtab_rev,Q2/26,1774,USD m,"https://www.sec.gov/Archives/edgar/data/1929561/000192956126000033/rxo2026q2pressrelease.htm | RXO earnings release (Ex.99.1) for Q2/26, T6 (GM: Revenue; row 'Revenue'), column Qcur",
gmtab_rev_brokerage,FY2021,2749,USD m,"https://www.sec.gov/Archives/edgar/data/1929561/000192956123000023/rxoq42022pressrelease.htm | RXO earnings release (Ex.99.1) for Q4/22, T7 (GM: Revenue; row 'Truck brokerage'), column YTDprior",
gmtab_rev_brokerage,Q1/22,824,USD m,"https://www.sec.gov/Archives/edgar/data/1929561/000192956123000054/rxoq12023pressrelease.htm | RXO earnings release (Ex.99.1) for Q1/23, T8 (GM: Revenue; row 'Truck brokerage'), column Qprior",
gmtab_rev_brokerage,Q2/22,755,USD m,"https://www.sec.gov/Archives/edgar/data/1929561/000192956123000069/rxo2023q2pressrelease.htm | RXO earnings release (Ex.99.1) for Q2/23, T6 (GM: Revenue; row 'Truck brokerage'), column Qprior",
gmtab_rev_brokerage,Q3/22,686,USD m,"https://www.sec.gov/Archives/edgar/data/1929561/000192956123000090/rxo2023q3pressrelease.htm | RXO earnings release (Ex.99.1) for Q3/23, T6 (GM: Revenue; row 'Truck brokerage'), column Qprior",
gmtab_rev_brokerage,Q4/22,664,USD m,"https://www.sec.gov/Archives/edgar/data/1929561/000192956124000025/rxoq42023pressrelease.htm | RXO earnings release (Ex.99.1) for Q4/23, T6 (GM: Revenue; row 'Truck brokerage'), column Qprior",
gmtab_rev_brokerage,FY2022,2929,USD m,"https://www.sec.gov/Archives/edgar/data/1929561/000192956124000025/rxoq42023pressrelease.htm | RXO earnings release (Ex.99.1) for Q4/23, T6 (GM: Revenue; row 'Truck brokerage'), column YTDprior",
gmtab_rev_brokerage,Q1/23,600,USD m,"https://www.sec.gov/Archives/edgar/data/1929561/000192956124000075/rxo2024q1pressrelease.htm | RXO earnings release (Ex.99.1) for Q1/24, T6 (GM: Revenue; row 'Truck brokerage'), column Qprior",
gmtab_rev_brokerage,Q2/23,557,USD m,"https://www.sec.gov/Archives/edgar/data/1929561/000192956124000098/rxo2024q2pressrelease.htm | RXO earnings release (Ex.99.1) for Q2/24, T6 (GM: Revenue; row 'Truck brokerage'), column Qprior",
gmtab_rev_brokerage,Q3/23,591,USD m,"https://www.sec.gov/Archives/edgar/data/1929561/000192956124000123/rxo2024q3pressrelease.htm | RXO earnings release (Ex.99.1) for Q3/24, T6 (GM: Revenue; row 'Truck brokerage'), column Qprior",
gmtab_rev_brokerage,Q4/23,610,USD m,"https://www.sec.gov/Archives/edgar/data/1929561/000192956125000029/rxoq42024pressrelease.htm | RXO earnings release (Ex.99.1) for Q4/24, T6 (GM: Revenue; row 'Truck brokerage'), column Qprior",
gmtab_rev_brokerage,FY2023,2358,USD m,"https://www.sec.gov/Archives/edgar/data/1929561/000192956125000029/rxoq42024pressrelease.htm | RXO earnings release (Ex.99.1) for Q4/24, T6 (GM: Revenue; row 'Truck brokerage'), column YTDprior",
gmtab_rev_brokerage,Q1/24,564,USD m,"https://www.sec.gov/Archives/edgar/data/1929561/000192956125000078/rxo2025q1pressrelease.htm | RXO earnings release (Ex.99.1) for Q1/25, T6 (GM: Revenue; row 'Truck brokerage'), column Qprior",
gmtab_rev_brokerage,Q2/24,543,USD m,"https://www.sec.gov/Archives/edgar/data/1929561/000192956125000096/rxo2025q2pressrelease.htm | RXO earnings release (Ex.99.1) for Q2/25, T6 (GM: Revenue; row 'Truck brokerage'), column Qprior",
gmtab_rev_brokerage,Q3/24,655,USD m,"https://www.sec.gov/Archives/edgar/data/1929561/000192956125000110/rxo2025q3pressrelease.htm | RXO earnings release (Ex.99.1) for Q3/25, T6 (GM: Revenue; row 'Truck brokerage'), column Qprior",
gmtab_rev_brokerage,Q4/24,1267,USD m,"https://www.sec.gov/Archives/edgar/data/1929561/000192956126000006/rxoq42025pressrelease.htm | RXO earnings release (Ex.99.1) for Q4/25, T6 (GM: Revenue; row 'Truck brokerage'), column Qprior",
gmtab_rev_brokerage,FY2024,3029,USD m,"https://www.sec.gov/Archives/edgar/data/1929561/000192956126000006/rxoq42025pressrelease.htm | RXO earnings release (Ex.99.1) for Q4/25, T6 (GM: Revenue; row 'Truck brokerage'), column YTDprior",
gmtab_rev_brokerage,Q1/25,1067,USD m,"https://www.sec.gov/Archives/edgar/data/1929561/000192956126000023/rxo2026q1pressrelease.htm | RXO earnings release (Ex.99.1) for Q1/26, T6 (GM: Revenue; row 'Truck brokerage'), column Qprior",
gmtab_rev_brokerage,Q2/25,1025,USD m,"https://www.sec.gov/Archives/edgar/data/1929561/000192956126000033/rxo2026q2pressrelease.htm | RXO earnings release (Ex.99.1) for Q2/26, T6 (GM: Revenue; row 'Truck brokerage'), column Qprior",
gmtab_rev_brokerage,Q3/25,1039,USD m,"https://www.sec.gov/Archives/edgar/data/1929561/000192956125000110/rxo2025q3pressrelease.htm | RXO earnings release (Ex.99.1) for Q3/25, T6 (GM: Revenue; row 'Truck brokerage'), column Qcur",
gmtab_rev_brokerage,Q4/25,1094,USD m,"https://www.sec.gov/Archives/edgar/data/1929561/000192956126000006/rxoq42025pressrelease.htm | RXO earnings release (Ex.99.1) for Q4/25, T6 (GM: Revenue; row 'Truck brokerage'), column Qcur",
gmtab_rev_brokerage,FY2025,4225,USD m,"https://www.sec.gov/Archives/edgar/data/1929561/000192956126000006/rxoq42025pressrelease.htm | RXO earnings release (Ex.99.1) for Q4/25, T6 (GM: Revenue; row 'Truck brokerage'), column YTDcur",
gmtab_rev_brokerage,Q1/26,1097,USD m,"https://www.sec.gov/Archives/edgar/data/1929561/000192956126000023/rxo2026q1pressrelease.htm | RXO earnings release (Ex.99.1) for Q1/26, T6 (GM: Revenue; row 'Truck brokerage'), column Qcur",
gmtab_rev_brokerage,Q2/26,1349,USD m,"https://www.sec.gov/Archives/edgar/data/1929561/000192956126000033/rxo2026q2pressrelease.htm | RXO earnings release (Ex.99.1) for Q2/26, T6 (GM: Revenue; row 'Truck brokerage'), column Qcur",
gmtab_rev_complementary,FY2021,2053,USD m,"https://www.sec.gov/Archives/edgar/data/1929561/000192956123000023/rxoq42022pressrelease.htm | RXO earnings release (Ex.99.1) for Q4/22, T7 (GM: Revenue; row 'Other complementary services'), column YTDprior",
gmtab_rev_complementary,Q1/22,524,USD m,"https://www.sec.gov/Archives/edgar/data/1929561/000192956123000054/rxoq12023pressrelease.htm | RXO earnings release (Ex.99.1) for Q1/23, T8 (GM: Revenue; row 'Complementary services'), column Qprior",
gmtab_rev_complementary,Q2/22,507,USD m,"https://www.sec.gov/Archives/edgar/data/1929561/000192956123000069/rxo2023q2pressrelease.htm | RXO earnings release (Ex.99.1) for Q2/23, T6 (GM: Revenue; row 'Complementary services'), column Qprior",
gmtab_rev_complementary,Q3/22,487,USD m,"https://www.sec.gov/Archives/edgar/data/1929561/000192956123000090/rxo2023q3pressrelease.htm | RXO earnings release (Ex.99.1) for Q3/23, T6 (GM: Revenue; row 'Complementary services'), column Qprior",
gmtab_rev_complementary,Q4/22,488,USD m,"https://www.sec.gov/Archives/edgar/data/1929561/000192956124000025/rxoq42023pressrelease.htm | RXO earnings release (Ex.99.1) for Q4/23, T6 (GM: Revenue; row 'Complementary services'), column Qprior",
gmtab_rev_complementary,FY2022,2006,USD m,"https://www.sec.gov/Archives/edgar/data/1929561/000192956124000025/rxoq42023pressrelease.htm | RXO earnings release (Ex.99.1) for Q4/23, T6 (GM: Revenue; row 'Complementary services'), column YTDprior",
gmtab_rev_complementary,Q1/23,437,USD m,"https://www.sec.gov/Archives/edgar/data/1929561/000192956124000075/rxo2024q1pressrelease.htm | RXO earnings release (Ex.99.1) for Q1/24, T6 (GM: Revenue; row 'Complementary services'), column Qprior",
gmtab_rev_complementary,Q2/23,437,USD m,"https://www.sec.gov/Archives/edgar/data/1929561/000192956124000098/rxo2024q2pressrelease.htm | RXO earnings release (Ex.99.1) for Q2/24, T6 (GM: Revenue; row 'Complementary services'), column Qprior",
gmtab_rev_complementary,Q3/23,419,USD m,"https://www.sec.gov/Archives/edgar/data/1929561/000192956124000123/rxo2024q3pressrelease.htm | RXO earnings release (Ex.99.1) for Q3/24, T6 (GM: Revenue; row 'Complementary services'), column Qprior",
gmtab_rev_complementary,Q4/23,411,USD m,"https://www.sec.gov/Archives/edgar/data/1929561/000192956125000029/rxoq42024pressrelease.htm | RXO earnings release (Ex.99.1) for Q4/24, T6 (GM: Revenue; row 'Complementary services'), column Qprior",
gmtab_rev_complementary,FY2023,1704,USD m,"https://www.sec.gov/Archives/edgar/data/1929561/000192956125000029/rxoq42024pressrelease.htm | RXO earnings release (Ex.99.1) for Q4/24, T6 (GM: Revenue; row 'Complementary services'), column YTDprior",
gmtab_rev_complementary,Q1/24,384,USD m,"https://www.sec.gov/Archives/edgar/data/1929561/000192956125000078/rxo2025q1pressrelease.htm | RXO earnings release (Ex.99.1) for Q1/25, T6 (GM: Revenue; row 'Complementary services'), column Qprior",
gmtab_rev_complementary,Q2/24,421,USD m,"https://www.sec.gov/Archives/edgar/data/1929561/000192956125000096/rxo2025q2pressrelease.htm | RXO earnings release (Ex.99.1) for Q2/25, T6 (GM: Revenue; row 'Complementary services'), column Qprior",
gmtab_rev_complementary,Q3/24,419,USD m,"https://www.sec.gov/Archives/edgar/data/1929561/000192956125000110/rxo2025q3pressrelease.htm | RXO earnings release (Ex.99.1) for Q3/25, T6 (GM: Revenue; row 'Complementary services'), column Qprior",
gmtab_rev_complementary,Q4/24,431,USD m,"https://www.sec.gov/Archives/edgar/data/1929561/000192956126000006/rxoq42025pressrelease.htm | RXO earnings release (Ex.99.1) for Q4/25, T6 (GM: Revenue; row 'Complementary services'), column Qprior",
gmtab_rev_complementary,FY2024,1655,USD m,"https://www.sec.gov/Archives/edgar/data/1929561/000192956126000006/rxoq42025pressrelease.htm | RXO earnings release (Ex.99.1) for Q4/25, T6 (GM: Revenue; row 'Complementary services'), column YTDprior",
gmtab_rev_complementary,Q1/25,415,USD m,"https://www.sec.gov/Archives/edgar/data/1929561/000192956126000023/rxo2026q1pressrelease.htm | RXO earnings release (Ex.99.1) for Q1/26, T6 (GM: Revenue; row 'Complementary services'), column Qprior",
gmtab_rev_complementary,Q2/25,457,USD m,"https://www.sec.gov/Archives/edgar/data/1929561/000192956126000033/rxo2026q2pressrelease.htm | RXO earnings release (Ex.99.1) for Q2/26, T6 (GM: Revenue; row 'Complementary services'), column Qprior",
gmtab_rev_complementary,Q3/25,442,USD m,"https://www.sec.gov/Archives/edgar/data/1929561/000192956125000110/rxo2025q3pressrelease.htm | RXO earnings release (Ex.99.1) for Q3/25, T6 (GM: Revenue; row 'Complementary services'), column Qcur",
gmtab_rev_complementary,Q4/25,431,USD m,"https://www.sec.gov/Archives/edgar/data/1929561/000192956126000006/rxoq42025pressrelease.htm | RXO earnings release (Ex.99.1) for Q4/25, T6 (GM: Revenue; row 'Complementary services'), column Qcur",
gmtab_rev_complementary,FY2025,1745,USD m,"https://www.sec.gov/Archives/edgar/data/1929561/000192956126000006/rxoq42025pressrelease.htm | RXO earnings release (Ex.99.1) for Q4/25, T6 (GM: Revenue; row 'Complementary services'), column YTDcur",
gmtab_rev_complementary,Q1/26,388,USD m,"https://www.sec.gov/Archives/edgar/data/1929561/000192956126000023/rxo2026q1pressrelease.htm | RXO earnings release (Ex.99.1) for Q1/26, T6 (GM: Revenue; row 'Complementary services'), column Qcur",
gmtab_rev_complementary,Q2/26,488,USD m,"https://www.sec.gov/Archives/edgar/data/1929561/000192956126000033/rxo2026q2pressrelease.htm | RXO earnings release (Ex.99.1) for Q2/26, T6 (GM: Revenue; row 'Complementary services'), column Qcur",
gmtab_rev_elims,FY2021,-113,USD m,"https://www.sec.gov/Archives/edgar/data/1929561/000192956123000023/rxoq42022pressrelease.htm | RXO earnings release (Ex.99.1) for Q4/22, T7 (GM: Revenue; row 'Eliminations'), column YTDprior",
gmtab_rev_elims,Q1/22,-36,USD m,"https://www.sec.gov/Archives/edgar/data/1929561/000192956123000054/rxoq12023pressrelease.htm | RXO earnings release (Ex.99.1) for Q1/23, T8 (GM: Revenue; row 'Eliminations'), column Qprior",
gmtab_rev_elims,Q2/22,-36,USD m,"https://www.sec.gov/Archives/edgar/data/1929561/000192956123000069/rxo2023q2pressrelease.htm | RXO earnings release (Ex.99.1) for Q2/23, T6 (GM: Revenue; row 'Eliminations'), column Qprior",
gmtab_rev_elims,Q3/22,-35,USD m,"https://www.sec.gov/Archives/edgar/data/1929561/000192956123000090/rxo2023q3pressrelease.htm | RXO earnings release (Ex.99.1) for Q3/23, T6 (GM: Revenue; row 'Eliminations'), column Qprior",
gmtab_rev_elims,Q4/22,-32,USD m,"https://www.sec.gov/Archives/edgar/data/1929561/000192956124000025/rxoq42023pressrelease.htm | RXO earnings release (Ex.99.1) for Q4/23, T6 (GM: Revenue; row 'Eliminations'), column Qprior",
gmtab_rev_elims,FY2022,-139,USD m,"https://www.sec.gov/Archives/edgar/data/1929561/000192956124000025/rxoq42023pressrelease.htm | RXO earnings release (Ex.99.1) for Q4/23, T6 (GM: Revenue; row 'Eliminations'), column YTDprior",
gmtab_rev_elims,Q1/23,-27,USD m,"https://www.sec.gov/Archives/edgar/data/1929561/000192956124000075/rxo2024q1pressrelease.htm | RXO earnings release (Ex.99.1) for Q1/24, T6 (GM: Revenue; row 'Eliminations'), column Qprior",
gmtab_rev_elims,Q2/23,-31,USD m,"https://www.sec.gov/Archives/edgar/data/1929561/000192956124000098/rxo2024q2pressrelease.htm | RXO earnings release (Ex.99.1) for Q2/24, T6 (GM: Revenue; row 'Eliminations'), column Qprior",
gmtab_rev_elims,Q3/23,-34,USD m,"https://www.sec.gov/Archives/edgar/data/1929561/000192956124000123/rxo2024q3pressrelease.htm | RXO earnings release (Ex.99.1) for Q3/24, T6 (GM: Revenue; row 'Eliminations'), column Qprior",
gmtab_rev_elims,Q4/23,-43,USD m,"https://www.sec.gov/Archives/edgar/data/1929561/000192956125000029/rxoq42024pressrelease.htm | RXO earnings release (Ex.99.1) for Q4/24, T6 (GM: Revenue; row 'Eliminations'), column Qprior",
gmtab_rev_elims,FY2023,-135,USD m,"https://www.sec.gov/Archives/edgar/data/1929561/000192956125000029/rxoq42024pressrelease.htm | RXO earnings release (Ex.99.1) for Q4/24, T6 (GM: Revenue; row 'Eliminations'), column YTDprior",
gmtab_rev_elims,Q1/24,-35,USD m,"https://www.sec.gov/Archives/edgar/data/1929561/000192956125000078/rxo2025q1pressrelease.htm | RXO earnings release (Ex.99.1) for Q1/25, T6 (GM: Revenue; row 'Eliminations'), column Qprior",
gmtab_rev_elims,Q2/24,-34,USD m,"https://www.sec.gov/Archives/edgar/data/1929561/000192956125000096/rxo2025q2pressrelease.htm | RXO earnings release (Ex.99.1) for Q2/25, T6 (GM: Revenue; row 'Eliminations'), column Qprior",
gmtab_rev_elims,Q3/24,-34,USD m,"https://www.sec.gov/Archives/edgar/data/1929561/000192956125000110/rxo2025q3pressrelease.htm | RXO earnings release (Ex.99.1) for Q3/25, T6 (GM: Revenue; row 'Eliminations'), column Qprior",
gmtab_rev_elims,Q4/24,-31,USD m,"https://www.sec.gov/Archives/edgar/data/1929561/000192956126000006/rxoq42025pressrelease.htm | RXO earnings release (Ex.99.1) for Q4/25, T6 (GM: Revenue; row 'Eliminations'), column Qprior",
gmtab_rev_elims,FY2024,-134,USD m,"https://www.sec.gov/Archives/edgar/data/1929561/000192956126000006/rxoq42025pressrelease.htm | RXO earnings release (Ex.99.1) for Q4/25, T6 (GM: Revenue; row 'Eliminations'), column YTDprior",
gmtab_rev_elims,Q1/25,-49,USD m,"https://www.sec.gov/Archives/edgar/data/1929561/000192956126000023/rxo2026q1pressrelease.htm | RXO earnings release (Ex.99.1) for Q1/26, T6 (GM: Revenue; row 'Eliminations'), column Qprior",
gmtab_rev_elims,Q2/25,-63,USD m,"https://www.sec.gov/Archives/edgar/data/1929561/000192956126000033/rxo2026q2pressrelease.htm | RXO earnings release (Ex.99.1) for Q2/26, T6 (GM: Revenue; row 'Eliminations'), column Qprior",
gmtab_rev_elims,Q3/25,-60,USD m,"https://www.sec.gov/Archives/edgar/data/1929561/000192956125000110/rxo2025q3pressrelease.htm | RXO earnings release (Ex.99.1) for Q3/25, T6 (GM: Revenue; row 'Eliminations'), column Qcur",
gmtab_rev_elims,Q4/25,-56,USD m,"https://www.sec.gov/Archives/edgar/data/1929561/000192956126000006/rxoq42025pressrelease.htm | RXO earnings release (Ex.99.1) for Q4/25, T6 (GM: Revenue; row 'Eliminations'), column Qcur",
gmtab_rev_elims,FY2025,-228,USD m,"https://www.sec.gov/Archives/edgar/data/1929561/000192956126000006/rxoq42025pressrelease.htm | RXO earnings release (Ex.99.1) for Q4/25, T6 (GM: Revenue; row 'Eliminations'), column YTDcur",
gmtab_rev_elims,Q1/26,-60,USD m,"https://www.sec.gov/Archives/edgar/data/1929561/000192956126000023/rxo2026q1pressrelease.htm | RXO earnings release (Ex.99.1) for Q1/26, T6 (GM: Revenue; row 'Eliminations'), column Qcur",
gmtab_rev_elims,Q2/26,-63,USD m,"https://www.sec.gov/Archives/edgar/data/1929561/000192956126000033/rxo2026q2pressrelease.htm | RXO earnings release (Ex.99.1) for Q2/26, T6 (GM: Revenue; row 'Eliminations'), column Qcur",
goodwill,FY2021,630,USD m,"https://www.sec.gov/Archives/edgar/data/1929561/000192956123000023/rxoq42022pressrelease.htm | RXO earnings release (Ex.99.1) for Q4/22, T1 (BS: Long-term assets; row 'Goodwill'), column BSprior",
goodwill,Q2/22,630,USD m,"https://www.sec.gov/Archives/edgar/data/1929561/000162828022026335/exhibit991-form10a.htm | Form 10/A information statement (Ex.99.1), unaudited condensed combined balance sheet as of June 30, 2022",
goodwill,Q3/22,630,USD m,"https://www.sec.gov/Archives/edgar/data/1929561/000192956122000022/rxo-20220930.htm | Form 10-Q Q3 2022, Condensed Combined Balance Sheet (Sept 30, 2022)",
goodwill,Q4/22,630,USD m,"https://www.sec.gov/Archives/edgar/data/1929561/000192956124000025/rxoq42023pressrelease.htm | RXO earnings release (Ex.99.1) for Q4/23, T1 (BS: Long-term assets; row 'Goodwill'), column BSprior",Year-end balance (same as FY2022)
goodwill,FY2022,630,USD m,"https://www.sec.gov/Archives/edgar/data/1929561/000192956124000025/rxoq42023pressrelease.htm | RXO earnings release (Ex.99.1) for Q4/23, T1 (BS: Long-term assets; row 'Goodwill'), column BSprior",
goodwill,Q1/23,630,USD m,"https://www.sec.gov/Archives/edgar/data/1929561/000192956123000054/rxoq12023pressrelease.htm | RXO earnings release (Ex.99.1) for Q1/23, T1 (BS: Long-term assets; row 'Goodwill'), column BScur",
goodwill,Q2/23,630,USD m,"https://www.sec.gov/Archives/edgar/data/1929561/000192956123000069/rxo2023q2pressrelease.htm | RXO earnings release (Ex.99.1) for Q2/23, T1 (BS: Long-term assets; row 'Goodwill'), column BScur",
goodwill,Q3/23,630,USD m,"https://www.sec.gov/Archives/edgar/data/1929561/000192956123000090/rxo2023q3pressrelease.htm | RXO earnings release (Ex.99.1) for Q3/23, T1 (BS: Long-term assets; row 'Goodwill'), column BScur",
goodwill,Q4/23,630,USD m,"https://www.sec.gov/Archives/edgar/data/1929561/000192956125000029/rxoq42024pressrelease.htm | RXO earnings release (Ex.99.1) for Q4/24, T1 (BS: Long-term assets; row 'Goodwill'), column BSprior",Year-end balance (same as FY2023)
goodwill,FY2023,630,USD m,"https://www.sec.gov/Archives/edgar/data/1929561/000192956125000029/rxoq42024pressrelease.htm | RXO earnings release (Ex.99.1) for Q4/24, T1 (BS: Long-term assets; row 'Goodwill'), column BSprior",
goodwill,Q1/24,630,USD m,"https://www.sec.gov/Archives/edgar/data/1929561/000192956124000075/rxo2024q1pressrelease.htm | RXO earnings release (Ex.99.1) for Q1/24, T1 (BS: Long-term assets; row 'Goodwill'), column BScur",
goodwill,Q2/24,630,USD m,"https://www.sec.gov/Archives/edgar/data/1929561/000192956124000098/rxo2024q2pressrelease.htm | RXO earnings release (Ex.99.1) for Q2/24, T1 (BS: Long-term assets; row 'Goodwill'), column BScur",
goodwill,Q3/24,1027,USD m,"https://www.sec.gov/Archives/edgar/data/1929561/000192956124000123/rxo2024q3pressrelease.htm | RXO earnings release (Ex.99.1) for Q3/24, T1 (BS: Long-term assets; row 'Goodwill'), column BScur",
goodwill,Q4/24,1123,USD m,"https://www.sec.gov/Archives/edgar/data/1929561/000192956126000006/rxoq42025pressrelease.htm | RXO earnings release (Ex.99.1) for Q4/25, T1 (BS: Long-term assets; row 'Goodwill'), column BSprior",Year-end balance (same as FY2024)
goodwill,FY2024,1123,USD m,"https://www.sec.gov/Archives/edgar/data/1929561/000192956126000006/rxoq42025pressrelease.htm | RXO earnings release (Ex.99.1) for Q4/25, T1 (BS: Long-term assets; row 'Goodwill'), column BSprior",Latest-filed value used (release Q4/25); originally reported 1124 in Q4/24 release
goodwill,Q1/25,1124,USD m,"https://www.sec.gov/Archives/edgar/data/1929561/000192956125000078/rxo2025q1pressrelease.htm | RXO earnings release (Ex.99.1) for Q1/25, T1 (BS: Long-term assets; row 'Goodwill'), column BScur",
goodwill,Q2/25,1125,USD m,"https://www.sec.gov/Archives/edgar/data/1929561/000192956125000096/rxo2025q2pressrelease.htm | RXO earnings release (Ex.99.1) for Q2/25, T1 (BS: Long-term assets; row 'Goodwill'), column BScur",
goodwill,Q3/25,1123,USD m,"https://www.sec.gov/Archives/edgar/data/1929561/000192956125000110/rxo2025q3pressrelease.htm | RXO earnings release (Ex.99.1) for Q3/25, T1 (BS: Long-term assets; row 'Goodwill'), column BScur",
goodwill,Q4/25,1111,USD m,"https://www.sec.gov/Archives/edgar/data/1929561/000192956126000033/rxo2026q2pressrelease.htm | RXO earnings release (Ex.99.1) for Q2/26, T1 (BS: Long-term assets; row 'Goodwill'), column BSprior",Year-end balance (same as FY2025)
goodwill,FY2025,1111,USD m,"https://www.sec.gov/Archives/edgar/data/1929561/000192956126000033/rxo2026q2pressrelease.htm | RXO earnings release (Ex.99.1) for Q2/26, T1 (BS: Long-term assets; row 'Goodwill'), column BSprior",
goodwill,Q1/26,1111,USD m,"https://www.sec.gov/Archives/edgar/data/1929561/000192956126000023/rxo2026q1pressrelease.htm | RXO earnings release (Ex.99.1) for Q1/26, T1 (BS: Long-term assets; row 'Goodwill'), column BScur",
goodwill,Q2/26,1111,USD m,"https://www.sec.gov/Archives/edgar/data/1929561/000192956126000033/rxo2026q2pressrelease.htm | RXO earnings release (Ex.99.1) for Q2/26, T1 (BS: Long-term assets; row 'Goodwill'), column BScur",
gross_margin,FY2021,816,USD m,"https://www.sec.gov/Archives/edgar/data/1929561/000192956123000023/rxoq42022pressrelease.htm | RXO earnings release (Ex.99.1) for Q4/22, T7 (GM: Gross margin (2); row 'Total Gross margin'), column YTDprior",
gross_margin,Q1/22,236,USD m,"https://www.sec.gov/Archives/edgar/data/1929561/000192956123000054/rxoq12023pressrelease.htm | RXO earnings release (Ex.99.1) for Q1/23, T8 (GM: Adjusted gross margin (2); row 'Total Adjusted gross margin'), column Qprior",
gross_margin,Q2/22,265,USD m,"https://www.sec.gov/Archives/edgar/data/1929561/000192956123000069/rxo2023q2pressrelease.htm | RXO earnings release (Ex.99.1) for Q2/23, T6 (GM: Gross margin; row 'Gross margin'), column Qprior",
gross_margin,Q3/22,223,USD m,"https://www.sec.gov/Archives/edgar/data/1929561/000192956123000090/rxo2023q3pressrelease.htm | RXO earnings release (Ex.99.1) for Q3/23, T6 (GM: Gross margin; row 'Gross margin'), column Qprior",
gross_margin,Q4/22,218,USD m,"https://www.sec.gov/Archives/edgar/data/1929561/000192956124000025/rxoq42023pressrelease.htm | RXO earnings release (Ex.99.1) for Q4/23, T6 (GM: Gross margin; row 'Gross margin'), column Qprior",Latest-filed value used (release Q4/23); originally reported 219 in Q4/22 release
gross_margin,FY2022,941,USD m,"https://www.sec.gov/Archives/edgar/data/1929561/000192956124000025/rxoq42023pressrelease.htm | RXO earnings release (Ex.99.1) for Q4/23, T6 (GM: Gross margin; row 'Gross margin'), column YTDprior",Latest-filed value used (release Q4/23); originally reported 946 in Q4/22 release
gross_margin,Q1/23,189,USD m,"https://www.sec.gov/Archives/edgar/data/1929561/000192956124000075/rxo2024q1pressrelease.htm | RXO earnings release (Ex.99.1) for Q1/24, T6 (GM: Gross margin; row 'Gross margin'), column Qprior",Latest-filed value used (release Q1/24); originally reported 190 in Q1/23 release
gross_margin,Q2/23,179,USD m,"https://www.sec.gov/Archives/edgar/data/1929561/000192956124000098/rxo2024q2pressrelease.htm | RXO earnings release (Ex.99.1) for Q2/24, T6 (GM: Gross margin; row 'Gross margin'), column Qprior",
gross_margin,Q3/23,173,USD m,"https://www.sec.gov/Archives/edgar/data/1929561/000192956124000123/rxo2024q3pressrelease.htm | RXO earnings release (Ex.99.1) for Q3/24, T6 (GM: Gross margin; row 'Gross margin'), column Qprior",
gross_margin,Q4/23,176,USD m,"https://www.sec.gov/Archives/edgar/data/1929561/000192956125000029/rxoq42024pressrelease.htm | RXO earnings release (Ex.99.1) for Q4/24, T6 (GM: Gross margin; row 'Gross margin'), column Qprior",
gross_margin,FY2023,717,USD m,"https://www.sec.gov/Archives/edgar/data/1929561/000192956125000029/rxoq42024pressrelease.htm | RXO earnings release (Ex.99.1) for Q4/24, T6 (GM: Gross margin; row 'Gross margin'), column YTDprior",
gross_margin,Q1/24,159,USD m,"https://www.sec.gov/Archives/edgar/data/1929561/000192956125000078/rxo2025q1pressrelease.htm | RXO earnings release (Ex.99.1) for Q1/25, T6 (GM: Gross margin; row 'Gross margin'), column Qprior",
gross_margin,Q2/24,177,USD m,"https://www.sec.gov/Archives/edgar/data/1929561/000192956125000096/rxo2025q2pressrelease.htm | RXO earnings release (Ex.99.1) for Q2/25, T6 (GM: Gross margin; row 'Gross margin'), column Qprior",
gross_margin,Q3/24,180,USD m,"https://www.sec.gov/Archives/edgar/data/1929561/000192956125000110/rxo2025q3pressrelease.htm | RXO earnings release (Ex.99.1) for Q3/25, T6 (GM: Gross margin; row 'Gross margin'), column Qprior",
gross_margin,Q4/24,258,USD m,"https://www.sec.gov/Archives/edgar/data/1929561/000192956126000006/rxoq42025pressrelease.htm | RXO earnings release (Ex.99.1) for Q4/25, T6 (GM: Gross margin; row 'Gross margin'), column Qprior",
gross_margin,FY2024,774,USD m,"https://www.sec.gov/Archives/edgar/data/1929561/000192956126000006/rxoq42025pressrelease.htm | RXO earnings release (Ex.99.1) for Q4/25, T6 (GM: Gross margin; row 'Gross margin'), column YTDprior",
gross_margin,Q1/25,229,USD m,"https://www.sec.gov/Archives/edgar/data/1929561/000192956126000023/rxo2026q1pressrelease.htm | RXO earnings release (Ex.99.1) for Q1/26, T6 (GM: Gross margin; row 'Gross margin'), column Qprior",
gross_margin,Q2/25,252,USD m,"https://www.sec.gov/Archives/edgar/data/1929561/000192956126000033/rxo2026q2pressrelease.htm | RXO earnings release (Ex.99.1) for Q2/26, T6 (GM: Gross margin; row 'Gross margin'), column Qprior",
gross_margin,Q3/25,234,USD m,"https://www.sec.gov/Archives/edgar/data/1929561/000192956125000110/rxo2025q3pressrelease.htm | RXO earnings release (Ex.99.1) for Q3/25, T6 (GM: Gross margin; row 'Gross margin'), column Qcur",
gross_margin,Q4/25,217,USD m,"https://www.sec.gov/Archives/edgar/data/1929561/000192956126000006/rxoq42025pressrelease.htm | RXO earnings release (Ex.99.1) for Q4/25, T6 (GM: Gross margin; row 'Gross margin'), column Qcur",
gross_margin,FY2025,932,USD m,"https://www.sec.gov/Archives/edgar/data/1929561/000192956126000006/rxoq42025pressrelease.htm | RXO earnings release (Ex.99.1) for Q4/25, T6 (GM: Gross margin; row 'Gross margin'), column YTDcur",
gross_margin,Q1/26,202,USD m,"https://www.sec.gov/Archives/edgar/data/1929561/000192956126000023/rxo2026q1pressrelease.htm | RXO earnings release (Ex.99.1) for Q1/26, T6 (GM: Gross margin; row 'Gross margin'), column Qcur",
gross_margin,Q2/26,247,USD m,"https://www.sec.gov/Archives/edgar/data/1929561/000192956126000033/rxo2026q2pressrelease.htm | RXO earnings release (Ex.99.1) for Q2/26, T6 (GM: Gross margin; row 'Gross margin'), column Qcur",
gross_margin,LTM_Q2/26,900,USD m,Derived: sum of Q3/25+Q4/25+Q1/26+Q2/26 three-month figures,LTM to 30-Jun-2026
gross_margin,LTM_Q2/25,919,USD m,Derived: sum of Q3/24..Q2/25 three-month figures,LTM to 30-Jun-2025
gross_margin_brokerage,FY2021,426,USD m,"https://www.sec.gov/Archives/edgar/data/1929561/000192956123000023/rxoq42022pressrelease.htm | RXO earnings release (Ex.99.1) for Q4/22, T7 (GM: Gross margin (2); row 'Truck brokerage'), column YTDprior",
gross_margin_brokerage,Q1/22,134,USD m,"https://www.sec.gov/Archives/edgar/data/1929561/000192956123000054/rxoq12023pressrelease.htm | RXO earnings release (Ex.99.1) for Q1/23, T8 (GM: Adjusted gross margin (2); row 'Truck brokerage'), column Qprior",
gross_margin_brokerage,Q2/22,157,USD m,"https://www.sec.gov/Archives/edgar/data/1929561/000192956123000069/rxo2023q2pressrelease.htm | RXO earnings release (Ex.99.1) for Q2/23, T6 (GM: Gross margin; row 'Truck brokerage'), column Qprior",
gross_margin_brokerage,Q3/22,130,USD m,"https://www.sec.gov/Archives/edgar/data/1929561/000192956123000090/rxo2023q3pressrelease.htm | RXO earnings release (Ex.99.1) for Q3/23, T6 (GM: Gross margin; row 'Truck brokerage'), column Qprior",
gross_margin_brokerage,Q4/22,118,USD m,"https://www.sec.gov/Archives/edgar/data/1929561/000192956124000025/rxoq42023pressrelease.htm | RXO earnings release (Ex.99.1) for Q4/23, T6 (GM: Gross margin; row 'Truck brokerage'), column Qprior",Latest-filed value used (release Q4/23); originally reported 119 in Q4/22 release
gross_margin_brokerage,FY2022,539,USD m,"https://www.sec.gov/Archives/edgar/data/1929561/000192956124000025/rxoq42023pressrelease.htm | RXO earnings release (Ex.99.1) for Q4/23, T6 (GM: Gross margin; row 'Truck brokerage'), column YTDprior",
gross_margin_brokerage,Q1/23,98,USD m,"https://www.sec.gov/Archives/edgar/data/1929561/000192956124000075/rxo2024q1pressrelease.htm | RXO earnings release (Ex.99.1) for Q1/24, T6 (GM: Gross margin; row 'Truck brokerage'), column Qprior",
gross_margin_brokerage,Q2/23,86,USD m,"https://www.sec.gov/Archives/edgar/data/1929561/000192956124000098/rxo2024q2pressrelease.htm | RXO earnings release (Ex.99.1) for Q2/24, T6 (GM: Gross margin; row 'Truck brokerage'), column Qprior",
gross_margin_brokerage,Q3/23,89,USD m,"https://www.sec.gov/Archives/edgar/data/1929561/000192956124000123/rxo2024q3pressrelease.htm | RXO earnings release (Ex.99.1) for Q3/24, T6 (GM: Gross margin; row 'Truck brokerage'), column Qprior",
gross_margin_brokerage,Q4/23,90,USD m,"https://www.sec.gov/Archives/edgar/data/1929561/000192956125000029/rxoq42024pressrelease.htm | RXO earnings release (Ex.99.1) for Q4/24, T6 (GM: Gross margin; row 'Truck brokerage'), column Qprior",
gross_margin_brokerage,FY2023,363,USD m,"https://www.sec.gov/Archives/edgar/data/1929561/000192956125000029/rxoq42024pressrelease.htm | RXO earnings release (Ex.99.1) for Q4/24, T6 (GM: Gross margin; row 'Truck brokerage'), column YTDprior",
gross_margin_brokerage,Q1/24,80,USD m,"https://www.sec.gov/Archives/edgar/data/1929561/000192956125000078/rxo2025q1pressrelease.htm | RXO earnings release (Ex.99.1) for Q1/25, T6 (GM: Gross margin; row 'Truck brokerage'), column Qprior",
gross_margin_brokerage,Q2/24,80,USD m,"https://www.sec.gov/Archives/edgar/data/1929561/000192956125000096/rxo2025q2pressrelease.htm | RXO earnings release (Ex.99.1) for Q2/25, T6 (GM: Gross margin; row 'Truck brokerage'), column Qprior",
gross_margin_brokerage,Q3/24,90,USD m,"https://www.sec.gov/Archives/edgar/data/1929561/000192956125000110/rxo2025q3pressrelease.htm | RXO earnings release (Ex.99.1) for Q3/25, T6 (GM: Gross margin; row 'Truck brokerage'), column Qprior",
gross_margin_brokerage,Q4/24,167,USD m,"https://www.sec.gov/Archives/edgar/data/1929561/000192956126000006/rxoq42025pressrelease.htm | RXO earnings release (Ex.99.1) for Q4/25, T6 (GM: Gross margin; row 'Truck brokerage'), column Qprior",
gross_margin_brokerage,FY2024,417,USD m,"https://www.sec.gov/Archives/edgar/data/1929561/000192956126000006/rxoq42025pressrelease.htm | RXO earnings release (Ex.99.1) for Q4/25, T6 (GM: Gross margin; row 'Truck brokerage'), column YTDprior",
gross_margin_brokerage,Q1/25,142,USD m,"https://www.sec.gov/Archives/edgar/data/1929561/000192956126000023/rxo2026q1pressrelease.htm | RXO earnings release (Ex.99.1) for Q1/26, T6 (GM: Gross margin; row 'Truck brokerage'), column Qprior",
gross_margin_brokerage,Q2/25,148,USD m,"https://www.sec.gov/Archives/edgar/data/1929561/000192956126000033/rxo2026q2pressrelease.htm | RXO earnings release (Ex.99.1) for Q2/26, T6 (GM: Gross margin; row 'Truck brokerage'), column Qprior",
gross_margin_brokerage,Q3/25,140,USD m,"https://www.sec.gov/Archives/edgar/data/1929561/000192956125000110/rxo2025q3pressrelease.htm | RXO earnings release (Ex.99.1) for Q3/25, T6 (GM: Gross margin; row 'Truck brokerage'), column Qcur",
gross_margin_brokerage,Q4/25,130,USD m,"https://www.sec.gov/Archives/edgar/data/1929561/000192956126000006/rxoq42025pressrelease.htm | RXO earnings release (Ex.99.1) for Q4/25, T6 (GM: Gross margin; row 'Truck brokerage'), column Qcur",
gross_margin_brokerage,FY2025,560,USD m,"https://www.sec.gov/Archives/edgar/data/1929561/000192956126000006/rxoq42025pressrelease.htm | RXO earnings release (Ex.99.1) for Q4/25, T6 (GM: Gross margin; row 'Truck brokerage'), column YTDcur",
gross_margin_brokerage,Q1/26,125,USD m,"https://www.sec.gov/Archives/edgar/data/1929561/000192956126000023/rxo2026q1pressrelease.htm | RXO earnings release (Ex.99.1) for Q1/26, T6 (GM: Gross margin; row 'Truck brokerage'), column Qcur",
gross_margin_brokerage,Q2/26,144,USD m,"https://www.sec.gov/Archives/edgar/data/1929561/000192956126000033/rxo2026q2pressrelease.htm | RXO earnings release (Ex.99.1) for Q2/26, T6 (GM: Gross margin; row 'Truck brokerage'), column Qcur",
gross_margin_brokerage,LTM_Q2/26,539,USD m,Derived: sum of Q3/25+Q4/25+Q1/26+Q2/26 three-month figures,LTM to 30-Jun-2026
gross_margin_brokerage,LTM_Q2/25,547,USD m,Derived: sum of Q3/24..Q2/25 three-month figures,LTM to 30-Jun-2025
gross_margin_complementary,FY2021,390,USD m,"https://www.sec.gov/Archives/edgar/data/1929561/000192956123000023/rxoq42022pressrelease.htm | RXO earnings release (Ex.99.1) for Q4/22, T7 (GM: Gross margin (2); row 'Other complementary services'), column YTDprior",
gross_margin_complementary,Q1/22,102,USD m,"https://www.sec.gov/Archives/edgar/data/1929561/000192956123000054/rxoq12023pressrelease.htm | RXO earnings release (Ex.99.1) for Q1/23, T8 (GM: Adjusted gross margin (2); row 'Complementary services'), column Qprior",
gross_margin_complementary,Q2/22,108,USD m,"https://www.sec.gov/Archives/edgar/data/1929561/000192956123000069/rxo2023q2pressrelease.htm | RXO earnings release (Ex.99.1) for Q2/23, T6 (GM: Gross margin; row 'Complementary services'), column Qprior",
gross_margin_complementary,Q3/22,93,USD m,"https://www.sec.gov/Archives/edgar/data/1929561/000192956123000090/rxo2023q3pressrelease.htm | RXO earnings release (Ex.99.1) for Q3/23, T6 (GM: Gross margin; row 'Complementary services'), column Qprior",
gross_margin_complementary,Q4/22,100,USD m,"https://www.sec.gov/Archives/edgar/data/1929561/000192956124000025/rxoq42023pressrelease.htm | RXO earnings release (Ex.99.1) for Q4/23, T6 (GM: Gross margin; row 'Complementary services'), column Qprior",
gross_margin_complementary,FY2022,402,USD m,"https://www.sec.gov/Archives/edgar/data/1929561/000192956124000025/rxoq42023pressrelease.htm | RXO earnings release (Ex.99.1) for Q4/23, T6 (GM: Gross margin; row 'Complementary services'), column YTDprior",Latest-filed value used (release Q4/23); originally reported 407 in Q4/22 release
gross_margin_complementary,Q1/23,91,USD m,"https://www.sec.gov/Archives/edgar/data/1929561/000192956124000075/rxo2024q1pressrelease.htm | RXO earnings release (Ex.99.1) for Q1/24, T6 (GM: Gross margin; row 'Complementary services'), column Qprior",Latest-filed value used (release Q1/24); originally reported 92 in Q1/23 release
gross_margin_complementary,Q2/23,93,USD m,"https://www.sec.gov/Archives/edgar/data/1929561/000192956124000098/rxo2024q2pressrelease.htm | RXO earnings release (Ex.99.1) for Q2/24, T6 (GM: Gross margin; row 'Complementary services'), column Qprior",
gross_margin_complementary,Q3/23,84,USD m,"https://www.sec.gov/Archives/edgar/data/1929561/000192956124000123/rxo2024q3pressrelease.htm | RXO earnings release (Ex.99.1) for Q3/24, T6 (GM: Gross margin; row 'Complementary services'), column Qprior",
gross_margin_complementary,Q4/23,86,USD m,"https://www.sec.gov/Archives/edgar/data/1929561/000192956125000029/rxoq42024pressrelease.htm | RXO earnings release (Ex.99.1) for Q4/24, T6 (GM: Gross margin; row 'Complementary services'), column Qprior",
gross_margin_complementary,FY2023,354,USD m,"https://www.sec.gov/Archives/edgar/data/1929561/000192956125000029/rxoq42024pressrelease.htm | RXO earnings release (Ex.99.1) for Q4/24, T6 (GM: Gross margin; row 'Complementary services'), column YTDprior",
gross_margin_complementary,Q1/24,79,USD m,"https://www.sec.gov/Archives/edgar/data/1929561/000192956125000078/rxo2025q1pressrelease.htm | RXO earnings release (Ex.99.1) for Q1/25, T6 (GM: Gross margin; row 'Complementary services'), column Qprior",
gross_margin_complementary,Q2/24,97,USD m,"https://www.sec.gov/Archives/edgar/data/1929561/000192956125000096/rxo2025q2pressrelease.htm | RXO earnings release (Ex.99.1) for Q2/25, T6 (GM: Gross margin; row 'Complementary services'), column Qprior",
gross_margin_complementary,Q3/24,90,USD m,"https://www.sec.gov/Archives/edgar/data/1929561/000192956125000110/rxo2025q3pressrelease.htm | RXO earnings release (Ex.99.1) for Q3/25, T6 (GM: Gross margin; row 'Complementary services'), column Qprior",
gross_margin_complementary,Q4/24,91,USD m,"https://www.sec.gov/Archives/edgar/data/1929561/000192956126000006/rxoq42025pressrelease.htm | RXO earnings release (Ex.99.1) for Q4/25, T6 (GM: Gross margin; row 'Complementary services'), column Qprior",
gross_margin_complementary,FY2024,357,USD m,"https://www.sec.gov/Archives/edgar/data/1929561/000192956126000006/rxoq42025pressrelease.htm | RXO earnings release (Ex.99.1) for Q4/25, T6 (GM: Gross margin; row 'Complementary services'), column YTDprior",
gross_margin_complementary,Q1/25,87,USD m,"https://www.sec.gov/Archives/edgar/data/1929561/000192956126000023/rxo2026q1pressrelease.htm | RXO earnings release (Ex.99.1) for Q1/26, T6 (GM: Gross margin; row 'Complementary services'), column Qprior",
gross_margin_complementary,Q2/25,104,USD m,"https://www.sec.gov/Archives/edgar/data/1929561/000192956126000033/rxo2026q2pressrelease.htm | RXO earnings release (Ex.99.1) for Q2/26, T6 (GM: Gross margin; row 'Complementary services'), column Qprior",
gross_margin_complementary,Q3/25,94,USD m,"https://www.sec.gov/Archives/edgar/data/1929561/000192956125000110/rxo2025q3pressrelease.htm | RXO earnings release (Ex.99.1) for Q3/25, T6 (GM: Gross margin; row 'Complementary services'), column Qcur",
gross_margin_complementary,Q4/25,87,USD m,"https://www.sec.gov/Archives/edgar/data/1929561/000192956126000006/rxoq42025pressrelease.htm | RXO earnings release (Ex.99.1) for Q4/25, T6 (GM: Gross margin; row 'Complementary services'), column Qcur",
gross_margin_complementary,FY2025,372,USD m,"https://www.sec.gov/Archives/edgar/data/1929561/000192956126000006/rxoq42025pressrelease.htm | RXO earnings release (Ex.99.1) for Q4/25, T6 (GM: Gross margin; row 'Complementary services'), column YTDcur",
gross_margin_complementary,Q1/26,77,USD m,"https://www.sec.gov/Archives/edgar/data/1929561/000192956126000023/rxo2026q1pressrelease.htm | RXO earnings release (Ex.99.1) for Q1/26, T6 (GM: Gross margin; row 'Complementary services'), column Qcur",
gross_margin_complementary,Q2/26,103,USD m,"https://www.sec.gov/Archives/edgar/data/1929561/000192956126000033/rxo2026q2pressrelease.htm | RXO earnings release (Ex.99.1) for Q2/26, T6 (GM: Gross margin; row 'Complementary services'), column Qcur",
gross_margin_complementary,LTM_Q2/26,361,USD m,Derived: sum of Q3/25+Q4/25+Q1/26+Q2/26 three-month figures,LTM to 30-Jun-2026
gross_margin_complementary,LTM_Q2/25,372,USD m,Derived: sum of Q3/24..Q2/25 three-month figures,LTM to 30-Jun-2025
gross_margin_pct,FY2021,17.4,%,"https://www.sec.gov/Archives/edgar/data/1929561/000192956123000023/rxoq42022pressrelease.htm | RXO earnings release (Ex.99.1) for Q4/22, T7 (GM: Gross margin as a percentage of revenue; row 'Total Gross margin as a percentage of revenue'), column YTDprior",
gross_margin_pct,Q1/22,18.0,%,"https://www.sec.gov/Archives/edgar/data/1929561/000192956123000054/rxoq12023pressrelease.htm | RXO earnings release (Ex.99.1) for Q1/23, T8 (GM: Adjusted gross margin as a percentage of; row 'Total Adjusted gross margin as a percentage of revenue'), column Qprior",
gross_margin_pct,Q2/22,21.6,%,"https://www.sec.gov/Archives/edgar/data/1929561/000192956123000069/rxo2023q2pressrelease.htm | RXO earnings release (Ex.99.1) for Q2/23, T6 (GM: Gross margin as a percentage of revenue; row 'Gross margin as a percentage of revenue'), column Qprior",
gross_margin_pct,Q3/22,19.6,%,"https://www.sec.gov/Archives/edgar/data/1929561/000192956123000090/rxo2023q3pressrelease.htm | RXO earnings release (Ex.99.1) for Q3/23, T6 (GM: Gross margin as a percentage of revenue; row 'Gross margin as a percentage of revenue'), column Qprior",
gross_margin_pct,Q4/22,19.5,%,"https://www.sec.gov/Archives/edgar/data/1929561/000192956124000025/rxoq42023pressrelease.htm | RXO earnings release (Ex.99.1) for Q4/23, T6 (GM: Gross margin as a percentage of revenue; row 'Gross margin as a percentage of revenue'), column Qprior",Latest-filed value used (release Q4/23); originally reported 19.6 in Q4/22 release
gross_margin_pct,FY2022,19.6,%,"https://www.sec.gov/Archives/edgar/data/1929561/000192956124000025/rxoq42023pressrelease.htm | RXO earnings release (Ex.99.1) for Q4/23, T6 (GM: Gross margin as a percentage of revenue; row 'Gross margin as a percentage of revenue'), column YTDprior",Latest-filed value used (release Q4/23); originally reported 19.7 in Q4/22 release
gross_margin_pct,Q1/23,18.7,%,"https://www.sec.gov/Archives/edgar/data/1929561/000192956124000075/rxo2024q1pressrelease.htm | RXO earnings release (Ex.99.1) for Q1/24, T6 (GM: Gross margin as a percentage of revenue; row 'Gross margin as a percentage of revenue'), column Qprior",Latest-filed value used (release Q1/24); originally reported 18.8 in Q1/23 release
gross_margin_pct,Q2/23,18.6,%,"https://www.sec.gov/Archives/edgar/data/1929561/000192956124000098/rxo2024q2pressrelease.htm | RXO earnings release (Ex.99.1) for Q2/24, T6 (GM: Gross margin as a percentage of revenue; row 'Gross margin as a percentage of revenue'), column Qprior",
gross_margin_pct,Q3/23,17.7,%,"https://www.sec.gov/Archives/edgar/data/1929561/000192956124000123/rxo2024q3pressrelease.htm | RXO earnings release (Ex.99.1) for Q3/24, T6 (GM: Gross margin as a percentage of revenue; row 'Gross margin as a percentage of revenue'), column Qprior",
gross_margin_pct,Q4/23,18.0,%,"https://www.sec.gov/Archives/edgar/data/1929561/000192956125000029/rxoq42024pressrelease.htm | RXO earnings release (Ex.99.1) for Q4/24, T6 (GM: Gross margin as a percentage of revenue; row 'Gross margin as a percentage of revenue'), column Qprior",
gross_margin_pct,FY2023,18.3,%,"https://www.sec.gov/Archives/edgar/data/1929561/000192956125000029/rxoq42024pressrelease.htm | RXO earnings release (Ex.99.1) for Q4/24, T6 (GM: Gross margin as a percentage of revenue; row 'Gross margin as a percentage of revenue'), column YTDprior",
gross_margin_pct,Q1/24,17.4,%,"https://www.sec.gov/Archives/edgar/data/1929561/000192956125000078/rxo2025q1pressrelease.htm | RXO earnings release (Ex.99.1) for Q1/25, T6 (GM: Gross margin as a percentage of revenue; row 'Gross margin as a percentage of revenue'), column Qprior",
gross_margin_pct,Q2/24,19.0,%,"https://www.sec.gov/Archives/edgar/data/1929561/000192956125000096/rxo2025q2pressrelease.htm | RXO earnings release (Ex.99.1) for Q2/25, T6 (GM: Gross margin as a percentage of revenue; row 'Gross margin as a percentage of revenue'), column Qprior",
gross_margin_pct,Q3/24,17.3,%,"https://www.sec.gov/Archives/edgar/data/1929561/000192956125000110/rxo2025q3pressrelease.htm | RXO earnings release (Ex.99.1) for Q3/25, T6 (GM: Gross margin as a percentage of revenue; row 'Gross margin as a percentage of revenue'), column Qprior",
gross_margin_pct,Q4/24,15.5,%,"https://www.sec.gov/Archives/edgar/data/1929561/000192956126000006/rxoq42025pressrelease.htm | RXO earnings release (Ex.99.1) for Q4/25, T6 (GM: Gross margin as a percentage of revenue; row 'Gross margin as a percentage of revenue'), column Qprior",
gross_margin_pct,FY2024,17.0,%,"https://www.sec.gov/Archives/edgar/data/1929561/000192956126000006/rxoq42025pressrelease.htm | RXO earnings release (Ex.99.1) for Q4/25, T6 (GM: Gross margin as a percentage of revenue; row 'Gross margin as a percentage of revenue'), column YTDprior",
gross_margin_pct,Q1/25,16.0,%,"https://www.sec.gov/Archives/edgar/data/1929561/000192956126000023/rxo2026q1pressrelease.htm | RXO earnings release (Ex.99.1) for Q1/26, T6 (GM: Gross margin as a percentage of revenue; row 'Gross margin as a percentage of revenue'), column Qprior",
gross_margin_pct,Q2/25,17.8,%,"https://www.sec.gov/Archives/edgar/data/1929561/000192956126000033/rxo2026q2pressrelease.htm | RXO earnings release (Ex.99.1) for Q2/26, T6 (GM: Gross margin as a percentage of revenue; row 'Gross margin as a percentage of revenue'), column Qprior",
gross_margin_pct,Q3/25,16.5,%,"https://www.sec.gov/Archives/edgar/data/1929561/000192956125000110/rxo2025q3pressrelease.htm | RXO earnings release (Ex.99.1) for Q3/25, T6 (GM: Gross margin as a percentage of revenue; row 'Gross margin as a percentage of revenue'), column Qcur",
gross_margin_pct,Q4/25,14.8,%,"https://www.sec.gov/Archives/edgar/data/1929561/000192956126000006/rxoq42025pressrelease.htm | RXO earnings release (Ex.99.1) for Q4/25, T6 (GM: Gross margin as a percentage of revenue; row 'Gross margin as a percentage of revenue'), column Qcur",
gross_margin_pct,FY2025,16.2,%,"https://www.sec.gov/Archives/edgar/data/1929561/000192956126000006/rxoq42025pressrelease.htm | RXO earnings release (Ex.99.1) for Q4/25, T6 (GM: Gross margin as a percentage of revenue; row 'Gross margin as a percentage of revenue'), column YTDcur",
gross_margin_pct,Q1/26,14.2,%,"https://www.sec.gov/Archives/edgar/data/1929561/000192956126000023/rxo2026q1pressrelease.htm | RXO earnings release (Ex.99.1) for Q1/26, T6 (GM: Gross margin as a percentage of revenue; row 'Gross margin as a percentage of revenue'), column Qcur",
gross_margin_pct,Q2/26,13.9,%,"https://www.sec.gov/Archives/edgar/data/1929561/000192956126000033/rxo2026q2pressrelease.htm | RXO earnings release (Ex.99.1) for Q2/26, T6 (GM: Gross margin as a percentage of revenue; row 'Gross margin as a percentage of revenue'), column Qcur",
gross_margin_pct_brokerage,FY2021,15.5,USD m,"https://www.sec.gov/Archives/edgar/data/1929561/000192956123000023/rxoq42022pressrelease.htm | RXO earnings release (Ex.99.1) for Q4/22, T7 (GM: Gross margin as a percentage of revenue; row 'Truck brokerage'), column YTDprior",
gross_margin_pct_brokerage,Q1/22,16.3,USD m,"https://www.sec.gov/Archives/edgar/data/1929561/000192956123000054/rxoq12023pressrelease.htm | RXO earnings release (Ex.99.1) for Q1/23, T8 (GM: Adjusted gross margin as a percentage of; row 'Truck brokerage'), column Qprior",
gross_margin_pct_brokerage,Q2/22,20.8,USD m,"https://www.sec.gov/Archives/edgar/data/1929561/000192956123000069/rxo2023q2pressrelease.htm | RXO earnings release (Ex.99.1) for Q2/23, T6 (GM: Gross margin as a percentage of revenue; row 'Truck brokerage'), column Qprior",
gross_margin_pct_brokerage,Q3/22,19,USD m,"https://www.sec.gov/Archives/edgar/data/1929561/000192956123000090/rxo2023q3pressrelease.htm | RXO earnings release (Ex.99.1) for Q3/23, T6 (GM: Gross margin as a percentage of revenue; row 'Truck brokerage'), column Qprior",
gross_margin_pct_brokerage,Q4/22,17.8,USD m,"https://www.sec.gov/Archives/edgar/data/1929561/000192956124000025/rxoq42023pressrelease.htm | RXO earnings release (Ex.99.1) for Q4/23, T6 (GM: Gross margin as a percentage of revenue; row 'Truck brokerage'), column Qprior",Latest-filed value used (release Q4/23); originally reported 17.9 in Q4/22 release
gross_margin_pct_brokerage,FY2022,18.4,USD m,"https://www.sec.gov/Archives/edgar/data/1929561/000192956124000025/rxoq42023pressrelease.htm | RXO earnings release (Ex.99.1) for Q4/23, T6 (GM: Gross margin as a percentage of revenue; row 'Truck brokerage'), column YTDprior",
gross_margin_pct_brokerage,Q1/23,16.3,USD m,"https://www.sec.gov/Archives/edgar/data/1929561/000192956124000075/rxo2024q1pressrelease.htm | RXO earnings release (Ex.99.1) for Q1/24, T6 (GM: Gross margin as a percentage of revenue; row 'Truck brokerage'), column Qprior",
gross_margin_pct_brokerage,Q2/23,15.4,USD m,"https://www.sec.gov/Archives/edgar/data/1929561/000192956124000098/rxo2024q2pressrelease.htm | RXO earnings release (Ex.99.1) for Q2/24, T6 (GM: Gross margin as a percentage of revenue; row 'Truck brokerage'), column Qprior",
gross_margin_pct_brokerage,Q3/23,15.1,USD m,"https://www.sec.gov/Archives/edgar/data/1929561/000192956124000123/rxo2024q3pressrelease.htm | RXO earnings release (Ex.99.1) for Q3/24, T6 (GM: Gross margin as a percentage of revenue; row 'Truck brokerage'), column Qprior",
gross_margin_pct_brokerage,Q4/23,14.8,USD m,"https://www.sec.gov/Archives/edgar/data/1929561/000192956125000029/rxoq42024pressrelease.htm | RXO earnings release (Ex.99.1) for Q4/24, T6 (GM: Gross margin as a percentage of revenue; row 'Truck brokerage'), column Qprior",
gross_margin_pct_brokerage,FY2023,15.4,USD m,"https://www.sec.gov/Archives/edgar/data/1929561/000192956125000029/rxoq42024pressrelease.htm | RXO earnings release (Ex.99.1) for Q4/24, T6 (GM: Gross margin as a percentage of revenue; row 'Truck brokerage'), column YTDprior",
gross_margin_pct_brokerage,Q1/24,14.2,USD m,"https://www.sec.gov/Archives/edgar/data/1929561/000192956125000078/rxo2025q1pressrelease.htm | RXO earnings release (Ex.99.1) for Q1/25, T6 (GM: Gross margin as a percentage of revenue; row 'Truck brokerage'), column Qprior",
gross_margin_pct_brokerage,Q2/24,14.7,USD m,"https://www.sec.gov/Archives/edgar/data/1929561/000192956125000096/rxo2025q2pressrelease.htm | RXO earnings release (Ex.99.1) for Q2/25, T6 (GM: Gross margin as a percentage of revenue; row 'Truck brokerage'), column Qprior",
gross_margin_pct_brokerage,Q3/24,13.7,USD m,"https://www.sec.gov/Archives/edgar/data/1929561/000192956125000110/rxo2025q3pressrelease.htm | RXO earnings release (Ex.99.1) for Q3/25, T6 (GM: Gross margin as a percentage of revenue; row 'Truck brokerage'), column Qprior",
gross_margin_pct_brokerage,Q4/24,13.2,USD m,"https://www.sec.gov/Archives/edgar/data/1929561/000192956126000006/rxoq42025pressrelease.htm | RXO earnings release (Ex.99.1) for Q4/25, T6 (GM: Gross margin as a percentage of revenue; row 'Truck brokerage'), column Qprior",
gross_margin_pct_brokerage,FY2024,13.8,USD m,"https://www.sec.gov/Archives/edgar/data/1929561/000192956126000006/rxoq42025pressrelease.htm | RXO earnings release (Ex.99.1) for Q4/25, T6 (GM: Gross margin as a percentage of revenue; row 'Truck brokerage'), column YTDprior",
gross_margin_pct_brokerage,Q1/25,13.3,USD m,"https://www.sec.gov/Archives/edgar/data/1929561/000192956126000023/rxo2026q1pressrelease.htm | RXO earnings release (Ex.99.1) for Q1/26, T6 (GM: Gross margin as a percentage of revenue; row 'Truck brokerage'), column Qprior",
gross_margin_pct_brokerage,Q2/25,14.4,USD m,"https://www.sec.gov/Archives/edgar/data/1929561/000192956126000033/rxo2026q2pressrelease.htm | RXO earnings release (Ex.99.1) for Q2/26, T6 (GM: Gross margin as a percentage of revenue; row 'Truck brokerage'), column Qprior",
gross_margin_pct_brokerage,Q3/25,13.5,USD m,"https://www.sec.gov/Archives/edgar/data/1929561/000192956125000110/rxo2025q3pressrelease.htm | RXO earnings release (Ex.99.1) for Q3/25, T6 (GM: Gross margin as a percentage of revenue; row 'Truck brokerage'), column Qcur",
gross_margin_pct_brokerage,Q4/25,11.9,USD m,"https://www.sec.gov/Archives/edgar/data/1929561/000192956126000006/rxoq42025pressrelease.htm | RXO earnings release (Ex.99.1) for Q4/25, T6 (GM: Gross margin as a percentage of revenue; row 'Truck brokerage'), column Qcur",
gross_margin_pct_brokerage,FY2025,13.3,USD m,"https://www.sec.gov/Archives/edgar/data/1929561/000192956126000006/rxoq42025pressrelease.htm | RXO earnings release (Ex.99.1) for Q4/25, T6 (GM: Gross margin as a percentage of revenue; row 'Truck brokerage'), column YTDcur",
gross_margin_pct_brokerage,Q1/26,11.4,USD m,"https://www.sec.gov/Archives/edgar/data/1929561/000192956126000023/rxo2026q1pressrelease.htm | RXO earnings release (Ex.99.1) for Q1/26, T6 (GM: Gross margin as a percentage of revenue; row 'Truck brokerage'), column Qcur",
gross_margin_pct_brokerage,Q2/26,10.7,USD m,"https://www.sec.gov/Archives/edgar/data/1929561/000192956126000033/rxo2026q2pressrelease.htm | RXO earnings release (Ex.99.1) for Q2/26, T6 (GM: Gross margin as a percentage of revenue; row 'Truck brokerage'), column Qcur",
gross_margin_pct_complementary,FY2021,19,USD m,"https://www.sec.gov/Archives/edgar/data/1929561/000192956123000023/rxoq42022pressrelease.htm | RXO earnings release (Ex.99.1) for Q4/22, T7 (GM: Gross margin as a percentage of revenue; row 'Other complementary services'), column YTDprior",
gross_margin_pct_complementary,Q1/22,19.5,USD m,"https://www.sec.gov/Archives/edgar/data/1929561/000192956123000054/rxoq12023pressrelease.htm | RXO earnings release (Ex.99.1) for Q1/23, T8 (GM: Adjusted gross margin as a percentage of; row 'Complementary services'), column Qprior",
gross_margin_pct_complementary,Q2/22,21.3,USD m,"https://www.sec.gov/Archives/edgar/data/1929561/000192956123000069/rxo2023q2pressrelease.htm | RXO earnings release (Ex.99.1) for Q2/23, T6 (GM: Gross margin as a percentage of revenue; row 'Complementary services'), column Qprior",
gross_margin_pct_complementary,Q3/22,19.1,USD m,"https://www.sec.gov/Archives/edgar/data/1929561/000192956123000090/rxo2023q3pressrelease.htm | RXO earnings release (Ex.99.1) for Q3/23, T6 (GM: Gross margin as a percentage of revenue; row 'Complementary services'), column Qprior",
gross_margin_pct_complementary,Q4/22,20.5,USD m,"https://www.sec.gov/Archives/edgar/data/1929561/000192956124000025/rxoq42023pressrelease.htm | RXO earnings release (Ex.99.1) for Q4/23, T6 (GM: Gross margin as a percentage of revenue; row 'Complementary services'), column Qprior",
gross_margin_pct_complementary,FY2022,20,USD m,"https://www.sec.gov/Archives/edgar/data/1929561/000192956124000025/rxoq42023pressrelease.htm | RXO earnings release (Ex.99.1) for Q4/23, T6 (GM: Gross margin as a percentage of revenue; row 'Complementary services'), column YTDprior",Latest-filed value used (release Q4/23); originally reported 20.3 in Q4/22 release
gross_margin_pct_complementary,Q1/23,20.8,USD m,"https://www.sec.gov/Archives/edgar/data/1929561/000192956124000075/rxo2024q1pressrelease.htm | RXO earnings release (Ex.99.1) for Q1/24, T6 (GM: Gross margin as a percentage of revenue; row 'Complementary services'), column Qprior",Latest-filed value used (release Q1/24); originally reported 21.1 in Q1/23 release
gross_margin_pct_complementary,Q2/23,21.3,USD m,"https://www.sec.gov/Archives/edgar/data/1929561/000192956124000098/rxo2024q2pressrelease.htm | RXO earnings release (Ex.99.1) for Q2/24, T6 (GM: Gross margin as a percentage of revenue; row 'Complementary services'), column Qprior",
gross_margin_pct_complementary,Q3/23,20,USD m,"https://www.sec.gov/Archives/edgar/data/1929561/000192956124000123/rxo2024q3pressrelease.htm | RXO earnings release (Ex.99.1) for Q3/24, T6 (GM: Gross margin as a percentage of revenue; row 'Complementary services'), column Qprior",
gross_margin_pct_complementary,Q4/23,20.9,USD m,"https://www.sec.gov/Archives/edgar/data/1929561/000192956125000029/rxoq42024pressrelease.htm | RXO earnings release (Ex.99.1) for Q4/24, T6 (GM: Gross margin as a percentage of revenue; row 'Complementary services'), column Qprior",
gross_margin_pct_complementary,FY2023,20.8,USD m,"https://www.sec.gov/Archives/edgar/data/1929561/000192956125000029/rxoq42024pressrelease.htm | RXO earnings release (Ex.99.1) for Q4/24, T6 (GM: Gross margin as a percentage of revenue; row 'Complementary services'), column YTDprior",
gross_margin_pct_complementary,Q1/24,20.6,USD m,"https://www.sec.gov/Archives/edgar/data/1929561/000192956125000078/rxo2025q1pressrelease.htm | RXO earnings release (Ex.99.1) for Q1/25, T6 (GM: Gross margin as a percentage of revenue; row 'Complementary services'), column Qprior",
gross_margin_pct_complementary,Q2/24,23,USD m,"https://www.sec.gov/Archives/edgar/data/1929561/000192956125000096/rxo2025q2pressrelease.htm | RXO earnings release (Ex.99.1) for Q2/25, T6 (GM: Gross margin as a percentage of revenue; row 'Complementary services'), column Qprior",
gross_margin_pct_complementary,Q3/24,21.5,USD m,"https://www.sec.gov/Archives/edgar/data/1929561/000192956125000110/rxo2025q3pressrelease.htm | RXO earnings release (Ex.99.1) for Q3/25, T6 (GM: Gross margin as a percentage of revenue; row 'Complementary services'), column Qprior",
gross_margin_pct_complementary,Q4/24,21.1,USD m,"https://www.sec.gov/Archives/edgar/data/1929561/000192956126000006/rxoq42025pressrelease.htm | RXO earnings release (Ex.99.1) for Q4/25, T6 (GM: Gross margin as a percentage of revenue; row 'Complementary services'), column Qprior",
gross_margin_pct_complementary,FY2024,21.6,USD m,"https://www.sec.gov/Archives/edgar/data/1929561/000192956126000006/rxoq42025pressrelease.htm | RXO earnings release (Ex.99.1) for Q4/25, T6 (GM: Gross margin as a percentage of revenue; row 'Complementary services'), column YTDprior",
gross_margin_pct_complementary,Q1/25,21,USD m,"https://www.sec.gov/Archives/edgar/data/1929561/000192956126000023/rxo2026q1pressrelease.htm | RXO earnings release (Ex.99.1) for Q1/26, T6 (GM: Gross margin as a percentage of revenue; row 'Complementary services'), column Qprior",
gross_margin_pct_complementary,Q2/25,22.8,USD m,"https://www.sec.gov/Archives/edgar/data/1929561/000192956126000033/rxo2026q2pressrelease.htm | RXO earnings release (Ex.99.1) for Q2/26, T6 (GM: Gross margin as a percentage of revenue; row 'Complementary services'), column Qprior",
gross_margin_pct_complementary,Q3/25,21.3,USD m,"https://www.sec.gov/Archives/edgar/data/1929561/000192956125000110/rxo2025q3pressrelease.htm | RXO earnings release (Ex.99.1) for Q3/25, T6 (GM: Gross margin as a percentage of revenue; row 'Complementary services'), column Qcur",
gross_margin_pct_complementary,Q4/25,20.2,USD m,"https://www.sec.gov/Archives/edgar/data/1929561/000192956126000006/rxoq42025pressrelease.htm | RXO earnings release (Ex.99.1) for Q4/25, T6 (GM: Gross margin as a percentage of revenue; row 'Complementary services'), column Qcur",
gross_margin_pct_complementary,FY2025,21.3,USD m,"https://www.sec.gov/Archives/edgar/data/1929561/000192956126000006/rxoq42025pressrelease.htm | RXO earnings release (Ex.99.1) for Q4/25, T6 (GM: Gross margin as a percentage of revenue; row 'Complementary services'), column YTDcur",
gross_margin_pct_complementary,Q1/26,19.8,USD m,"https://www.sec.gov/Archives/edgar/data/1929561/000192956126000023/rxo2026q1pressrelease.htm | RXO earnings release (Ex.99.1) for Q1/26, T6 (GM: Gross margin as a percentage of revenue; row 'Complementary services'), column Qcur",
gross_margin_pct_complementary,Q2/26,21.1,USD m,"https://www.sec.gov/Archives/edgar/data/1929561/000192956126000033/rxo2026q2pressrelease.htm | RXO earnings release (Ex.99.1) for Q2/26, T6 (GM: Gross margin as a percentage of revenue; row 'Complementary services'), column Qcur",
impairment,FY2021,0,USD m,Derived: no impairment line on P&L face for this period,Only goodwill impairment on face: $12m in Q4/25. Operating lease impairments are within restructuring/SG&A
impairment,Q1/22,0,USD m,Derived: no impairment line on P&L face for this period,Only goodwill impairment on face: $12m in Q4/25. Operating lease impairments are within restructuring/SG&A
impairment,Q2/22,0,USD m,Derived: no impairment line on P&L face for this period,Only goodwill impairment on face: $12m in Q4/25. Operating lease impairments are within restructuring/SG&A
impairment,Q3/22,0,USD m,Derived: no impairment line on P&L face for this period,Only goodwill impairment on face: $12m in Q4/25. Operating lease impairments are within restructuring/SG&A
impairment,Q4/22,0,USD m,Derived: no impairment line on P&L face for this period,Only goodwill impairment on face: $12m in Q4/25. Operating lease impairments are within restructuring/SG&A
impairment,FY2022,0,USD m,Derived: no impairment line on P&L face for this period,Only goodwill impairment on face: $12m in Q4/25. Operating lease impairments are within restructuring/SG&A
impairment,Q1/23,0,USD m,Derived: no impairment line on P&L face for this period,Only goodwill impairment on face: $12m in Q4/25. Operating lease impairments are within restructuring/SG&A
impairment,Q2/23,0,USD m,Derived: no impairment line on P&L face for this period,Only goodwill impairment on face: $12m in Q4/25. Operating lease impairments are within restructuring/SG&A
impairment,Q3/23,0,USD m,Derived: no impairment line on P&L face for this period,Only goodwill impairment on face: $12m in Q4/25. Operating lease impairments are within restructuring/SG&A
impairment,Q4/23,0,USD m,Derived: no impairment line on P&L face for this period,Only goodwill impairment on face: $12m in Q4/25. Operating lease impairments are within restructuring/SG&A
impairment,FY2023,0,USD m,Derived: no impairment line on P&L face for this period,Only goodwill impairment on face: $12m in Q4/25. Operating lease impairments are within restructuring/SG&A
impairment,Q1/24,0,USD m,Derived: no impairment line on P&L face for this period,Only goodwill impairment on face: $12m in Q4/25. Operating lease impairments are within restructuring/SG&A
impairment,Q2/24,0,USD m,Derived: no impairment line on P&L face for this period,Only goodwill impairment on face: $12m in Q4/25. Operating lease impairments are within restructuring/SG&A
impairment,Q3/24,0,USD m,Derived: no impairment line on P&L face for this period,Only goodwill impairment on face: $12m in Q4/25. Operating lease impairments are within restructuring/SG&A
impairment,Q4/24,0,USD m,"https://www.sec.gov/Archives/edgar/data/1929561/000192956126000006/rxoq42025pressrelease.htm | RXO earnings release (Ex.99.1) for Q4/25, T0 (PL: (Dollars in millions, shares in thousand; row 'Goodwill impairment'), column Qprior",
impairment,FY2024,0,USD m,"https://www.sec.gov/Archives/edgar/data/1929561/000192956126000006/rxoq42025pressrelease.htm | RXO earnings release (Ex.99.1) for Q4/25, T0 (PL: (Dollars in millions, shares in thousand; row 'Goodwill impairment'), column YTDprior",
impairment,Q1/25,0,USD m,Derived: no impairment line on P&L face for this period,Only goodwill impairment on face: $12m in Q4/25. Operating lease impairments are within restructuring/SG&A
impairment,Q2/25,0,USD m,Derived: no impairment line on P&L face for this period,Only goodwill impairment on face: $12m in Q4/25. Operating lease impairments are within restructuring/SG&A
impairment,Q3/25,0,USD m,Derived: no impairment line on P&L face for this period,Only goodwill impairment on face: $12m in Q4/25. Operating lease impairments are within restructuring/SG&A
impairment,Q4/25,12,USD m,"https://www.sec.gov/Archives/edgar/data/1929561/000192956126000006/rxoq42025pressrelease.htm | RXO earnings release (Ex.99.1) for Q4/25, T0 (PL: (Dollars in millions, shares in thousand; row 'Goodwill impairment'), column Qcur",
impairment,FY2025,12,USD m,"https://www.sec.gov/Archives/edgar/data/1929561/000192956126000006/rxoq42025pressrelease.htm | RXO earnings release (Ex.99.1) for Q4/25, T0 (PL: (Dollars in millions, shares in thousand; row 'Goodwill impairment'), column YTDcur",
impairment,Q1/26,0,USD m,Derived: no impairment line on P&L face for this period,Only goodwill impairment on face: $12m in Q4/25. Operating lease impairments are within restructuring/SG&A
impairment,Q2/26,0,USD m,Derived: no impairment line on P&L face for this period,Only goodwill impairment on face: $12m in Q4/25. Operating lease impairments are within restructuring/SG&A
intangibles_net,FY2021,100,USD m,"https://www.sec.gov/Archives/edgar/data/1929561/000192956123000023/rxoq42022pressrelease.htm | RXO earnings release (Ex.99.1) for Q4/22, T1 (BS: Long-term assets; row 'Identifiable intangible assets, net of $106 and $217 in accu'), column BSprior",
intangibles_net,Q2/22,90,USD m,"https://www.sec.gov/Archives/edgar/data/1929561/000162828022026335/exhibit991-form10a.htm | Form 10/A information statement (Ex.99.1), unaudited condensed combined balance sheet as of June 30, 2022",
intangibles_net,Q3/22,85,USD m,"https://www.sec.gov/Archives/edgar/data/1929561/000192956122000022/rxo-20220930.htm | Form 10-Q Q3 2022, Condensed Combined Balance Sheet (Sept 30, 2022)",
intangibles_net,Q4/22,79,USD m,"https://www.sec.gov/Archives/edgar/data/1929561/000192956124000025/rxoq42023pressrelease.htm | RXO earnings release (Ex.99.1) for Q4/23, T1 (BS: Long-term assets; row 'Identifiable intangible assets, net of $118 and $106 in accu'), column BSprior",Year-end balance (same as FY2022)
intangibles_net,FY2022,79,USD m,"https://www.sec.gov/Archives/edgar/data/1929561/000192956124000025/rxoq42023pressrelease.htm | RXO earnings release (Ex.99.1) for Q4/23, T1 (BS: Long-term assets; row 'Identifiable intangible assets, net of $118 and $106 in accu'), column BSprior",
intangibles_net,Q1/23,76,USD m,"https://www.sec.gov/Archives/edgar/data/1929561/000192956123000054/rxoq12023pressrelease.htm | RXO earnings release (Ex.99.1) for Q1/23, T1 (BS: Long-term assets; row 'Identifiable intangible assets, net of $110 and $106 in accu'), column BScur",
intangibles_net,Q2/23,73,USD m,"https://www.sec.gov/Archives/edgar/data/1929561/000192956123000069/rxo2023q2pressrelease.htm | RXO earnings release (Ex.99.1) for Q2/23, T1 (BS: Long-term assets; row 'Identifiable intangible assets, net of $113 and $106 in accu'), column BScur",
intangibles_net,Q3/23,72,USD m,"https://www.sec.gov/Archives/edgar/data/1929561/000192956123000090/rxo2023q3pressrelease.htm | RXO earnings release (Ex.99.1) for Q3/23, T1 (BS: Long-term assets; row 'Identifiable intangible assets, net of $116 and $106 in accu'), column BScur",
intangibles_net,Q4/23,68,USD m,"https://www.sec.gov/Archives/edgar/data/1929561/000192956125000029/rxoq42024pressrelease.htm | RXO earnings release (Ex.99.1) for Q4/24, T1 (BS: Long-term assets; row 'Identifiable intangible assets, net of $146 and $118 in accu'), column BSprior",Year-end balance (same as FY2023)
intangibles_net,FY2023,68,USD m,"https://www.sec.gov/Archives/edgar/data/1929561/000192956125000029/rxoq42024pressrelease.htm | RXO earnings release (Ex.99.1) for Q4/24, T1 (BS: Long-term assets; row 'Identifiable intangible assets, net of $146 and $118 in accu'), column BSprior",
intangibles_net,Q1/24,65,USD m,"https://www.sec.gov/Archives/edgar/data/1929561/000192956124000075/rxo2024q1pressrelease.htm | RXO earnings release (Ex.99.1) for Q1/24, T1 (BS: Long-term assets; row 'Identifiable intangible assets, net of $121 and $118 in accu'), column BScur",
intangibles_net,Q2/24,62,USD m,"https://www.sec.gov/Archives/edgar/data/1929561/000192956124000098/rxo2024q2pressrelease.htm | RXO earnings release (Ex.99.1) for Q2/24, T1 (BS: Long-term assets; row 'Identifiable intangible assets, net of $124 and $118 in accu'), column BScur",
intangibles_net,Q3/24,565,USD m,"https://www.sec.gov/Archives/edgar/data/1929561/000192956124000123/rxo2024q3pressrelease.htm | RXO earnings release (Ex.99.1) for Q3/24, T1 (BS: Long-term assets; row 'Identifiable intangible assets, net of $130 and $118 in accu'), column BScur",
intangibles_net,Q4/24,499,USD m,"https://www.sec.gov/Archives/edgar/data/1929561/000192956126000006/rxoq42025pressrelease.htm | RXO earnings release (Ex.99.1) for Q4/25, T1 (BS: Long-term assets; row 'Identifiable intangible assets, net of $164 and $146 in accu'), column BSprior",Year-end balance (same as FY2024)
intangibles_net,FY2024,499,USD m,"https://www.sec.gov/Archives/edgar/data/1929561/000192956126000006/rxoq42025pressrelease.htm | RXO earnings release (Ex.99.1) for Q4/25, T1 (BS: Long-term assets; row 'Identifiable intangible assets, net of $164 and $146 in accu'), column BSprior",
intangibles_net,Q1/25,484,USD m,"https://www.sec.gov/Archives/edgar/data/1929561/000192956125000078/rxo2025q1pressrelease.htm | RXO earnings release (Ex.99.1) for Q1/25, T1 (BS: Long-term assets; row 'Identifiable intangible assets, net of $134 and $146 in accu'), column BScur",
intangibles_net,Q2/25,474,USD m,"https://www.sec.gov/Archives/edgar/data/1929561/000192956125000096/rxo2025q2pressrelease.htm | RXO earnings release (Ex.99.1) for Q2/25, T1 (BS: Long-term assets; row 'Identifiable intangible assets, net of $144 and $146 in accu'), column BScur",
intangibles_net,Q3/25,463,USD m,"https://www.sec.gov/Archives/edgar/data/1929561/000192956125000110/rxo2025q3pressrelease.htm | RXO earnings release (Ex.99.1) for Q3/25, T1 (BS: Long-term assets; row 'Identifiable intangible assets, net of $153 and $146 in accu'), column BScur",
intangibles_net,Q4/25,453,USD m,"https://www.sec.gov/Archives/edgar/data/1929561/000192956126000033/rxo2026q2pressrelease.htm | RXO earnings release (Ex.99.1) for Q2/26, T1 (BS: Long-term assets; row 'Identifiable intangible assets, net of $184 and $164 in accu'), column BSprior",Year-end balance (same as FY2025)
intangibles_net,FY2025,453,USD m,"https://www.sec.gov/Archives/edgar/data/1929561/000192956126000033/rxo2026q2pressrelease.htm | RXO earnings release (Ex.99.1) for Q2/26, T1 (BS: Long-term assets; row 'Identifiable intangible assets, net of $184 and $164 in accu'), column BSprior",
intangibles_net,Q1/26,442,USD m,"https://www.sec.gov/Archives/edgar/data/1929561/000192956126000023/rxo2026q1pressrelease.htm | RXO earnings release (Ex.99.1) for Q1/26, T1 (BS: Long-term assets; row 'Identifiable intangible assets, net of $174 and $164 in accu'), column BScur",
intangibles_net,Q2/26,432,USD m,"https://www.sec.gov/Archives/edgar/data/1929561/000192956126000033/rxo2026q2pressrelease.htm | RXO earnings release (Ex.99.1) for Q2/26, T1 (BS: Long-term assets; row 'Identifiable intangible assets, net of $184 and $164 in accu'), column BScur",
interest_expense,FY2021,0,USD m,"https://www.sec.gov/Archives/edgar/data/1929561/000192956123000023/rxoq42022pressrelease.htm | RXO earnings release (Ex.99.1) for Q4/22, T0 (PL: (Dollars in millions, shares in thousand; row 'Interest expense, net'), column YTDprior",
interest_expense,Q1/22,0,USD m,"https://www.sec.gov/Archives/edgar/data/1929561/000192956123000054/rxoq12023pressrelease.htm | RXO earnings release (Ex.99.1) for Q1/23, T0 (PL: (Dollars in millions, shares in thousand; row 'Interest expense, net'), column Qprior",
interest_expense,Q2/22,0,USD m,"https://www.sec.gov/Archives/edgar/data/1929561/000192956123000069/rxo2023q2pressrelease.htm | RXO earnings release (Ex.99.1) for Q2/23, T0 (PL: (Dollars in millions, shares in thousand; row 'Interest expense, net'), column Qprior",
interest_expense,Q3/22,-1,USD m,"https://www.sec.gov/Archives/edgar/data/1929561/000192956123000090/rxo2023q3pressrelease.htm | RXO earnings release (Ex.99.1) for Q3/23, T0 (PL: (Dollars in millions, shares in thousand; row 'Interest expense (income), net'), column Qprior",
interest_expense,Q4/22,5,USD m,"https://www.sec.gov/Archives/edgar/data/1929561/000192956124000025/rxoq42023pressrelease.htm | RXO earnings release (Ex.99.1) for Q4/23, T0 (PL: 2023; row 'Interest expense, net'), column Qprior",
interest_expense,FY2022,4,USD m,"https://www.sec.gov/Archives/edgar/data/1929561/000192956124000025/rxoq42023pressrelease.htm | RXO earnings release (Ex.99.1) for Q4/23, T0 (PL: 2023; row 'Interest expense, net'), column YTDprior",
interest_expense,Q1/23,8,USD m,"https://www.sec.gov/Archives/edgar/data/1929561/000192956124000075/rxo2024q1pressrelease.htm | RXO earnings release (Ex.99.1) for Q1/24, T0 (PL: (Dollars in millions, shares in thousand; row 'Interest expense, net'), column Qprior",
interest_expense,Q2/23,8,USD m,"https://www.sec.gov/Archives/edgar/data/1929561/000192956124000098/rxo2024q2pressrelease.htm | RXO earnings release (Ex.99.1) for Q2/24, T0 (PL: (Dollars in millions, shares in thousand; row 'Interest expense, net'), column Qprior",
interest_expense,Q3/23,8,USD m,"https://www.sec.gov/Archives/edgar/data/1929561/000192956124000123/rxo2024q3pressrelease.htm | RXO earnings release (Ex.99.1) for Q3/24, T0 (PL: (Dollars in millions, shares in thousand; row 'Interest expense, net'), column Qprior",
interest_expense,Q4/23,8,USD m,"https://www.sec.gov/Archives/edgar/data/1929561/000192956125000029/rxoq42024pressrelease.htm | RXO earnings release (Ex.99.1) for Q4/24, T0 (PL: (Dollars in millions, shares in thousand; row 'Interest expense, net'), column Qprior",
interest_expense,FY2023,32,USD m,"https://www.sec.gov/Archives/edgar/data/1929561/000192956125000029/rxoq42024pressrelease.htm | RXO earnings release (Ex.99.1) for Q4/24, T0 (PL: (Dollars in millions, shares in thousand; row 'Interest expense, net'), column YTDprior",
interest_expense,Q1/24,8,USD m,"https://www.sec.gov/Archives/edgar/data/1929561/000192956125000078/rxo2025q1pressrelease.htm | RXO earnings release (Ex.99.1) for Q1/25, T0 (PL: (Dollars in millions, shares in thousand; row 'Interest expense, net'), column Qprior",
interest_expense,Q2/24,8,USD m,"https://www.sec.gov/Archives/edgar/data/1929561/000192956125000096/rxo2025q2pressrelease.htm | RXO earnings release (Ex.99.1) for Q2/25, T0 (PL: (Dollars in millions, shares in thousand; row 'Interest expense, net'), column Qprior",
interest_expense,Q3/24,6,USD m,"https://www.sec.gov/Archives/edgar/data/1929561/000192956125000110/rxo2025q3pressrelease.htm | RXO earnings release (Ex.99.1) for Q3/25, T0 (PL: (Dollars in millions, shares in thousand; row 'Interest expense, net'), column Qprior",
interest_expense,Q4/24,8,USD m,"https://www.sec.gov/Archives/edgar/data/1929561/000192956126000006/rxoq42025pressrelease.htm | RXO earnings release (Ex.99.1) for Q4/25, T0 (PL: (Dollars in millions, shares in thousand; row 'Interest expense, net'), column Qprior",
interest_expense,FY2024,30,USD m,"https://www.sec.gov/Archives/edgar/data/1929561/000192956126000006/rxoq42025pressrelease.htm | RXO earnings release (Ex.99.1) for Q4/25, T0 (PL: (Dollars in millions, shares in thousand; row 'Interest expense, net'), column YTDprior",
interest_expense,Q1/25,9,USD m,"https://www.sec.gov/Archives/edgar/data/1929561/000192956126000023/rxo2026q1pressrelease.htm | RXO earnings release (Ex.99.1) for Q1/26, T0 (PL: (Dollars in millions, shares in thousand; row 'Interest expense, net'), column Qprior",
interest_expense,Q2/25,8,USD m,"https://www.sec.gov/Archives/edgar/data/1929561/000192956126000033/rxo2026q2pressrelease.htm | RXO earnings release (Ex.99.1) for Q2/26, T0 (PL: (Dollars in millions, shares in thousand; row 'Interest expense, net'), column Qprior",
interest_expense,Q3/25,9,USD m,"https://www.sec.gov/Archives/edgar/data/1929561/000192956125000110/rxo2025q3pressrelease.htm | RXO earnings release (Ex.99.1) for Q3/25, T0 (PL: (Dollars in millions, shares in thousand; row 'Interest expense, net'), column Qcur",
interest_expense,Q4/25,9,USD m,"https://www.sec.gov/Archives/edgar/data/1929561/000192956126000006/rxoq42025pressrelease.htm | RXO earnings release (Ex.99.1) for Q4/25, T0 (PL: (Dollars in millions, shares in thousand; row 'Interest expense, net'), column Qcur",
interest_expense,FY2025,35,USD m,"https://www.sec.gov/Archives/edgar/data/1929561/000192956126000006/rxoq42025pressrelease.htm | RXO earnings release (Ex.99.1) for Q4/25, T0 (PL: (Dollars in millions, shares in thousand; row 'Interest expense, net'), column YTDcur",
interest_expense,Q1/26,9,USD m,"https://www.sec.gov/Archives/edgar/data/1929561/000192956126000023/rxo2026q1pressrelease.htm | RXO earnings release (Ex.99.1) for Q1/26, T0 (PL: (Dollars in millions, shares in thousand; row 'Interest expense, net'), column Qcur",
interest_expense,Q2/26,9,USD m,"https://www.sec.gov/Archives/edgar/data/1929561/000192956126000033/rxo2026q2pressrelease.htm | RXO earnings release (Ex.99.1) for Q2/26, T0 (PL: (Dollars in millions, shares in thousand; row 'Interest expense, net'), column Qcur",
interest_expense,LTM_Q2/26,36,USD m,Derived: sum of Q3/25+Q4/25+Q1/26+Q2/26 three-month figures,LTM to 30-Jun-2026
interest_expense,LTM_Q2/25,31,USD m,Derived: sum of Q3/24..Q2/25 three-month figures,LTM to 30-Jun-2025
long_term_debt,FY2021,0,USD m,"https://www.sec.gov/Archives/edgar/data/1929561/000192956123000023/rxoq42022pressrelease.htm | RXO earnings release (Ex.99.1) for Q4/22, T1 (BS: Long-term liabilities; row 'Long-term debt and obligations under finance leases'), column BSprior",
long_term_debt,Q2/22,0,USD m,https://www.sec.gov/Archives/edgar/data/1929561/000162828022026335/exhibit991-form10a.htm | Form 10/A capitalization table (historical) 'Long-term debt',Pre-spin: no debt
long_term_debt,Q3/22,6,USD m,"https://www.sec.gov/Archives/edgar/data/1929561/000192956122000022/rxo-20220930.htm | Form 10-Q Q3 2022, Condensed Combined Balance Sheet (Sept 30, 2022)",
long_term_debt,Q4/22,451,USD m,"https://www.sec.gov/Archives/edgar/data/1929561/000192956124000025/rxoq42023pressrelease.htm | RXO earnings release (Ex.99.1) for Q4/23, T1 (BS: Long-term liabilities; row 'Long-term debt and obligations under finance leases'), column BSprior",Year-end balance (same as FY2022)
long_term_debt,FY2022,451,USD m,"https://www.sec.gov/Archives/edgar/data/1929561/000192956124000025/rxoq42023pressrelease.htm | RXO earnings release (Ex.99.1) for Q4/23, T1 (BS: Long-term liabilities; row 'Long-term debt and obligations under finance leases'), column BSprior",
long_term_debt,Q1/23,451,USD m,"https://www.sec.gov/Archives/edgar/data/1929561/000192956123000054/rxoq12023pressrelease.htm | RXO earnings release (Ex.99.1) for Q1/23, T1 (BS: Long-term liabilities; row 'Long-term debt and obligations under finance leases'), column BScur",
long_term_debt,Q2/23,451,USD m,"https://www.sec.gov/Archives/edgar/data/1929561/000192956123000069/rxo2023q2pressrelease.htm | RXO earnings release (Ex.99.1) for Q2/23, T1 (BS: Long-term liabilities; row 'Long-term debt and obligations under finance leases'), column BScur",
long_term_debt,Q3/23,451,USD m,"https://www.sec.gov/Archives/edgar/data/1929561/000192956123000090/rxo2023q3pressrelease.htm | RXO earnings release (Ex.99.1) for Q3/23, T1 (BS: Long-term liabilities; row 'Long-term debt and obligations under finance leases'), column BScur",
long_term_debt,Q4/23,356,USD m,"https://www.sec.gov/Archives/edgar/data/1929561/000192956125000029/rxoq42024pressrelease.htm | RXO earnings release (Ex.99.1) for Q4/24, T1 (BS: Long-term liabilities; row 'Long-term debt and obligations under finance leases'), column BSprior",Year-end balance (same as FY2023)
long_term_debt,FY2023,356,USD m,"https://www.sec.gov/Archives/edgar/data/1929561/000192956125000029/rxoq42024pressrelease.htm | RXO earnings release (Ex.99.1) for Q4/24, T1 (BS: Long-term liabilities; row 'Long-term debt and obligations under finance leases'), column BSprior",
long_term_debt,Q1/24,351,USD m,"https://www.sec.gov/Archives/edgar/data/1929561/000192956124000075/rxo2024q1pressrelease.htm | RXO earnings release (Ex.99.1) for Q1/24, T1 (BS: Long-term liabilities; row 'Long-term debt and obligations under finance leases'), column BScur",
long_term_debt,Q2/24,370,USD m,"https://www.sec.gov/Archives/edgar/data/1929561/000192956124000098/rxo2024q2pressrelease.htm | RXO earnings release (Ex.99.1) for Q2/24, T1 (BS: Long-term liabilities; row 'Long-term debt and obligations under finance leases'), column BScur",
long_term_debt,Q3/24,352,USD m,"https://www.sec.gov/Archives/edgar/data/1929561/000192956124000123/rxo2024q3pressrelease.htm | RXO earnings release (Ex.99.1) for Q3/24, T1 (BS: Long-term liabilities; row 'Long-term debt and obligations under finance leases'), column BScur",
long_term_debt,Q4/24,351,USD m,"https://www.sec.gov/Archives/edgar/data/1929561/000192956126000006/rxoq42025pressrelease.htm | RXO earnings release (Ex.99.1) for Q4/25, T1 (BS: Long-term liabilities; row 'Long-term debt and obligations under finance leases'), column BSprior",Year-end balance (same as FY2024)
long_term_debt,FY2024,351,USD m,"https://www.sec.gov/Archives/edgar/data/1929561/000192956126000006/rxoq42025pressrelease.htm | RXO earnings release (Ex.99.1) for Q4/25, T1 (BS: Long-term liabilities; row 'Long-term debt and obligations under finance leases'), column BSprior",
long_term_debt,Q1/25,387,USD m,"https://www.sec.gov/Archives/edgar/data/1929561/000192956125000078/rxo2025q1pressrelease.htm | RXO earnings release (Ex.99.1) for Q1/25, T1 (BS: Long-term liabilities; row 'Long-term debt and obligations under finance leases'), column BScur",
long_term_debt,Q2/25,387,USD m,"https://www.sec.gov/Archives/edgar/data/1929561/000192956125000096/rxo2025q2pressrelease.htm | RXO earnings release (Ex.99.1) for Q2/25, T1 (BS: Long-term liabilities; row 'Long-term debt and obligations under finance leases'), column BScur",
long_term_debt,Q3/25,387,USD m,"https://www.sec.gov/Archives/edgar/data/1929561/000192956125000110/rxo2025q3pressrelease.htm | RXO earnings release (Ex.99.1) for Q3/25, T1 (BS: Long-term liabilities; row 'Long-term debt and obligations under finance leases'), column BScur",
long_term_debt,Q4/25,387,USD m,"https://www.sec.gov/Archives/edgar/data/1929561/000192956126000033/rxo2026q2pressrelease.htm | RXO earnings release (Ex.99.1) for Q2/26, T1 (BS: Long-term liabilities; row 'Long-term debt and obligations under finance leases'), column BSprior",Year-end balance (same as FY2025)
long_term_debt,FY2025,387,USD m,"https://www.sec.gov/Archives/edgar/data/1929561/000192956126000033/rxo2026q2pressrelease.htm | RXO earnings release (Ex.99.1) for Q2/26, T1 (BS: Long-term liabilities; row 'Long-term debt and obligations under finance leases'), column BSprior",
long_term_debt,Q1/26,430,USD m,"https://www.sec.gov/Archives/edgar/data/1929561/000192956126000023/rxo2026q1pressrelease.htm | RXO earnings release (Ex.99.1) for Q1/26, T1 (BS: Long-term liabilities; row 'Long-term debt and obligations under finance leases'), column BScur",
long_term_debt,Q2/26,459,USD m,"https://www.sec.gov/Archives/edgar/data/1929561/000192956126000033/rxo2026q2pressrelease.htm | RXO earnings release (Ex.99.1) for Q2/26, T1 (BS: Long-term liabilities; row 'Long-term debt and obligations under finance leases'), column BScur",
net_debt,FY2021,-29,USD m,"Derived: short_term_debt + long_term_debt (carrying, incl. finance leases) - cash",Excludes operating lease liabilities
net_debt,Q2/22,-212,USD m,"Derived: short_term_debt + long_term_debt (carrying, incl. finance leases) - cash",Excludes operating lease liabilities
net_debt,Q3/22,-176,USD m,"Derived: short_term_debt + long_term_debt (carrying, incl. finance leases) - cash",Excludes operating lease liabilities
net_debt,Q4/22,357,USD m,"Derived: short_term_debt + long_term_debt (carrying, incl. finance leases) - cash",Year-end balance (same as FY2022)
net_debt,FY2022,357,USD m,"Derived: short_term_debt + long_term_debt (carrying, incl. finance leases) - cash",Excludes operating lease liabilities
net_debt,Q1/23,334,USD m,"Derived: short_term_debt + long_term_debt (carrying, incl. finance leases) - cash",Excludes operating lease liabilities
net_debt,Q2/23,331,USD m,"Derived: short_term_debt + long_term_debt (carrying, incl. finance leases) - cash",Excludes operating lease liabilities
net_debt,Q3/23,350,USD m,"Derived: short_term_debt + long_term_debt (carrying, incl. finance leases) - cash",Excludes operating lease liabilities
net_debt,Q4/23,354,USD m,"Derived: short_term_debt + long_term_debt (carrying, incl. finance leases) - cash",Year-end balance (same as FY2023)
net_debt,FY2023,354,USD m,"Derived: short_term_debt + long_term_debt (carrying, incl. finance leases) - cash",Excludes operating lease liabilities
net_debt,Q1/24,360,USD m,"Derived: short_term_debt + long_term_debt (carrying, incl. finance leases) - cash",Excludes operating lease liabilities
net_debt,Q2/24,379,USD m,"Derived: short_term_debt + long_term_debt (carrying, incl. finance leases) - cash",Excludes operating lease liabilities
net_debt,Q3/24,312,USD m,"Derived: short_term_debt + long_term_debt (carrying, incl. finance leases) - cash",Excludes operating lease liabilities
net_debt,Q4/24,333,USD m,"Derived: short_term_debt + long_term_debt (carrying, incl. finance leases) - cash",Year-end balance (same as FY2024)
net_debt,FY2024,333,USD m,"Derived: short_term_debt + long_term_debt (carrying, incl. finance leases) - cash",Excludes operating lease liabilities
net_debt,Q1/25,388,USD m,"Derived: short_term_debt + long_term_debt (carrying, incl. finance leases) - cash",Excludes operating lease liabilities
net_debt,Q2/25,385,USD m,"Derived: short_term_debt + long_term_debt (carrying, incl. finance leases) - cash",Excludes operating lease liabilities
net_debt,Q3/25,378,USD m,"Derived: short_term_debt + long_term_debt (carrying, incl. finance leases) - cash",Excludes operating lease liabilities
net_debt,Q4/25,387,USD m,"Derived: short_term_debt + long_term_debt (carrying, incl. finance leases) - cash",Year-end balance (same as FY2025)
net_debt,FY2025,387,USD m,"Derived: short_term_debt + long_term_debt (carrying, incl. finance leases) - cash",Excludes operating lease liabilities
net_debt,Q1/26,426,USD m,"Derived: short_term_debt + long_term_debt (carrying, incl. finance leases) - cash",Excludes operating lease liabilities
net_debt,Q2/26,480,USD m,"Derived: short_term_debt + long_term_debt (carrying, incl. finance leases) - cash",Excludes operating lease liabilities
net_income,FY2021,150,USD m,"https://www.sec.gov/Archives/edgar/data/1929561/000192956123000023/rxoq42022pressrelease.htm | RXO earnings release (Ex.99.1) for Q4/22, T0 (PL: (Dollars in millions, shares in thousand; row 'Net income (loss)'), column YTDprior",
net_income,Q1/22,39,USD m,"https://www.sec.gov/Archives/edgar/data/1929561/000192956123000054/rxoq12023pressrelease.htm | RXO earnings release (Ex.99.1) for Q1/23, T0 (PL: (Dollars in millions, shares in thousand; row 'Net income'), column Qprior",
net_income,Q2/22,44,USD m,"https://www.sec.gov/Archives/edgar/data/1929561/000192956123000069/rxo2023q2pressrelease.htm | RXO earnings release (Ex.99.1) for Q2/23, T0 (PL: (Dollars in millions, shares in thousand; row 'Net income'), column Qprior",
net_income,Q3/22,13,USD m,"https://www.sec.gov/Archives/edgar/data/1929561/000192956123000090/rxo2023q3pressrelease.htm | RXO earnings release (Ex.99.1) for Q3/23, T0 (PL: (Dollars in millions, shares in thousand; row 'Net income (loss)'), column Qprior",
net_income,Q4/22,-4,USD m,"https://www.sec.gov/Archives/edgar/data/1929561/000192956124000025/rxoq42023pressrelease.htm | RXO earnings release (Ex.99.1) for Q4/23, T0 (PL: 2023; row 'Net income (loss)'), column Qprior",
net_income,FY2022,92,USD m,"https://www.sec.gov/Archives/edgar/data/1929561/000192956124000025/rxoq42023pressrelease.htm | RXO earnings release (Ex.99.1) for Q4/23, T0 (PL: 2023; row 'Net income (loss)'), column YTDprior",
net_income,Q1/23,0,USD m,"https://www.sec.gov/Archives/edgar/data/1929561/000192956124000075/rxo2024q1pressrelease.htm | RXO earnings release (Ex.99.1) for Q1/24, T0 (PL: (Dollars in millions, shares in thousand; row 'Net income (loss)'), column Qprior",
net_income,Q2/23,3,USD m,"https://www.sec.gov/Archives/edgar/data/1929561/000192956124000098/rxo2024q2pressrelease.htm | RXO earnings release (Ex.99.1) for Q2/24, T0 (PL: (Dollars in millions, shares in thousand; row 'Net income (loss)'), column Qprior",
net_income,Q3/23,-1,USD m,"https://www.sec.gov/Archives/edgar/data/1929561/000192956124000123/rxo2024q3pressrelease.htm | RXO earnings release (Ex.99.1) for Q3/24, T0 (PL: (Dollars in millions, shares in thousand; row 'Net income (loss)'), column Qprior",
net_income,Q4/23,2,USD m,"https://www.sec.gov/Archives/edgar/data/1929561/000192956125000029/rxoq42024pressrelease.htm | RXO earnings release (Ex.99.1) for Q4/24, T0 (PL: (Dollars in millions, shares in thousand; row 'Net income (loss)'), column Qprior",
net_income,FY2023,4,USD m,"https://www.sec.gov/Archives/edgar/data/1929561/000192956125000029/rxoq42024pressrelease.htm | RXO earnings release (Ex.99.1) for Q4/24, T0 (PL: (Dollars in millions, shares in thousand; row 'Net income (loss)'), column YTDprior",
net_income,Q1/24,-15,USD m,"https://www.sec.gov/Archives/edgar/data/1929561/000192956125000078/rxo2025q1pressrelease.htm | RXO earnings release (Ex.99.1) for Q1/25, T0 (PL: (Dollars in millions, shares in thousand; row 'Net loss'), column Qprior",
net_income,Q2/24,-7,USD m,"https://www.sec.gov/Archives/edgar/data/1929561/000192956125000096/rxo2025q2pressrelease.htm | RXO earnings release (Ex.99.1) for Q2/25, T0 (PL: (Dollars in millions, shares in thousand; row 'Net loss'), column Qprior",
net_income,Q3/24,-243,USD m,"https://www.sec.gov/Archives/edgar/data/1929561/000192956125000110/rxo2025q3pressrelease.htm | RXO earnings release (Ex.99.1) for Q3/25, T0 (PL: (Dollars in millions, shares in thousand; row 'Net loss'), column Qprior",
net_income,Q4/24,-25,USD m,"https://www.sec.gov/Archives/edgar/data/1929561/000192956126000006/rxoq42025pressrelease.htm | RXO earnings release (Ex.99.1) for Q4/25, T0 (PL: (Dollars in millions, shares in thousand; row 'Net loss'), column Qprior",Latest-filed value used (release Q4/25); originally reported -20 in Q4/24 release
net_income,FY2024,-290,USD m,"https://www.sec.gov/Archives/edgar/data/1929561/000192956126000006/rxoq42025pressrelease.htm | RXO earnings release (Ex.99.1) for Q4/25, T0 (PL: (Dollars in millions, shares in thousand; row 'Net loss'), column YTDprior",Latest-filed value used (release Q4/25); originally reported -285 in Q4/24 release
net_income,Q1/25,-31,USD m,"https://www.sec.gov/Archives/edgar/data/1929561/000192956126000023/rxo2026q1pressrelease.htm | RXO earnings release (Ex.99.1) for Q1/26, T0 (PL: (Dollars in millions, shares in thousand; row 'Net loss'), column Qprior",
net_income,Q2/25,-9,USD m,"https://www.sec.gov/Archives/edgar/data/1929561/000192956126000033/rxo2026q2pressrelease.htm | RXO earnings release (Ex.99.1) for Q2/26, T0 (PL: (Dollars in millions, shares in thousand; row 'Net loss'), column Qprior",
net_income,Q3/25,-14,USD m,"https://www.sec.gov/Archives/edgar/data/1929561/000192956125000110/rxo2025q3pressrelease.htm | RXO earnings release (Ex.99.1) for Q3/25, T0 (PL: (Dollars in millions, shares in thousand; row 'Net loss'), column Qcur",
net_income,Q4/25,-46,USD m,"https://www.sec.gov/Archives/edgar/data/1929561/000192956126000006/rxoq42025pressrelease.htm | RXO earnings release (Ex.99.1) for Q4/25, T0 (PL: (Dollars in millions, shares in thousand; row 'Net loss'), column Qcur",
net_income,FY2025,-100,USD m,"https://www.sec.gov/Archives/edgar/data/1929561/000192956126000006/rxoq42025pressrelease.htm | RXO earnings release (Ex.99.1) for Q4/25, T0 (PL: (Dollars in millions, shares in thousand; row 'Net loss'), column YTDcur",
net_income,Q1/26,-36,USD m,"https://www.sec.gov/Archives/edgar/data/1929561/000192956126000023/rxo2026q1pressrelease.htm | RXO earnings release (Ex.99.1) for Q1/26, T0 (PL: (Dollars in millions, shares in thousand; row 'Net loss'), column Qcur",
net_income,Q2/26,-9,USD m,"https://www.sec.gov/Archives/edgar/data/1929561/000192956126000033/rxo2026q2pressrelease.htm | RXO earnings release (Ex.99.1) for Q2/26, T0 (PL: (Dollars in millions, shares in thousand; row 'Net loss'), column Qcur",
net_income,LTM_Q2/26,-105,USD m,Derived: sum of Q3/25+Q4/25+Q1/26+Q2/26 three-month figures,LTM to 30-Jun-2026
net_income,LTM_Q2/25,-308,USD m,Derived: sum of Q3/24..Q2/25 three-month figures,LTM to 30-Jun-2025
non_us_revolvers_drawn,Q2/26,34,USD m,https://www.sec.gov/Archives/edgar/data/1929561/000192956126000036/rxo-20260630.htm | 10-Q Q2/26 Note 6: $13m (of ~$17m) + $21m (of ~$21m) classified as short-term debt,
op_income,FY2021,192,USD m,"https://www.sec.gov/Archives/edgar/data/1929561/000192956123000023/rxoq42022pressrelease.htm | RXO earnings release (Ex.99.1) for Q4/22, T0 (PL: (Dollars in millions, shares in thousand; row 'Operating income (loss)'), column YTDprior",
op_income,Q1/22,51,USD m,"https://www.sec.gov/Archives/edgar/data/1929561/000192956123000054/rxoq12023pressrelease.htm | RXO earnings release (Ex.99.1) for Q1/23, T0 (PL: (Dollars in millions, shares in thousand; row 'Operating income'), column Qprior",
op_income,Q2/22,58,USD m,"https://www.sec.gov/Archives/edgar/data/1929561/000192956123000069/rxo2023q2pressrelease.htm | RXO earnings release (Ex.99.1) for Q2/23, T0 (PL: (Dollars in millions, shares in thousand; row 'Operating income'), column Qprior",
op_income,Q3/22,15,USD m,"https://www.sec.gov/Archives/edgar/data/1929561/000192956123000090/rxo2023q3pressrelease.htm | RXO earnings release (Ex.99.1) for Q3/23, T0 (PL: (Dollars in millions, shares in thousand; row 'Operating income'), column Qprior",
op_income,Q4/22,-1,USD m,"https://www.sec.gov/Archives/edgar/data/1929561/000192956124000025/rxoq42023pressrelease.htm | RXO earnings release (Ex.99.1) for Q4/23, T0 (PL: 2023; row 'Operating income (loss)'), column Qprior",
op_income,FY2022,123,USD m,"https://www.sec.gov/Archives/edgar/data/1929561/000192956124000025/rxoq42023pressrelease.htm | RXO earnings release (Ex.99.1) for Q4/23, T0 (PL: 2023; row 'Operating income (loss)'), column YTDprior",
op_income,Q1/23,5,USD m,"https://www.sec.gov/Archives/edgar/data/1929561/000192956124000075/rxo2024q1pressrelease.htm | RXO earnings release (Ex.99.1) for Q1/24, T0 (PL: (Dollars in millions, shares in thousand; row 'Operating income (loss)'), column Qprior",
op_income,Q2/23,14,USD m,"https://www.sec.gov/Archives/edgar/data/1929561/000192956124000098/rxo2024q2pressrelease.htm | RXO earnings release (Ex.99.1) for Q2/24, T0 (PL: (Dollars in millions, shares in thousand; row 'Operating income (loss)'), column Qprior",
op_income,Q3/23,6,USD m,"https://www.sec.gov/Archives/edgar/data/1929561/000192956124000123/rxo2024q3pressrelease.htm | RXO earnings release (Ex.99.1) for Q3/24, T0 (PL: (Dollars in millions, shares in thousand; row 'Operating income (loss)'), column Qprior",
op_income,Q4/23,14,USD m,"https://www.sec.gov/Archives/edgar/data/1929561/000192956125000029/rxoq42024pressrelease.htm | RXO earnings release (Ex.99.1) for Q4/24, T0 (PL: (Dollars in millions, shares in thousand; row 'Operating income (loss)'), column Qprior",
op_income,FY2023,39,USD m,"https://www.sec.gov/Archives/edgar/data/1929561/000192956125000029/rxoq42024pressrelease.htm | RXO earnings release (Ex.99.1) for Q4/24, T0 (PL: (Dollars in millions, shares in thousand; row 'Operating income (loss)'), column YTDprior",
op_income,Q1/24,-12,USD m,"https://www.sec.gov/Archives/edgar/data/1929561/000192956125000078/rxo2025q1pressrelease.htm | RXO earnings release (Ex.99.1) for Q1/25, T0 (PL: (Dollars in millions, shares in thousand; row 'Operating loss'), column Qprior",
op_income,Q2/24,0,USD m,"https://www.sec.gov/Archives/edgar/data/1929561/000192956125000096/rxo2025q2pressrelease.htm | RXO earnings release (Ex.99.1) for Q2/25, T0 (PL: (Dollars in millions, shares in thousand; row 'Operating income (loss)'), column Qprior",
op_income,Q3/24,-20,USD m,"https://www.sec.gov/Archives/edgar/data/1929561/000192956125000110/rxo2025q3pressrelease.htm | RXO earnings release (Ex.99.1) for Q3/25, T0 (PL: (Dollars in millions, shares in thousand; row 'Operating loss'), column Qprior",
op_income,Q4/24,-24,USD m,"https://www.sec.gov/Archives/edgar/data/1929561/000192956126000006/rxoq42025pressrelease.htm | RXO earnings release (Ex.99.1) for Q4/25, T0 (PL: (Dollars in millions, shares in thousand; row 'Operating loss'), column Qprior",
op_income,FY2024,-56,USD m,"https://www.sec.gov/Archives/edgar/data/1929561/000192956126000006/rxoq42025pressrelease.htm | RXO earnings release (Ex.99.1) for Q4/25, T0 (PL: (Dollars in millions, shares in thousand; row 'Operating loss'), column YTDprior",
op_income,Q1/25,-30,USD m,"https://www.sec.gov/Archives/edgar/data/1929561/000192956126000023/rxo2026q1pressrelease.htm | RXO earnings release (Ex.99.1) for Q1/26, T0 (PL: (Dollars in millions, shares in thousand; row 'Operating loss'), column Qprior",
op_income,Q2/25,0,USD m,"https://www.sec.gov/Archives/edgar/data/1929561/000192956126000033/rxo2026q2pressrelease.htm | RXO earnings release (Ex.99.1) for Q2/26, T0 (PL: (Dollars in millions, shares in thousand; row 'Operating income (loss)'), column Qprior",
op_income,Q3/25,-7,USD m,"https://www.sec.gov/Archives/edgar/data/1929561/000192956125000110/rxo2025q3pressrelease.htm | RXO earnings release (Ex.99.1) for Q3/25, T0 (PL: (Dollars in millions, shares in thousand; row 'Operating loss'), column Qcur",
op_income,Q4/25,-42,USD m,"https://www.sec.gov/Archives/edgar/data/1929561/000192956126000006/rxoq42025pressrelease.htm | RXO earnings release (Ex.99.1) for Q4/25, T0 (PL: (Dollars in millions, shares in thousand; row 'Operating loss'), column Qcur",
op_income,FY2025,-79,USD m,"https://www.sec.gov/Archives/edgar/data/1929561/000192956126000006/rxoq42025pressrelease.htm | RXO earnings release (Ex.99.1) for Q4/25, T0 (PL: (Dollars in millions, shares in thousand; row 'Operating loss'), column YTDcur",
op_income,Q1/26,-28,USD m,"https://www.sec.gov/Archives/edgar/data/1929561/000192956126000023/rxo2026q1pressrelease.htm | RXO earnings release (Ex.99.1) for Q1/26, T0 (PL: (Dollars in millions, shares in thousand; row 'Operating loss'), column Qcur",
op_income,Q2/26,1,USD m,"https://www.sec.gov/Archives/edgar/data/1929561/000192956126000033/rxo2026q2pressrelease.htm | RXO earnings release (Ex.99.1) for Q2/26, T0 (PL: (Dollars in millions, shares in thousand; row 'Operating income (loss)'), column Qcur",
op_income,LTM_Q2/26,-76,USD m,Derived: sum of Q3/25+Q4/25+Q1/26+Q2/26 three-month figures,LTM to 30-Jun-2026
op_income,LTM_Q2/25,-74,USD m,Derived: sum of Q3/24..Q2/25 three-month figures,LTM to 30-Jun-2025
op_lease_liabilities_current,FY2021,42,USD m,"https://www.sec.gov/Archives/edgar/data/1929561/000192956123000023/rxoq42022pressrelease.htm | RXO earnings release (Ex.99.1) for Q4/22, T1 (BS: Current liabilities; row 'Short-term operating lease liabilities'), column BSprior",
op_lease_liabilities_current,Q2/22,47,USD m,"https://www.sec.gov/Archives/edgar/data/1929561/000162828022026335/exhibit991-form10a.htm | Form 10/A information statement (Ex.99.1), unaudited condensed combined balance sheet as of June 30, 2022",
op_lease_liabilities_current,Q3/22,47,USD m,"https://www.sec.gov/Archives/edgar/data/1929561/000192956122000022/rxo-20220930.htm | Form 10-Q Q3 2022, Condensed Combined Balance Sheet (Sept 30, 2022)",
op_lease_liabilities_current,Q4/22,48,USD m,"https://www.sec.gov/Archives/edgar/data/1929561/000192956124000025/rxoq42023pressrelease.htm | RXO earnings release (Ex.99.1) for Q4/23, T1 (BS: Current liabilities; row 'Short-term operating lease liabilities'), column BSprior",Year-end balance (same as FY2022)
op_lease_liabilities_current,FY2022,48,USD m,"https://www.sec.gov/Archives/edgar/data/1929561/000192956124000025/rxoq42023pressrelease.htm | RXO earnings release (Ex.99.1) for Q4/23, T1 (BS: Current liabilities; row 'Short-term operating lease liabilities'), column BSprior",
op_lease_liabilities_current,Q1/23,46,USD m,"https://www.sec.gov/Archives/edgar/data/1929561/000192956123000054/rxoq12023pressrelease.htm | RXO earnings release (Ex.99.1) for Q1/23, T1 (BS: Current liabilities; row 'Short-term operating lease liabilities'), column BScur",
op_lease_liabilities_current,Q2/23,48,USD m,"https://www.sec.gov/Archives/edgar/data/1929561/000192956123000069/rxo2023q2pressrelease.htm | RXO earnings release (Ex.99.1) for Q2/23, T1 (BS: Current liabilities; row 'Short-term operating lease liabilities'), column BScur",
op_lease_liabilities_current,Q3/23,50,USD m,"https://www.sec.gov/Archives/edgar/data/1929561/000192956123000090/rxo2023q3pressrelease.htm | RXO earnings release (Ex.99.1) for Q3/23, T1 (BS: Current liabilities; row 'Short-term operating lease liabilities'), column BScur",
op_lease_liabilities_current,Q4/23,53,USD m,"https://www.sec.gov/Archives/edgar/data/1929561/000192956125000029/rxoq42024pressrelease.htm | RXO earnings release (Ex.99.1) for Q4/24, T1 (BS: Current liabilities; row 'Short-term operating lease liabilities'), column BSprior",Year-end balance (same as FY2023)
op_lease_liabilities_current,FY2023,53,USD m,"https://www.sec.gov/Archives/edgar/data/1929561/000192956125000029/rxoq42024pressrelease.htm | RXO earnings release (Ex.99.1) for Q4/24, T1 (BS: Current liabilities; row 'Short-term operating lease liabilities'), column BSprior",
op_lease_liabilities_current,Q1/24,54,USD m,"https://www.sec.gov/Archives/edgar/data/1929561/000192956124000075/rxo2024q1pressrelease.htm | RXO earnings release (Ex.99.1) for Q1/24, T1 (BS: Current liabilities; row 'Short-term operating lease liabilities'), column BScur",
op_lease_liabilities_current,Q2/24,54,USD m,"https://www.sec.gov/Archives/edgar/data/1929561/000192956124000098/rxo2024q2pressrelease.htm | RXO earnings release (Ex.99.1) for Q2/24, T1 (BS: Current liabilities; row 'Short-term operating lease liabilities'), column BScur",
op_lease_liabilities_current,Q3/24,75,USD m,"https://www.sec.gov/Archives/edgar/data/1929561/000192956124000123/rxo2024q3pressrelease.htm | RXO earnings release (Ex.99.1) for Q3/24, T1 (BS: Current liabilities; row 'Short-term operating lease liabilities'), column BScur",
op_lease_liabilities_current,Q4/24,81,USD m,"https://www.sec.gov/Archives/edgar/data/1929561/000192956126000006/rxoq42025pressrelease.htm | RXO earnings release (Ex.99.1) for Q4/25, T1 (BS: Current liabilities; row 'Short-term operating lease liabilities'), column BSprior",Year-end balance (same as FY2024)
op_lease_liabilities_current,FY2024,81,USD m,"https://www.sec.gov/Archives/edgar/data/1929561/000192956126000006/rxoq42025pressrelease.htm | RXO earnings release (Ex.99.1) for Q4/25, T1 (BS: Current liabilities; row 'Short-term operating lease liabilities'), column BSprior",Latest-filed value used (release Q4/25); originally reported 75 in Q4/24 release
op_lease_liabilities_current,Q1/25,80,USD m,"https://www.sec.gov/Archives/edgar/data/1929561/000192956125000078/rxo2025q1pressrelease.htm | RXO earnings release (Ex.99.1) for Q1/25, T1 (BS: Current liabilities; row 'Short-term operating lease liabilities'), column BScur",
op_lease_liabilities_current,Q2/25,75,USD m,"https://www.sec.gov/Archives/edgar/data/1929561/000192956125000096/rxo2025q2pressrelease.htm | RXO earnings release (Ex.99.1) for Q2/25, T1 (BS: Current liabilities; row 'Short-term operating lease liabilities'), column BScur",
op_lease_liabilities_current,Q3/25,77,USD m,"https://www.sec.gov/Archives/edgar/data/1929561/000192956125000110/rxo2025q3pressrelease.htm | RXO earnings release (Ex.99.1) for Q3/25, T1 (BS: Current liabilities; row 'Short-term operating lease liabilities'), column BScur",
op_lease_liabilities_current,Q4/25,75,USD m,"https://www.sec.gov/Archives/edgar/data/1929561/000192956126000033/rxo2026q2pressrelease.htm | RXO earnings release (Ex.99.1) for Q2/26, T1 (BS: Current liabilities; row 'Short-term operating lease liabilities'), column BSprior",Year-end balance (same as FY2025)
op_lease_liabilities_current,FY2025,75,USD m,"https://www.sec.gov/Archives/edgar/data/1929561/000192956126000033/rxo2026q2pressrelease.htm | RXO earnings release (Ex.99.1) for Q2/26, T1 (BS: Current liabilities; row 'Short-term operating lease liabilities'), column BSprior",
op_lease_liabilities_current,Q1/26,70,USD m,"https://www.sec.gov/Archives/edgar/data/1929561/000192956126000023/rxo2026q1pressrelease.htm | RXO earnings release (Ex.99.1) for Q1/26, T1 (BS: Current liabilities; row 'Short-term operating lease liabilities'), column BScur",
op_lease_liabilities_current,Q2/26,66,USD m,"https://www.sec.gov/Archives/edgar/data/1929561/000192956126000033/rxo2026q2pressrelease.htm | RXO earnings release (Ex.99.1) for Q2/26, T1 (BS: Current liabilities; row 'Short-term operating lease liabilities'), column BScur",
op_lease_liabilities_noncurrent,FY2021,93,USD m,"https://www.sec.gov/Archives/edgar/data/1929561/000192956123000023/rxoq42022pressrelease.htm | RXO earnings release (Ex.99.1) for Q4/22, T1 (BS: Long-term liabilities; row 'Long-term operating lease liabilities'), column BSprior",
op_lease_liabilities_noncurrent,Q2/22,127,USD m,"https://www.sec.gov/Archives/edgar/data/1929561/000162828022026335/exhibit991-form10a.htm | Form 10/A information statement (Ex.99.1), unaudited condensed combined balance sheet as of June 30, 2022",
op_lease_liabilities_noncurrent,Q3/22,119,USD m,"https://www.sec.gov/Archives/edgar/data/1929561/000192956122000022/rxo-20220930.htm | Form 10-Q Q3 2022, Condensed Combined Balance Sheet (Sept 30, 2022)",
op_lease_liabilities_noncurrent,Q4/22,114,USD m,"https://www.sec.gov/Archives/edgar/data/1929561/000192956124000025/rxoq42023pressrelease.htm | RXO earnings release (Ex.99.1) for Q4/23, T1 (BS: Long-term liabilities; row 'Long-term operating lease liabilities'), column BSprior",Year-end balance (same as FY2022)
op_lease_liabilities_noncurrent,FY2022,114,USD m,"https://www.sec.gov/Archives/edgar/data/1929561/000192956124000025/rxoq42023pressrelease.htm | RXO earnings release (Ex.99.1) for Q4/23, T1 (BS: Long-term liabilities; row 'Long-term operating lease liabilities'), column BSprior",
op_lease_liabilities_noncurrent,Q1/23,109,USD m,"https://www.sec.gov/Archives/edgar/data/1929561/000192956123000054/rxoq12023pressrelease.htm | RXO earnings release (Ex.99.1) for Q1/23, T1 (BS: Long-term liabilities; row 'Long-term operating lease liabilities'), column BScur",
op_lease_liabilities_noncurrent,Q2/23,118,USD m,"https://www.sec.gov/Archives/edgar/data/1929561/000192956123000069/rxo2023q2pressrelease.htm | RXO earnings release (Ex.99.1) for Q2/23, T1 (BS: Long-term liabilities; row 'Long-term operating lease liabilities'), column BScur",
op_lease_liabilities_noncurrent,Q3/23,125,USD m,"https://www.sec.gov/Archives/edgar/data/1929561/000192956123000090/rxo2023q3pressrelease.htm | RXO earnings release (Ex.99.1) for Q3/23, T1 (BS: Long-term liabilities; row 'Long-term operating lease liabilities'), column BScur",
op_lease_liabilities_noncurrent,Q4/23,146,USD m,"https://www.sec.gov/Archives/edgar/data/1929561/000192956125000029/rxoq42024pressrelease.htm | RXO earnings release (Ex.99.1) for Q4/24, T1 (BS: Long-term liabilities; row 'Long-term operating lease liabilities'), column BSprior",Year-end balance (same as FY2023)
op_lease_liabilities_noncurrent,FY2023,146,USD m,"https://www.sec.gov/Archives/edgar/data/1929561/000192956125000029/rxoq42024pressrelease.htm | RXO earnings release (Ex.99.1) for Q4/24, T1 (BS: Long-term liabilities; row 'Long-term operating lease liabilities'), column BSprior",
op_lease_liabilities_noncurrent,Q1/24,150,USD m,"https://www.sec.gov/Archives/edgar/data/1929561/000192956124000075/rxo2024q1pressrelease.htm | RXO earnings release (Ex.99.1) for Q1/24, T1 (BS: Long-term liabilities; row 'Long-term operating lease liabilities'), column BScur",
op_lease_liabilities_noncurrent,Q2/24,160,USD m,"https://www.sec.gov/Archives/edgar/data/1929561/000192956124000098/rxo2024q2pressrelease.htm | RXO earnings release (Ex.99.1) for Q2/24, T1 (BS: Long-term liabilities; row 'Long-term operating lease liabilities'), column BScur",
op_lease_liabilities_noncurrent,Q3/24,261,USD m,"https://www.sec.gov/Archives/edgar/data/1929561/000192956124000123/rxo2024q3pressrelease.htm | RXO earnings release (Ex.99.1) for Q3/24, T1 (BS: Long-term liabilities; row 'Long-term operating lease liabilities'), column BScur",
op_lease_liabilities_noncurrent,Q4/24,215,USD m,"https://www.sec.gov/Archives/edgar/data/1929561/000192956126000006/rxoq42025pressrelease.htm | RXO earnings release (Ex.99.1) for Q4/25, T1 (BS: Long-term liabilities; row 'Long-term operating lease liabilities'), column BSprior",Year-end balance (same as FY2024)
op_lease_liabilities_noncurrent,FY2024,215,USD m,"https://www.sec.gov/Archives/edgar/data/1929561/000192956126000006/rxoq42025pressrelease.htm | RXO earnings release (Ex.99.1) for Q4/25, T1 (BS: Long-term liabilities; row 'Long-term operating lease liabilities'), column BSprior",Latest-filed value used (release Q4/25); originally reported 213 in Q4/24 release
op_lease_liabilities_noncurrent,Q1/25,201,USD m,"https://www.sec.gov/Archives/edgar/data/1929561/000192956125000078/rxo2025q1pressrelease.htm | RXO earnings release (Ex.99.1) for Q1/25, T1 (BS: Long-term liabilities; row 'Long-term operating lease liabilities'), column BScur",
op_lease_liabilities_noncurrent,Q2/25,201,USD m,"https://www.sec.gov/Archives/edgar/data/1929561/000192956125000096/rxo2025q2pressrelease.htm | RXO earnings release (Ex.99.1) for Q2/25, T1 (BS: Long-term liabilities; row 'Long-term operating lease liabilities'), column BScur",
op_lease_liabilities_noncurrent,Q3/25,202,USD m,"https://www.sec.gov/Archives/edgar/data/1929561/000192956125000110/rxo2025q3pressrelease.htm | RXO earnings release (Ex.99.1) for Q3/25, T1 (BS: Long-term liabilities; row 'Long-term operating lease liabilities'), column BScur",
op_lease_liabilities_noncurrent,Q4/25,191,USD m,"https://www.sec.gov/Archives/edgar/data/1929561/000192956126000033/rxo2026q2pressrelease.htm | RXO earnings release (Ex.99.1) for Q2/26, T1 (BS: Long-term liabilities; row 'Long-term operating lease liabilities'), column BSprior",Year-end balance (same as FY2025)
op_lease_liabilities_noncurrent,FY2025,191,USD m,"https://www.sec.gov/Archives/edgar/data/1929561/000192956126000033/rxo2026q2pressrelease.htm | RXO earnings release (Ex.99.1) for Q2/26, T1 (BS: Long-term liabilities; row 'Long-term operating lease liabilities'), column BSprior",
op_lease_liabilities_noncurrent,Q1/26,182,USD m,"https://www.sec.gov/Archives/edgar/data/1929561/000192956126000023/rxo2026q1pressrelease.htm | RXO earnings release (Ex.99.1) for Q1/26, T1 (BS: Long-term liabilities; row 'Long-term operating lease liabilities'), column BScur",
op_lease_liabilities_noncurrent,Q2/26,167,USD m,"https://www.sec.gov/Archives/edgar/data/1929561/000192956126000033/rxo2026q2pressrelease.htm | RXO earnings release (Ex.99.1) for Q2/26, T1 (BS: Long-term liabilities; row 'Long-term operating lease liabilities'), column BScur",
op_lease_rou,FY2021,128,USD m,"https://www.sec.gov/Archives/edgar/data/1929561/000192956123000023/rxoq42022pressrelease.htm | RXO earnings release (Ex.99.1) for Q4/22, T1 (BS: Long-term assets; row 'Operating lease assets'), column BSprior",
op_lease_rou,Q2/22,170,USD m,"https://www.sec.gov/Archives/edgar/data/1929561/000162828022026335/exhibit991-form10a.htm | Form 10/A information statement (Ex.99.1), unaudited condensed combined balance sheet as of June 30, 2022",
op_lease_rou,Q3/22,162,USD m,"https://www.sec.gov/Archives/edgar/data/1929561/000192956122000022/rxo-20220930.htm | Form 10-Q Q3 2022, Condensed Combined Balance Sheet (Sept 30, 2022)",
op_lease_rou,Q4/22,159,USD m,"https://www.sec.gov/Archives/edgar/data/1929561/000192956124000025/rxoq42023pressrelease.htm | RXO earnings release (Ex.99.1) for Q4/23, T1 (BS: Long-term assets; row 'Operating lease assets'), column BSprior",Year-end balance (same as FY2022)
op_lease_rou,FY2022,159,USD m,"https://www.sec.gov/Archives/edgar/data/1929561/000192956124000025/rxoq42023pressrelease.htm | RXO earnings release (Ex.99.1) for Q4/23, T1 (BS: Long-term assets; row 'Operating lease assets'), column BSprior",
op_lease_rou,Q1/23,152,USD m,"https://www.sec.gov/Archives/edgar/data/1929561/000192956123000054/rxoq12023pressrelease.htm | RXO earnings release (Ex.99.1) for Q1/23, T1 (BS: Long-term assets; row 'Operating lease assets'), column BScur",
op_lease_rou,Q2/23,164,USD m,"https://www.sec.gov/Archives/edgar/data/1929561/000192956123000069/rxo2023q2pressrelease.htm | RXO earnings release (Ex.99.1) for Q2/23, T1 (BS: Long-term assets; row 'Operating lease assets'), column BScur",
op_lease_rou,Q3/23,173,USD m,"https://www.sec.gov/Archives/edgar/data/1929561/000192956123000090/rxo2023q3pressrelease.htm | RXO earnings release (Ex.99.1) for Q3/23, T1 (BS: Long-term assets; row 'Operating lease assets'), column BScur",
op_lease_rou,Q4/23,195,USD m,"https://www.sec.gov/Archives/edgar/data/1929561/000192956125000029/rxoq42024pressrelease.htm | RXO earnings release (Ex.99.1) for Q4/24, T1 (BS: Long-term assets; row 'Operating lease assets'), column BSprior",Year-end balance (same as FY2023)
op_lease_rou,FY2023,195,USD m,"https://www.sec.gov/Archives/edgar/data/1929561/000192956125000029/rxoq42024pressrelease.htm | RXO earnings release (Ex.99.1) for Q4/24, T1 (BS: Long-term assets; row 'Operating lease assets'), column BSprior",
op_lease_rou,Q1/24,200,USD m,"https://www.sec.gov/Archives/edgar/data/1929561/000192956124000075/rxo2024q1pressrelease.htm | RXO earnings release (Ex.99.1) for Q1/24, T1 (BS: Long-term assets; row 'Operating lease assets'), column BScur",
op_lease_rou,Q2/24,210,USD m,"https://www.sec.gov/Archives/edgar/data/1929561/000192956124000098/rxo2024q2pressrelease.htm | RXO earnings release (Ex.99.1) for Q2/24, T1 (BS: Long-term assets; row 'Operating lease assets'), column BScur",
op_lease_rou,Q3/24,333,USD m,"https://www.sec.gov/Archives/edgar/data/1929561/000192956124000123/rxo2024q3pressrelease.htm | RXO earnings release (Ex.99.1) for Q3/24, T1 (BS: Long-term assets; row 'Operating lease assets'), column BScur",
op_lease_rou,Q4/24,276,USD m,"https://www.sec.gov/Archives/edgar/data/1929561/000192956126000006/rxoq42025pressrelease.htm | RXO earnings release (Ex.99.1) for Q4/25, T1 (BS: Long-term assets; row 'Operating lease assets'), column BSprior",Year-end balance (same as FY2024)
op_lease_rou,FY2024,276,USD m,"https://www.sec.gov/Archives/edgar/data/1929561/000192956126000006/rxoq42025pressrelease.htm | RXO earnings release (Ex.99.1) for Q4/25, T1 (BS: Long-term assets; row 'Operating lease assets'), column BSprior",Latest-filed value used (release Q4/25); originally reported 274 in Q4/24 release
op_lease_rou,Q1/25,256,USD m,"https://www.sec.gov/Archives/edgar/data/1929561/000192956125000078/rxo2025q1pressrelease.htm | RXO earnings release (Ex.99.1) for Q1/25, T1 (BS: Long-term assets; row 'Operating lease assets'), column BScur",
op_lease_rou,Q2/25,250,USD m,"https://www.sec.gov/Archives/edgar/data/1929561/000192956125000096/rxo2025q2pressrelease.htm | RXO earnings release (Ex.99.1) for Q2/25, T1 (BS: Long-term assets; row 'Operating lease assets'), column BScur",
op_lease_rou,Q3/25,254,USD m,"https://www.sec.gov/Archives/edgar/data/1929561/000192956125000110/rxo2025q3pressrelease.htm | RXO earnings release (Ex.99.1) for Q3/25, T1 (BS: Long-term assets; row 'Operating lease assets'), column BScur",
op_lease_rou,Q4/25,238,USD m,"https://www.sec.gov/Archives/edgar/data/1929561/000192956126000033/rxo2026q2pressrelease.htm | RXO earnings release (Ex.99.1) for Q2/26, T1 (BS: Long-term assets; row 'Operating lease assets'), column BSprior",Year-end balance (same as FY2025)
op_lease_rou,FY2025,238,USD m,"https://www.sec.gov/Archives/edgar/data/1929561/000192956126000033/rxo2026q2pressrelease.htm | RXO earnings release (Ex.99.1) for Q2/26, T1 (BS: Long-term assets; row 'Operating lease assets'), column BSprior",
op_lease_rou,Q1/26,222,USD m,"https://www.sec.gov/Archives/edgar/data/1929561/000192956126000023/rxo2026q1pressrelease.htm | RXO earnings release (Ex.99.1) for Q1/26, T1 (BS: Long-term assets; row 'Operating lease assets'), column BScur",
op_lease_rou,Q2/26,205,USD m,"https://www.sec.gov/Archives/edgar/data/1929561/000192956126000033/rxo2026q2pressrelease.htm | RXO earnings release (Ex.99.1) for Q2/26, T1 (BS: Long-term assets; row 'Operating lease assets'), column BScur",
other_current_assets,FY2021,44,USD m,"https://www.sec.gov/Archives/edgar/data/1929561/000192956123000023/rxoq42022pressrelease.htm | RXO earnings release (Ex.99.1) for Q4/22, T1 (BS: Current assets; row 'Other current assets'), column BSprior",
other_current_assets,Q2/22,32,USD m,"https://www.sec.gov/Archives/edgar/data/1929561/000162828022026335/exhibit991-form10a.htm | Form 10/A information statement (Ex.99.1), unaudited condensed combined balance sheet as of June 30, 2022",
other_current_assets,Q3/22,26,USD m,"https://www.sec.gov/Archives/edgar/data/1929561/000192956122000022/rxo-20220930.htm | Form 10-Q Q3 2022, Condensed Combined Balance Sheet (Sept 30, 2022)",
other_current_assets,Q4/22,31,USD m,"https://www.sec.gov/Archives/edgar/data/1929561/000192956124000025/rxoq42023pressrelease.htm | RXO earnings release (Ex.99.1) for Q4/23, T1 (BS: Current assets; row 'Other current assets'), column BSprior",Year-end balance (same as FY2022)
other_current_assets,FY2022,31,USD m,"https://www.sec.gov/Archives/edgar/data/1929561/000192956124000025/rxoq42023pressrelease.htm | RXO earnings release (Ex.99.1) for Q4/23, T1 (BS: Current assets; row 'Other current assets'), column BSprior",Latest-filed value used (release Q4/23); originally reported 32 in Q4/22 release
other_current_assets,Q1/23,46,USD m,"https://www.sec.gov/Archives/edgar/data/1929561/000192956123000054/rxoq12023pressrelease.htm | RXO earnings release (Ex.99.1) for Q1/23, T1 (BS: Current assets; row 'Other current assets'), column BScur",
other_current_assets,Q2/23,49,USD m,"https://www.sec.gov/Archives/edgar/data/1929561/000192956123000069/rxo2023q2pressrelease.htm | RXO earnings release (Ex.99.1) for Q2/23, T1 (BS: Current assets; row 'Other current assets'), column BScur",
other_current_assets,Q3/23,45,USD m,"https://www.sec.gov/Archives/edgar/data/1929561/000192956123000090/rxo2023q3pressrelease.htm | RXO earnings release (Ex.99.1) for Q3/23, T1 (BS: Current assets; row 'Other current assets'), column BScur",
other_current_assets,Q4/23,48,USD m,"https://www.sec.gov/Archives/edgar/data/1929561/000192956125000029/rxoq42024pressrelease.htm | RXO earnings release (Ex.99.1) for Q4/24, T1 (BS: Current assets; row 'Other current assets'), column BSprior",Year-end balance (same as FY2023)
other_current_assets,FY2023,48,USD m,"https://www.sec.gov/Archives/edgar/data/1929561/000192956125000029/rxoq42024pressrelease.htm | RXO earnings release (Ex.99.1) for Q4/24, T1 (BS: Current assets; row 'Other current assets'), column BSprior",
other_current_assets,Q1/24,47,USD m,"https://www.sec.gov/Archives/edgar/data/1929561/000192956124000075/rxo2024q1pressrelease.htm | RXO earnings release (Ex.99.1) for Q1/24, T1 (BS: Current assets; row 'Other current assets'), column BScur",
other_current_assets,Q2/24,44,USD m,"https://www.sec.gov/Archives/edgar/data/1929561/000192956124000098/rxo2024q2pressrelease.htm | RXO earnings release (Ex.99.1) for Q2/24, T1 (BS: Current assets; row 'Other current assets'), column BScur",
other_current_assets,Q3/24,62,USD m,"https://www.sec.gov/Archives/edgar/data/1929561/000192956124000123/rxo2024q3pressrelease.htm | RXO earnings release (Ex.99.1) for Q3/24, T1 (BS: Current assets; row 'Other current assets'), column BScur",
other_current_assets,Q4/24,77,USD m,"https://www.sec.gov/Archives/edgar/data/1929561/000192956126000006/rxoq42025pressrelease.htm | RXO earnings release (Ex.99.1) for Q4/25, T1 (BS: Current assets; row 'Other current assets'), column BSprior",Year-end balance (same as FY2024)
other_current_assets,FY2024,77,USD m,"https://www.sec.gov/Archives/edgar/data/1929561/000192956126000006/rxoq42025pressrelease.htm | RXO earnings release (Ex.99.1) for Q4/25, T1 (BS: Current assets; row 'Other current assets'), column BSprior",Latest-filed value used (release Q4/25); originally reported 78 in Q4/24 release
other_current_assets,Q1/25,89,USD m,"https://www.sec.gov/Archives/edgar/data/1929561/000192956125000078/rxo2025q1pressrelease.htm | RXO earnings release (Ex.99.1) for Q1/25, T1 (BS: Current assets; row 'Other current assets'), column BScur",
other_current_assets,Q2/25,101,USD m,"https://www.sec.gov/Archives/edgar/data/1929561/000192956125000096/rxo2025q2pressrelease.htm | RXO earnings release (Ex.99.1) for Q2/25, T1 (BS: Current assets; row 'Other current assets'), column BScur",
other_current_assets,Q3/25,72,USD m,"https://www.sec.gov/Archives/edgar/data/1929561/000192956125000110/rxo2025q3pressrelease.htm | RXO earnings release (Ex.99.1) for Q3/25, T1 (BS: Current assets; row 'Other current assets'), column BScur",
other_current_assets,Q4/25,74,USD m,"https://www.sec.gov/Archives/edgar/data/1929561/000192956126000033/rxo2026q2pressrelease.htm | RXO earnings release (Ex.99.1) for Q2/26, T1 (BS: Current assets; row 'Other current assets'), column BSprior",Year-end balance (same as FY2025)
other_current_assets,FY2025,74,USD m,"https://www.sec.gov/Archives/edgar/data/1929561/000192956126000033/rxo2026q2pressrelease.htm | RXO earnings release (Ex.99.1) for Q2/26, T1 (BS: Current assets; row 'Other current assets'), column BSprior",
other_current_assets,Q1/26,98,USD m,"https://www.sec.gov/Archives/edgar/data/1929561/000192956126000023/rxo2026q1pressrelease.htm | RXO earnings release (Ex.99.1) for Q1/26, T1 (BS: Current assets; row 'Other current assets'), column BScur",
other_current_assets,Q2/26,97,USD m,"https://www.sec.gov/Archives/edgar/data/1929561/000192956126000033/rxo2026q2pressrelease.htm | RXO earnings release (Ex.99.1) for Q2/26, T1 (BS: Current assets; row 'Other current assets'), column BScur",
other_current_liabilities,FY2021,6,USD m,"https://www.sec.gov/Archives/edgar/data/1929561/000192956123000023/rxoq42022pressrelease.htm | RXO earnings release (Ex.99.1) for Q4/22, T1 (BS: Current liabilities; row 'Other current liabilities'), column BSprior",
other_current_liabilities,Q2/22,4,USD m,"https://www.sec.gov/Archives/edgar/data/1929561/000162828022026335/exhibit991-form10a.htm | Form 10/A information statement (Ex.99.1), unaudited condensed combined balance sheet as of June 30, 2022",
other_current_liabilities,Q3/22,5,USD m,"https://www.sec.gov/Archives/edgar/data/1929561/000192956122000022/rxo-20220930.htm | Form 10-Q Q3 2022, Condensed Combined Balance Sheet (Sept 30, 2022)",
other_current_liabilities,Q4/22,14,USD m,"https://www.sec.gov/Archives/edgar/data/1929561/000192956124000025/rxoq42023pressrelease.htm | RXO earnings release (Ex.99.1) for Q4/23, T1 (BS: Current liabilities; row 'Other current liabilities'), column BSprior",Year-end balance (same as FY2022)
other_current_liabilities,FY2022,14,USD m,"https://www.sec.gov/Archives/edgar/data/1929561/000192956124000025/rxoq42023pressrelease.htm | RXO earnings release (Ex.99.1) for Q4/23, T1 (BS: Current liabilities; row 'Other current liabilities'), column BSprior",Latest-filed value used (release Q4/23); originally reported 13 in Q4/22 release
other_current_liabilities,Q1/23,9,USD m,"https://www.sec.gov/Archives/edgar/data/1929561/000192956123000054/rxoq12023pressrelease.htm | RXO earnings release (Ex.99.1) for Q1/23, T1 (BS: Current liabilities; row 'Other current liabilities'), column BScur",
other_current_liabilities,Q2/23,5,USD m,"https://www.sec.gov/Archives/edgar/data/1929561/000192956123000069/rxo2023q2pressrelease.htm | RXO earnings release (Ex.99.1) for Q2/23, T1 (BS: Current liabilities; row 'Other current liabilities'), column BScur",
other_current_liabilities,Q3/23,6,USD m,"https://www.sec.gov/Archives/edgar/data/1929561/000192956123000090/rxo2023q3pressrelease.htm | RXO earnings release (Ex.99.1) for Q3/23, T1 (BS: Current liabilities; row 'Other current liabilities'), column BScur",
other_current_liabilities,Q4/23,13,USD m,"https://www.sec.gov/Archives/edgar/data/1929561/000192956125000029/rxoq42024pressrelease.htm | RXO earnings release (Ex.99.1) for Q4/24, T1 (BS: Current liabilities; row 'Other current liabilities'), column BSprior",Year-end balance (same as FY2023)
other_current_liabilities,FY2023,13,USD m,"https://www.sec.gov/Archives/edgar/data/1929561/000192956125000029/rxoq42024pressrelease.htm | RXO earnings release (Ex.99.1) for Q4/24, T1 (BS: Current liabilities; row 'Other current liabilities'), column BSprior",
other_current_liabilities,Q1/24,12,USD m,"https://www.sec.gov/Archives/edgar/data/1929561/000192956124000075/rxo2024q1pressrelease.htm | RXO earnings release (Ex.99.1) for Q1/24, T1 (BS: Current liabilities; row 'Other current liabilities'), column BScur",
other_current_liabilities,Q2/24,13,USD m,"https://www.sec.gov/Archives/edgar/data/1929561/000192956124000098/rxo2024q2pressrelease.htm | RXO earnings release (Ex.99.1) for Q2/24, T1 (BS: Current liabilities; row 'Other current liabilities'), column BScur",
other_current_liabilities,Q3/24,23,USD m,"https://www.sec.gov/Archives/edgar/data/1929561/000192956124000123/rxo2024q3pressrelease.htm | RXO earnings release (Ex.99.1) for Q3/24, T1 (BS: Current liabilities; row 'Other current liabilities'), column BScur",
other_current_liabilities,Q4/24,26,USD m,"https://www.sec.gov/Archives/edgar/data/1929561/000192956126000006/rxoq42025pressrelease.htm | RXO earnings release (Ex.99.1) for Q4/25, T1 (BS: Current liabilities; row 'Other current liabilities'), column BSprior",Year-end balance (same as FY2024)
other_current_liabilities,FY2024,26,USD m,"https://www.sec.gov/Archives/edgar/data/1929561/000192956126000006/rxoq42025pressrelease.htm | RXO earnings release (Ex.99.1) for Q4/25, T1 (BS: Current liabilities; row 'Other current liabilities'), column BSprior",
other_current_liabilities,Q1/25,11,USD m,"https://www.sec.gov/Archives/edgar/data/1929561/000192956125000078/rxo2025q1pressrelease.htm | RXO earnings release (Ex.99.1) for Q1/25, T1 (BS: Current liabilities; row 'Other current liabilities'), column BScur",
other_current_liabilities,Q2/25,13,USD m,"https://www.sec.gov/Archives/edgar/data/1929561/000192956125000096/rxo2025q2pressrelease.htm | RXO earnings release (Ex.99.1) for Q2/25, T1 (BS: Current liabilities; row 'Other current liabilities'), column BScur",
other_current_liabilities,Q3/25,12,USD m,"https://www.sec.gov/Archives/edgar/data/1929561/000192956125000110/rxo2025q3pressrelease.htm | RXO earnings release (Ex.99.1) for Q3/25, T1 (BS: Current liabilities; row 'Other current liabilities'), column BScur",
other_current_liabilities,Q4/25,10,USD m,"https://www.sec.gov/Archives/edgar/data/1929561/000192956126000033/rxo2026q2pressrelease.htm | RXO earnings release (Ex.99.1) for Q2/26, T1 (BS: Current liabilities; row 'Other current liabilities'), column BSprior",Year-end balance (same as FY2025)
other_current_liabilities,FY2025,10,USD m,"https://www.sec.gov/Archives/edgar/data/1929561/000192956126000033/rxo2026q2pressrelease.htm | RXO earnings release (Ex.99.1) for Q2/26, T1 (BS: Current liabilities; row 'Other current liabilities'), column BSprior",
other_current_liabilities,Q1/26,10,USD m,"https://www.sec.gov/Archives/edgar/data/1929561/000192956126000023/rxo2026q1pressrelease.htm | RXO earnings release (Ex.99.1) for Q1/26, T1 (BS: Current liabilities; row 'Other current liabilities'), column BScur",
other_current_liabilities,Q2/26,8,USD m,"https://www.sec.gov/Archives/edgar/data/1929561/000192956126000033/rxo2026q2pressrelease.htm | RXO earnings release (Ex.99.1) for Q2/26, T1 (BS: Current liabilities; row 'Other current liabilities'), column BScur",
other_expense_income,FY2021,1,USD m,"https://www.sec.gov/Archives/edgar/data/1929561/000192956123000023/rxoq42022pressrelease.htm | RXO earnings release (Ex.99.1) for Q4/22, T0 (PL: (Dollars in millions, shares in thousand; row 'Other expense'), column YTDprior",
other_expense_income,Q2/22,-1,USD m,"https://www.sec.gov/Archives/edgar/data/1929561/000192956123000069/rxo2023q2pressrelease.htm | RXO earnings release (Ex.99.1) for Q2/23, T0 (PL: (Dollars in millions, shares in thousand; row 'Other income'), column Qprior",
other_expense_income,Q3/22,1,USD m,"https://www.sec.gov/Archives/edgar/data/1929561/000192956123000090/rxo2023q3pressrelease.htm | RXO earnings release (Ex.99.1) for Q3/23, T0 (PL: (Dollars in millions, shares in thousand; row 'Other expense'), column Qprior",
other_expense_income,Q4/22,0,USD m,"https://www.sec.gov/Archives/edgar/data/1929561/000192956124000025/rxoq42023pressrelease.htm | RXO earnings release (Ex.99.1) for Q4/23, T0 (PL: 2023; row 'Other expense'), column Qprior",
other_expense_income,FY2022,0,USD m,"https://www.sec.gov/Archives/edgar/data/1929561/000192956124000025/rxoq42023pressrelease.htm | RXO earnings release (Ex.99.1) for Q4/23, T0 (PL: 2023; row 'Other expense'), column YTDprior",
other_expense_income,Q1/23,0,USD m,"https://www.sec.gov/Archives/edgar/data/1929561/000192956124000075/rxo2024q1pressrelease.htm | RXO earnings release (Ex.99.1) for Q1/24, T0 (PL: (Dollars in millions, shares in thousand; row 'Other expense'), column Qprior",
other_expense_income,Q2/23,0,USD m,"https://www.sec.gov/Archives/edgar/data/1929561/000192956124000098/rxo2024q2pressrelease.htm | RXO earnings release (Ex.99.1) for Q2/24, T0 (PL: (Dollars in millions, shares in thousand; row 'Other expense'), column Qprior",
other_expense_income,Q3/23,1,USD m,"https://www.sec.gov/Archives/edgar/data/1929561/000192956124000123/rxo2024q3pressrelease.htm | RXO earnings release (Ex.99.1) for Q3/24, T0 (PL: (Dollars in millions, shares in thousand; row 'Other expense'), column Qprior",
other_expense_income,Q4/23,2,USD m,"https://www.sec.gov/Archives/edgar/data/1929561/000192956125000029/rxoq42024pressrelease.htm | RXO earnings release (Ex.99.1) for Q4/24, T0 (PL: (Dollars in millions, shares in thousand; row 'Other expense'), column Qprior",
other_expense_income,FY2023,3,USD m,"https://www.sec.gov/Archives/edgar/data/1929561/000192956125000029/rxoq42024pressrelease.htm | RXO earnings release (Ex.99.1) for Q4/24, T0 (PL: (Dollars in millions, shares in thousand; row 'Other expense'), column YTDprior",
other_expense_income,Q1/24,1,USD m,"https://www.sec.gov/Archives/edgar/data/1929561/000192956125000078/rxo2025q1pressrelease.htm | RXO earnings release (Ex.99.1) for Q1/25, T0 (PL: (Dollars in millions, shares in thousand; row 'Other expense'), column Qprior",
other_expense_income,Q2/24,0,USD m,"https://www.sec.gov/Archives/edgar/data/1929561/000192956125000096/rxo2025q2pressrelease.htm | RXO earnings release (Ex.99.1) for Q2/25, T0 (PL: (Dollars in millions, shares in thousand; row 'Other expense'), column Qprior",
other_expense_income,Q3/24,216,USD m,"https://www.sec.gov/Archives/edgar/data/1929561/000192956125000110/rxo2025q3pressrelease.htm | RXO earnings release (Ex.99.1) for Q3/25, T0 (PL: (Dollars in millions, shares in thousand; row 'Other expense (income)'), column Qprior",
other_expense_income,Q4/24,1,USD m,"https://www.sec.gov/Archives/edgar/data/1929561/000192956126000006/rxoq42025pressrelease.htm | RXO earnings release (Ex.99.1) for Q4/25, T0 (PL: (Dollars in millions, shares in thousand; row 'Other expense'), column Qprior",
other_expense_income,FY2024,218,USD m,"https://www.sec.gov/Archives/edgar/data/1929561/000192956126000006/rxoq42025pressrelease.htm | RXO earnings release (Ex.99.1) for Q4/25, T0 (PL: (Dollars in millions, shares in thousand; row 'Other expense'), column YTDprior",
other_expense_income,Q1/25,0,USD m,"https://www.sec.gov/Archives/edgar/data/1929561/000192956126000023/rxo2026q1pressrelease.htm | RXO earnings release (Ex.99.1) for Q1/26, T0 (PL: (Dollars in millions, shares in thousand; row 'Other expense'), column Qprior",
other_expense_income,Q2/25,2,USD m,"https://www.sec.gov/Archives/edgar/data/1929561/000192956126000033/rxo2026q2pressrelease.htm | RXO earnings release (Ex.99.1) for Q2/26, T0 (PL: (Dollars in millions, shares in thousand; row 'Other expense'), column Qprior",
other_expense_income,Q3/25,-1,USD m,"https://www.sec.gov/Archives/edgar/data/1929561/000192956125000110/rxo2025q3pressrelease.htm | RXO earnings release (Ex.99.1) for Q3/25, T0 (PL: (Dollars in millions, shares in thousand; row 'Other expense (income)'), column Qcur",
other_expense_income,Q4/25,0,USD m,"https://www.sec.gov/Archives/edgar/data/1929561/000192956126000006/rxoq42025pressrelease.htm | RXO earnings release (Ex.99.1) for Q4/25, T0 (PL: (Dollars in millions, shares in thousand; row 'Other expense'), column Qcur",
other_expense_income,FY2025,1,USD m,"https://www.sec.gov/Archives/edgar/data/1929561/000192956126000006/rxoq42025pressrelease.htm | RXO earnings release (Ex.99.1) for Q4/25, T0 (PL: (Dollars in millions, shares in thousand; row 'Other expense'), column YTDcur",
other_expense_income,Q1/26,1,USD m,"https://www.sec.gov/Archives/edgar/data/1929561/000192956126000023/rxo2026q1pressrelease.htm | RXO earnings release (Ex.99.1) for Q1/26, T0 (PL: (Dollars in millions, shares in thousand; row 'Other expense'), column Qcur",
other_expense_income,Q2/26,0,USD m,"https://www.sec.gov/Archives/edgar/data/1929561/000192956126000033/rxo2026q2pressrelease.htm | RXO earnings release (Ex.99.1) for Q2/26, T0 (PL: (Dollars in millions, shares in thousand; row 'Other expense'), column Qcur",
other_lt_assets,FY2021,16,USD m,"https://www.sec.gov/Archives/edgar/data/1929561/000192956123000023/rxoq42022pressrelease.htm | RXO earnings release (Ex.99.1) for Q4/22, T1 (BS: Long-term assets; row 'Other long-term assets'), column BSprior",
other_lt_assets,Q2/22,17,USD m,"https://www.sec.gov/Archives/edgar/data/1929561/000162828022026335/exhibit991-form10a.htm | Form 10/A information statement (Ex.99.1), unaudited condensed combined balance sheet as of June 30, 2022",
other_lt_assets,Q3/22,16,USD m,"https://www.sec.gov/Archives/edgar/data/1929561/000192956122000022/rxo-20220930.htm | Form 10-Q Q3 2022, Condensed Combined Balance Sheet (Sept 30, 2022)",
other_lt_assets,Q4/22,15,USD m,"https://www.sec.gov/Archives/edgar/data/1929561/000192956124000025/rxoq42023pressrelease.htm | RXO earnings release (Ex.99.1) for Q4/23, T1 (BS: Long-term assets; row 'Other long-term assets'), column BSprior",Year-end balance (same as FY2022)
other_lt_assets,FY2022,15,USD m,"https://www.sec.gov/Archives/edgar/data/1929561/000192956124000025/rxoq42023pressrelease.htm | RXO earnings release (Ex.99.1) for Q4/23, T1 (BS: Long-term assets; row 'Other long-term assets'), column BSprior",Latest-filed value used (release Q4/23); originally reported 14 in Q4/22 release
other_lt_assets,Q1/23,14,USD m,"https://www.sec.gov/Archives/edgar/data/1929561/000192956123000054/rxoq12023pressrelease.htm | RXO earnings release (Ex.99.1) for Q1/23, T1 (BS: Long-term assets; row 'Other long-term assets'), column BScur",
other_lt_assets,Q2/23,13,USD m,"https://www.sec.gov/Archives/edgar/data/1929561/000192956123000069/rxo2023q2pressrelease.htm | RXO earnings release (Ex.99.1) for Q2/23, T1 (BS: Long-term assets; row 'Other long-term assets'), column BScur",
other_lt_assets,Q3/23,13,USD m,"https://www.sec.gov/Archives/edgar/data/1929561/000192956123000090/rxo2023q3pressrelease.htm | RXO earnings release (Ex.99.1) for Q3/23, T1 (BS: Long-term assets; row 'Other long-term assets'), column BScur",
other_lt_assets,Q4/23,12,USD m,"https://www.sec.gov/Archives/edgar/data/1929561/000192956125000029/rxoq42024pressrelease.htm | RXO earnings release (Ex.99.1) for Q4/24, T1 (BS: Long-term assets; row 'Other long-term assets'), column BSprior",Year-end balance (same as FY2023)
other_lt_assets,FY2023,12,USD m,"https://www.sec.gov/Archives/edgar/data/1929561/000192956125000029/rxoq42024pressrelease.htm | RXO earnings release (Ex.99.1) for Q4/24, T1 (BS: Long-term assets; row 'Other long-term assets'), column BSprior",
other_lt_assets,Q1/24,13,USD m,"https://www.sec.gov/Archives/edgar/data/1929561/000192956124000075/rxo2024q1pressrelease.htm | RXO earnings release (Ex.99.1) for Q1/24, T1 (BS: Long-term assets; row 'Other long-term assets'), column BScur",
other_lt_assets,Q2/24,17,USD m,"https://www.sec.gov/Archives/edgar/data/1929561/000192956124000098/rxo2024q2pressrelease.htm | RXO earnings release (Ex.99.1) for Q2/24, T1 (BS: Long-term assets; row 'Other long-term assets'), column BScur",
other_lt_assets,Q3/24,37,USD m,"https://www.sec.gov/Archives/edgar/data/1929561/000192956124000123/rxo2024q3pressrelease.htm | RXO earnings release (Ex.99.1) for Q3/24, T1 (BS: Long-term assets; row 'Other long-term assets'), column BScur",
other_lt_assets,Q4/24,42,USD m,"https://www.sec.gov/Archives/edgar/data/1929561/000192956126000006/rxoq42025pressrelease.htm | RXO earnings release (Ex.99.1) for Q4/25, T1 (BS: Long-term assets; row 'Other long-term assets'), column BSprior",Year-end balance (same as FY2024)
other_lt_assets,FY2024,42,USD m,"https://www.sec.gov/Archives/edgar/data/1929561/000192956126000006/rxoq42025pressrelease.htm | RXO earnings release (Ex.99.1) for Q4/25, T1 (BS: Long-term assets; row 'Other long-term assets'), column BSprior",Latest-filed value used (release Q4/25); originally reported 45 in Q4/24 release
other_lt_assets,Q1/25,42,USD m,"https://www.sec.gov/Archives/edgar/data/1929561/000192956125000078/rxo2025q1pressrelease.htm | RXO earnings release (Ex.99.1) for Q1/25, T1 (BS: Long-term assets; row 'Other long-term assets'), column BScur",
other_lt_assets,Q2/25,31,USD m,"https://www.sec.gov/Archives/edgar/data/1929561/000192956125000096/rxo2025q2pressrelease.htm | RXO earnings release (Ex.99.1) for Q2/25, T1 (BS: Long-term assets; row 'Other long-term assets'), column BScur",
other_lt_assets,Q3/25,23,USD m,"https://www.sec.gov/Archives/edgar/data/1929561/000192956125000110/rxo2025q3pressrelease.htm | RXO earnings release (Ex.99.1) for Q3/25, T1 (BS: Long-term assets; row 'Other long-term assets'), column BScur",
other_lt_assets,Q4/25,24,USD m,"https://www.sec.gov/Archives/edgar/data/1929561/000192956126000033/rxo2026q2pressrelease.htm | RXO earnings release (Ex.99.1) for Q2/26, T1 (BS: Long-term assets; row 'Other long-term assets'), column BSprior",Year-end balance (same as FY2025)
other_lt_assets,FY2025,24,USD m,"https://www.sec.gov/Archives/edgar/data/1929561/000192956126000033/rxo2026q2pressrelease.htm | RXO earnings release (Ex.99.1) for Q2/26, T1 (BS: Long-term assets; row 'Other long-term assets'), column BSprior",
other_lt_assets,Q1/26,27,USD m,"https://www.sec.gov/Archives/edgar/data/1929561/000192956126000023/rxo2026q1pressrelease.htm | RXO earnings release (Ex.99.1) for Q1/26, T1 (BS: Long-term assets; row 'Other long-term assets'), column BScur",
other_lt_assets,Q2/26,29,USD m,"https://www.sec.gov/Archives/edgar/data/1929561/000192956126000033/rxo2026q2pressrelease.htm | RXO earnings release (Ex.99.1) for Q2/26, T1 (BS: Long-term assets; row 'Other long-term assets'), column BScur",
other_lt_liabilities,FY2021,37,USD m,"https://www.sec.gov/Archives/edgar/data/1929561/000192956123000023/rxoq42022pressrelease.htm | RXO earnings release (Ex.99.1) for Q4/22, T1 (BS: Long-term liabilities; row 'Other long-term liabilities'), column BSprior",
other_lt_liabilities,Q2/22,38,USD m,"https://www.sec.gov/Archives/edgar/data/1929561/000162828022026335/exhibit991-form10a.htm | Form 10/A information statement (Ex.99.1), unaudited condensed combined balance sheet as of June 30, 2022",
other_lt_liabilities,Q3/22,36,USD m,"https://www.sec.gov/Archives/edgar/data/1929561/000192956122000022/rxo-20220930.htm | Form 10-Q Q3 2022, Condensed Combined Balance Sheet (Sept 30, 2022)",
other_lt_liabilities,Q4/22,40,USD m,"https://www.sec.gov/Archives/edgar/data/1929561/000192956124000025/rxoq42023pressrelease.htm | RXO earnings release (Ex.99.1) for Q4/23, T1 (BS: Long-term liabilities; row 'Other long-term liabilities'), column BSprior",Year-end balance (same as FY2022)
other_lt_liabilities,FY2022,40,USD m,"https://www.sec.gov/Archives/edgar/data/1929561/000192956124000025/rxoq42023pressrelease.htm | RXO earnings release (Ex.99.1) for Q4/23, T1 (BS: Long-term liabilities; row 'Other long-term liabilities'), column BSprior",Latest-filed value used (release Q4/23); originally reported 29 in Q4/22 release
other_lt_liabilities,Q1/23,37,USD m,"https://www.sec.gov/Archives/edgar/data/1929561/000192956123000054/rxoq12023pressrelease.htm | RXO earnings release (Ex.99.1) for Q1/23, T1 (BS: Long-term liabilities; row 'Other long-term liabilities'), column BScur",
other_lt_liabilities,Q2/23,38,USD m,"https://www.sec.gov/Archives/edgar/data/1929561/000192956123000069/rxo2023q2pressrelease.htm | RXO earnings release (Ex.99.1) for Q2/23, T1 (BS: Long-term liabilities; row 'Other long-term liabilities'), column BScur",
other_lt_liabilities,Q3/23,37,USD m,"https://www.sec.gov/Archives/edgar/data/1929561/000192956123000090/rxo2023q3pressrelease.htm | RXO earnings release (Ex.99.1) for Q3/23, T1 (BS: Long-term liabilities; row 'Other long-term liabilities'), column BScur",
other_lt_liabilities,Q4/23,40,USD m,"https://www.sec.gov/Archives/edgar/data/1929561/000192956125000029/rxoq42024pressrelease.htm | RXO earnings release (Ex.99.1) for Q4/24, T1 (BS: Long-term liabilities; row 'Other long-term liabilities'), column BSprior",Year-end balance (same as FY2023)
other_lt_liabilities,FY2023,40,USD m,"https://www.sec.gov/Archives/edgar/data/1929561/000192956125000029/rxoq42024pressrelease.htm | RXO earnings release (Ex.99.1) for Q4/24, T1 (BS: Long-term liabilities; row 'Other long-term liabilities'), column BSprior",
other_lt_liabilities,Q1/24,41,USD m,"https://www.sec.gov/Archives/edgar/data/1929561/000192956124000075/rxo2024q1pressrelease.htm | RXO earnings release (Ex.99.1) for Q1/24, T1 (BS: Long-term liabilities; row 'Other long-term liabilities'), column BScur",
other_lt_liabilities,Q2/24,42,USD m,"https://www.sec.gov/Archives/edgar/data/1929561/000192956124000098/rxo2024q2pressrelease.htm | RXO earnings release (Ex.99.1) for Q2/24, T1 (BS: Long-term liabilities; row 'Other long-term liabilities'), column BScur",
other_lt_liabilities,Q3/24,65,USD m,"https://www.sec.gov/Archives/edgar/data/1929561/000192956124000123/rxo2024q3pressrelease.htm | RXO earnings release (Ex.99.1) for Q3/24, T1 (BS: Long-term liabilities; row 'Other long-term liabilities'), column BScur",
other_lt_liabilities,Q4/24,83,USD m,"https://www.sec.gov/Archives/edgar/data/1929561/000192956126000006/rxoq42025pressrelease.htm | RXO earnings release (Ex.99.1) for Q4/25, T1 (BS: Long-term liabilities; row 'Other long-term liabilities'), column BSprior",Year-end balance (same as FY2024)
other_lt_liabilities,FY2024,83,USD m,"https://www.sec.gov/Archives/edgar/data/1929561/000192956126000006/rxoq42025pressrelease.htm | RXO earnings release (Ex.99.1) for Q4/25, T1 (BS: Long-term liabilities; row 'Other long-term liabilities'), column BSprior",Latest-filed value used (release Q4/25); originally reported 84 in Q4/24 release
other_lt_liabilities,Q1/25,88,USD m,"https://www.sec.gov/Archives/edgar/data/1929561/000192956125000078/rxo2025q1pressrelease.htm | RXO earnings release (Ex.99.1) for Q1/25, T1 (BS: Long-term liabilities; row 'Other long-term liabilities'), column BScur",
other_lt_liabilities,Q2/25,70,USD m,"https://www.sec.gov/Archives/edgar/data/1929561/000192956125000096/rxo2025q2pressrelease.htm | RXO earnings release (Ex.99.1) for Q2/25, T1 (BS: Long-term liabilities; row 'Other long-term liabilities'), column BScur",
other_lt_liabilities,Q3/25,71,USD m,"https://www.sec.gov/Archives/edgar/data/1929561/000192956125000110/rxo2025q3pressrelease.htm | RXO earnings release (Ex.99.1) for Q3/25, T1 (BS: Long-term liabilities; row 'Other long-term liabilities'), column BScur",
other_lt_liabilities,Q4/25,69,USD m,"https://www.sec.gov/Archives/edgar/data/1929561/000192956126000033/rxo2026q2pressrelease.htm | RXO earnings release (Ex.99.1) for Q2/26, T1 (BS: Long-term liabilities; row 'Other long-term liabilities'), column BSprior",Year-end balance (same as FY2025)
other_lt_liabilities,FY2025,69,USD m,"https://www.sec.gov/Archives/edgar/data/1929561/000192956126000033/rxo2026q2pressrelease.htm | RXO earnings release (Ex.99.1) for Q2/26, T1 (BS: Long-term liabilities; row 'Other long-term liabilities'), column BSprior",
other_lt_liabilities,Q1/26,63,USD m,"https://www.sec.gov/Archives/edgar/data/1929561/000192956126000023/rxo2026q1pressrelease.htm | RXO earnings release (Ex.99.1) for Q1/26, T1 (BS: Long-term liabilities; row 'Other long-term liabilities'), column BScur",
other_lt_liabilities,Q2/26,65,USD m,"https://www.sec.gov/Archives/edgar/data/1929561/000192956126000033/rxo2026q2pressrelease.htm | RXO earnings release (Ex.99.1) for Q2/26, T1 (BS: Long-term liabilities; row 'Other long-term liabilities'), column BScur",
outlook_q3_26_adj_ebitda_high,Q3/26E,45,USD m,https://www.sec.gov/Archives/edgar/data/1929561/000192956126000033/rxo2026q2pressrelease.htm | 'Third-Quarter Outlook',
outlook_q3_26_adj_ebitda_low,Q3/26E,35,USD m,https://www.sec.gov/Archives/edgar/data/1929561/000192956126000033/rxo2026q2pressrelease.htm | 'Third-Quarter Outlook': 'RXO expects third-quarter 2026 adjusted EBITDA to be between $35 million and $45 million',Latest RXO guidance; reaffirmed qualitatively on 9-Sep-2026 (TL volume +LSD-MSD% YoY; TL GP/load +>10% Aug vs Jul)
ppe_net,FY2021,111,USD m,"https://www.sec.gov/Archives/edgar/data/1929561/000192956123000023/rxoq42022pressrelease.htm | RXO earnings release (Ex.99.1) for Q4/22, T1 (BS: Long-term assets; row 'Property and equipment, net of $241 and $219 in accumulated '), column BSprior",
ppe_net,Q2/22,114,USD m,"https://www.sec.gov/Archives/edgar/data/1929561/000162828022026335/exhibit991-form10a.htm | Form 10/A information statement (Ex.99.1), unaudited condensed combined balance sheet as of June 30, 2022",
ppe_net,Q3/22,119,USD m,"https://www.sec.gov/Archives/edgar/data/1929561/000192956122000022/rxo-20220930.htm | Form 10-Q Q3 2022, Condensed Combined Balance Sheet (Sept 30, 2022)",
ppe_net,Q4/22,119,USD m,"https://www.sec.gov/Archives/edgar/data/1929561/000192956124000025/rxoq42023pressrelease.htm | RXO earnings release (Ex.99.1) for Q4/23, T1 (BS: Long-term assets; row 'Property and equipment, net of $293 and $241 in accumulated '), column BSprior",Year-end balance (same as FY2022)
ppe_net,FY2022,119,USD m,"https://www.sec.gov/Archives/edgar/data/1929561/000192956124000025/rxoq42023pressrelease.htm | RXO earnings release (Ex.99.1) for Q4/23, T1 (BS: Long-term assets; row 'Property and equipment, net of $293 and $241 in accumulated '), column BSprior",
ppe_net,Q1/23,117,USD m,"https://www.sec.gov/Archives/edgar/data/1929561/000192956123000054/rxoq12023pressrelease.htm | RXO earnings release (Ex.99.1) for Q1/23, T1 (BS: Long-term assets; row 'Property and equipment, net of $255 and $241 in accumulated '), column BScur",
ppe_net,Q2/23,116,USD m,"https://www.sec.gov/Archives/edgar/data/1929561/000192956123000069/rxo2023q2pressrelease.htm | RXO earnings release (Ex.99.1) for Q2/23, T1 (BS: Long-term assets; row 'Property and equipment, net of $270 and $241 in accumulated '), column BScur",
ppe_net,Q3/23,122,USD m,"https://www.sec.gov/Archives/edgar/data/1929561/000192956123000090/rxo2023q3pressrelease.htm | RXO earnings release (Ex.99.1) for Q3/23, T1 (BS: Long-term assets; row 'Property and equipment, net of $281 and $241 in accumulated '), column BScur",
ppe_net,Q4/23,124,USD m,"https://www.sec.gov/Archives/edgar/data/1929561/000192956125000029/rxoq42024pressrelease.htm | RXO earnings release (Ex.99.1) for Q4/24, T1 (BS: Long-term assets; row 'Property and equipment, net of $317 and $293 in accumulated '), column BSprior",Year-end balance (same as FY2023)
ppe_net,FY2023,124,USD m,"https://www.sec.gov/Archives/edgar/data/1929561/000192956125000029/rxoq42024pressrelease.htm | RXO earnings release (Ex.99.1) for Q4/24, T1 (BS: Long-term assets; row 'Property and equipment, net of $317 and $293 in accumulated '), column BSprior",
ppe_net,Q1/24,121,USD m,"https://www.sec.gov/Archives/edgar/data/1929561/000192956124000075/rxo2024q1pressrelease.htm | RXO earnings release (Ex.99.1) for Q1/24, T1 (BS: Long-term assets; row 'Property and equipment, net of $305 and $293 in accumulated '), column BScur",
ppe_net,Q2/24,118,USD m,"https://www.sec.gov/Archives/edgar/data/1929561/000192956124000098/rxo2024q2pressrelease.htm | RXO earnings release (Ex.99.1) for Q2/24, T1 (BS: Long-term assets; row 'Property and equipment, net of $319 and $293 in accumulated '), column BScur",
ppe_net,Q3/24,175,USD m,"https://www.sec.gov/Archives/edgar/data/1929561/000192956124000123/rxo2024q3pressrelease.htm | RXO earnings release (Ex.99.1) for Q3/24, T1 (BS: Long-term assets; row 'Property and equipment, net of $300 and $293 in accumulated '), column BScur",
ppe_net,Q4/24,135,USD m,"https://www.sec.gov/Archives/edgar/data/1929561/000192956126000006/rxoq42025pressrelease.htm | RXO earnings release (Ex.99.1) for Q4/25, T1 (BS: Long-term assets; row 'Property and equipment, net of $381 and $317 in accumulated '), column BSprior",Year-end balance (same as FY2024)
ppe_net,FY2024,135,USD m,"https://www.sec.gov/Archives/edgar/data/1929561/000192956126000006/rxoq42025pressrelease.htm | RXO earnings release (Ex.99.1) for Q4/25, T1 (BS: Long-term assets; row 'Property and equipment, net of $381 and $317 in accumulated '), column BSprior",
ppe_net,Q1/25,143,USD m,"https://www.sec.gov/Archives/edgar/data/1929561/000192956125000078/rxo2025q1pressrelease.htm | RXO earnings release (Ex.99.1) for Q1/25, T1 (BS: Long-term assets; row 'Property and equipment, net of $333 and $317 in accumulated '), column BScur",
ppe_net,Q2/25,137,USD m,"https://www.sec.gov/Archives/edgar/data/1929561/000192956125000096/rxo2025q2pressrelease.htm | RXO earnings release (Ex.99.1) for Q2/25, T1 (BS: Long-term assets; row 'Property and equipment, net of $351 and $317 in accumulated '), column BScur",
ppe_net,Q3/25,137,USD m,"https://www.sec.gov/Archives/edgar/data/1929561/000192956125000110/rxo2025q3pressrelease.htm | RXO earnings release (Ex.99.1) for Q3/25, T1 (BS: Long-term assets; row 'Property and equipment, net of $365 and $317 in accumulated '), column BScur",
ppe_net,Q4/25,134,USD m,"https://www.sec.gov/Archives/edgar/data/1929561/000192956126000033/rxo2026q2pressrelease.htm | RXO earnings release (Ex.99.1) for Q2/26, T1 (BS: Long-term assets; row 'Property and equipment, net of $412 and $381 in accumulated '), column BSprior",Year-end balance (same as FY2025)
ppe_net,FY2025,134,USD m,"https://www.sec.gov/Archives/edgar/data/1929561/000192956126000033/rxo2026q2pressrelease.htm | RXO earnings release (Ex.99.1) for Q2/26, T1 (BS: Long-term assets; row 'Property and equipment, net of $412 and $381 in accumulated '), column BSprior",
ppe_net,Q1/26,131,USD m,"https://www.sec.gov/Archives/edgar/data/1929561/000192956126000023/rxo2026q1pressrelease.htm | RXO earnings release (Ex.99.1) for Q1/26, T1 (BS: Long-term assets; row 'Property and equipment, net of $396 and $381 in accumulated '), column BScur",
ppe_net,Q2/26,126,USD m,"https://www.sec.gov/Archives/edgar/data/1929561/000192956126000033/rxo2026q2pressrelease.htm | RXO earnings release (Ex.99.1) for Q2/26, T1 (BS: Long-term assets; row 'Property and equipment, net of $412 and $381 in accumulated '), column BScur",
prefunded_warrants_outstanding,2026-09-30,4.577327,shares m,https://www.sec.gov/Archives/edgar/data/1043277/000119312526413203/d115124dex21.htm | Merger Agreement s.4.2(a)(i)(E),Pre-funded warrants (exercise price $0.01) issued Aug-2024 private placement; included in basic WASO
pretax,FY2021,191,USD m,"https://www.sec.gov/Archives/edgar/data/1929561/000192956123000023/rxoq42022pressrelease.htm | RXO earnings release (Ex.99.1) for Q4/22, T0 (PL: (Dollars in millions, shares in thousand; row 'Income (loss) before income taxes'), column YTDprior",
pretax,Q1/22,51,USD m,"https://www.sec.gov/Archives/edgar/data/1929561/000192956123000054/rxoq12023pressrelease.htm | RXO earnings release (Ex.99.1) for Q1/23, T0 (PL: (Dollars in millions, shares in thousand; row 'Income (loss) before income taxes'), column Qprior",
pretax,Q2/22,59,USD m,"https://www.sec.gov/Archives/edgar/data/1929561/000192956123000069/rxo2023q2pressrelease.htm | RXO earnings release (Ex.99.1) for Q2/23, T0 (PL: (Dollars in millions, shares in thousand; row 'Income before income taxes'), column Qprior",
pretax,Q3/22,15,USD m,"https://www.sec.gov/Archives/edgar/data/1929561/000192956123000090/rxo2023q3pressrelease.htm | RXO earnings release (Ex.99.1) for Q3/23, T0 (PL: (Dollars in millions, shares in thousand; row 'Income (loss) before income taxes'), column Qprior",
pretax,Q4/22,-6,USD m,"https://www.sec.gov/Archives/edgar/data/1929561/000192956124000025/rxoq42023pressrelease.htm | RXO earnings release (Ex.99.1) for Q4/23, T0 (PL: 2023; row 'Income (loss) before income taxes'), column Qprior",
pretax,FY2022,119,USD m,"https://www.sec.gov/Archives/edgar/data/1929561/000192956124000025/rxoq42023pressrelease.htm | RXO earnings release (Ex.99.1) for Q4/23, T0 (PL: 2023; row 'Income (loss) before income taxes'), column YTDprior",
pretax,Q1/23,-3,USD m,"https://www.sec.gov/Archives/edgar/data/1929561/000192956124000075/rxo2024q1pressrelease.htm | RXO earnings release (Ex.99.1) for Q1/24, T0 (PL: (Dollars in millions, shares in thousand; row 'Loss before income taxes'), column Qprior",
pretax,Q2/23,6,USD m,"https://www.sec.gov/Archives/edgar/data/1929561/000192956124000098/rxo2024q2pressrelease.htm | RXO earnings release (Ex.99.1) for Q2/24, T0 (PL: (Dollars in millions, shares in thousand; row 'Income (loss) before income taxes'), column Qprior",
pretax,Q3/23,-3,USD m,"https://www.sec.gov/Archives/edgar/data/1929561/000192956124000123/rxo2024q3pressrelease.htm | RXO earnings release (Ex.99.1) for Q3/24, T0 (PL: (Dollars in millions, shares in thousand; row 'Income (loss) before income taxes'), column Qprior",
pretax,Q4/23,4,USD m,"https://www.sec.gov/Archives/edgar/data/1929561/000192956125000029/rxoq42024pressrelease.htm | RXO earnings release (Ex.99.1) for Q4/24, T0 (PL: (Dollars in millions, shares in thousand; row 'Income (loss) before income taxes'), column Qprior",
pretax,FY2023,4,USD m,"https://www.sec.gov/Archives/edgar/data/1929561/000192956125000029/rxoq42024pressrelease.htm | RXO earnings release (Ex.99.1) for Q4/24, T0 (PL: (Dollars in millions, shares in thousand; row 'Income (loss) before income taxes'), column YTDprior",
pretax,Q1/24,-21,USD m,"https://www.sec.gov/Archives/edgar/data/1929561/000192956125000078/rxo2025q1pressrelease.htm | RXO earnings release (Ex.99.1) for Q1/25, T0 (PL: (Dollars in millions, shares in thousand; row 'Loss before income taxes'), column Qprior",
pretax,Q2/24,-8,USD m,"https://www.sec.gov/Archives/edgar/data/1929561/000192956125000096/rxo2025q2pressrelease.htm | RXO earnings release (Ex.99.1) for Q2/25, T0 (PL: (Dollars in millions, shares in thousand; row 'Loss before income taxes'), column Qprior",
pretax,Q3/24,-242,USD m,"https://www.sec.gov/Archives/edgar/data/1929561/000192956125000110/rxo2025q3pressrelease.htm | RXO earnings release (Ex.99.1) for Q3/25, T0 (PL: (Dollars in millions, shares in thousand; row 'Loss before income taxes'), column Qprior",
pretax,Q4/24,-33,USD m,"https://www.sec.gov/Archives/edgar/data/1929561/000192956126000006/rxoq42025pressrelease.htm | RXO earnings release (Ex.99.1) for Q4/25, T0 (PL: (Dollars in millions, shares in thousand; row 'Loss before income taxes'), column Qprior",
pretax,FY2024,-304,USD m,"https://www.sec.gov/Archives/edgar/data/1929561/000192956126000006/rxoq42025pressrelease.htm | RXO earnings release (Ex.99.1) for Q4/25, T0 (PL: (Dollars in millions, shares in thousand; row 'Loss before income taxes'), column YTDprior",
pretax,Q1/25,-39,USD m,"https://www.sec.gov/Archives/edgar/data/1929561/000192956126000023/rxo2026q1pressrelease.htm | RXO earnings release (Ex.99.1) for Q1/26, T0 (PL: (Dollars in millions, shares in thousand; row 'Loss before income taxes'), column Qprior",
pretax,Q2/25,-10,USD m,"https://www.sec.gov/Archives/edgar/data/1929561/000192956126000033/rxo2026q2pressrelease.htm | RXO earnings release (Ex.99.1) for Q2/26, T0 (PL: (Dollars in millions, shares in thousand; row 'Loss before income taxes'), column Qprior",
pretax,Q3/25,-15,USD m,"https://www.sec.gov/Archives/edgar/data/1929561/000192956125000110/rxo2025q3pressrelease.htm | RXO earnings release (Ex.99.1) for Q3/25, T0 (PL: (Dollars in millions, shares in thousand; row 'Loss before income taxes'), column Qcur",
pretax,Q4/25,-51,USD m,"https://www.sec.gov/Archives/edgar/data/1929561/000192956126000006/rxoq42025pressrelease.htm | RXO earnings release (Ex.99.1) for Q4/25, T0 (PL: (Dollars in millions, shares in thousand; row 'Loss before income taxes'), column Qcur",
pretax,FY2025,-115,USD m,"https://www.sec.gov/Archives/edgar/data/1929561/000192956126000006/rxoq42025pressrelease.htm | RXO earnings release (Ex.99.1) for Q4/25, T0 (PL: (Dollars in millions, shares in thousand; row 'Loss before income taxes'), column YTDcur",
pretax,Q1/26,-49,USD m,"https://www.sec.gov/Archives/edgar/data/1929561/000192956126000023/rxo2026q1pressrelease.htm | RXO earnings release (Ex.99.1) for Q1/26, T0 (PL: (Dollars in millions, shares in thousand; row 'Loss before income taxes'), column Qcur",
pretax,Q2/26,-8,USD m,"https://www.sec.gov/Archives/edgar/data/1929561/000192956126000033/rxo2026q2pressrelease.htm | RXO earnings release (Ex.99.1) for Q2/26, T0 (PL: (Dollars in millions, shares in thousand; row 'Loss before income taxes'), column Qcur",
pretax,LTM_Q2/26,-123,USD m,Derived: sum of Q3/25+Q4/25+Q1/26+Q2/26 three-month figures,LTM to 30-Jun-2026
pretax,LTM_Q2/25,-324,USD m,Derived: sum of Q3/24..Q2/25 three-month figures,LTM to 30-Jun-2025
pro_forma_revenue_incl_coyote,FY2023,7079,USD m,https://www.sec.gov/Archives/edgar/data/1929561/000192956125000044/rxo-20241231.htm | 10-K FY2024 Note 3 unaudited pro forma,
pro_forma_revenue_incl_coyote,FY2024,6390,USD m,https://www.sec.gov/Archives/edgar/data/1929561/000192956125000044/rxo-20241231.htm | 10-K FY2024 Note 3 unaudited pro forma (as if acquired 1-Jan-2023),
proceeds_ppe_sales,FY2021,1,USD m,"https://www.sec.gov/Archives/edgar/data/1929561/000192956123000023/rxoq42022pressrelease.htm | RXO earnings release (Ex.99.1) for Q4/22, T2 (CF: Investing activities; row 'Proceeds from sale of property and equipment'), column YTDprior",
proceeds_ppe_sales,Q3/22,1,USD m,"Derived: YTD through Q3 minus YTD through Q2. Sources: [https://www.sec.gov/Archives/edgar/data/1929561/000192956123000090/rxo2023q3pressrelease.htm | RXO earnings release (Ex.99.1) for Q3/23, T2 (CF: Investing activities; row 'Proceeds from sale of property and equipment'), column YTDprior] minus [n/a (line not shown = 0)]",Q3 three-month figure derived as YTD3 - YTD2
proceeds_ppe_sales,Q4/22,0,USD m,"Derived: YTD through Q4 minus YTD through Q3. Sources: [https://www.sec.gov/Archives/edgar/data/1929561/000192956124000025/rxoq42023pressrelease.htm | RXO earnings release (Ex.99.1) for Q4/23, T2 (CF: Investing activities; row 'Proceeds from sale of property and equipment'), column YTDprior] minus [https://www.sec.gov/Archives/edgar/data/1929561/000192956123000090/rxo2023q3pressrelease.htm | RXO earnings release (Ex.99.1) for Q3/23, T2 (CF: Investing activities; row 'Proceeds from sale of property and equipment'), column YTDprior]",Q4 three-month figure derived as YTD4 - YTD3 (Q4 = FY - 9M)
proceeds_ppe_sales,FY2022,1,USD m,"https://www.sec.gov/Archives/edgar/data/1929561/000192956124000025/rxoq42023pressrelease.htm | RXO earnings release (Ex.99.1) for Q4/23, T2 (CF: Investing activities; row 'Proceeds from sale of property and equipment'), column YTDprior",
proceeds_ppe_sales,Q3/23,0,USD m,"Derived: YTD through Q3 minus YTD through Q2. Sources: [https://www.sec.gov/Archives/edgar/data/1929561/000192956123000090/rxo2023q3pressrelease.htm | RXO earnings release (Ex.99.1) for Q3/23, T2 (CF: Investing activities; row 'Proceeds from sale of property and equipment'), column YTDcur] minus [n/a (line not shown = 0)]",Q3 three-month figure derived as YTD3 - YTD2
proceeds_ppe_sales,Q4/23,0,USD m,"Derived: YTD through Q4 minus YTD through Q3. Sources: [https://www.sec.gov/Archives/edgar/data/1929561/000192956124000025/rxoq42023pressrelease.htm | RXO earnings release (Ex.99.1) for Q4/23, T2 (CF: Investing activities; row 'Proceeds from sale of property and equipment'), column YTDcur] minus [https://www.sec.gov/Archives/edgar/data/1929561/000192956123000090/rxo2023q3pressrelease.htm | RXO earnings release (Ex.99.1) for Q3/23, T2 (CF: Investing activities; row 'Proceeds from sale of property and equipment'), column YTDcur]",Q4 three-month figure derived as YTD4 - YTD3 (Q4 = FY - 9M)
proceeds_ppe_sales,FY2023,0,USD m,"https://www.sec.gov/Archives/edgar/data/1929561/000192956124000025/rxoq42023pressrelease.htm | RXO earnings release (Ex.99.1) for Q4/23, T2 (CF: Investing activities; row 'Proceeds from sale of property and equipment'), column YTDcur",
proceeds_ppe_sales,Q2/24,0,USD m,"Derived: YTD through Q2 minus YTD through Q1. Sources: [https://www.sec.gov/Archives/edgar/data/1929561/000192956125000096/rxo2025q2pressrelease.htm | RXO earnings release (Ex.99.1) for Q2/25, T2 (CF: Investing activities; row 'Proceeds from sale of property and equipment'), column YTDprior] minus [n/a (line not shown = 0)]",Q2 three-month figure derived as YTD2 - YTD1
proceeds_ppe_sales,Q3/24,0,USD m,"Derived: YTD through Q3 minus YTD through Q2. Sources: [https://www.sec.gov/Archives/edgar/data/1929561/000192956125000110/rxo2025q3pressrelease.htm | RXO earnings release (Ex.99.1) for Q3/25, T2 (CF: Investing activities; row 'Proceeds from sale of property and equipment'), column YTDprior] minus [https://www.sec.gov/Archives/edgar/data/1929561/000192956125000096/rxo2025q2pressrelease.htm | RXO earnings release (Ex.99.1) for Q2/25, T2 (CF: Investing activities; row 'Proceeds from sale of property and equipment'), column YTDprior]",Q3 three-month figure derived as YTD3 - YTD2
proceeds_ppe_sales,Q4/24,0,USD m,"Derived: YTD through Q4 minus YTD through Q3. Sources: [https://www.sec.gov/Archives/edgar/data/1929561/000192956126000006/rxoq42025pressrelease.htm | RXO earnings release (Ex.99.1) for Q4/25, T2 (CF: Investing activities; row 'Proceeds from sale of property and equipment'), column YTDprior] minus [https://www.sec.gov/Archives/edgar/data/1929561/000192956125000110/rxo2025q3pressrelease.htm | RXO earnings release (Ex.99.1) for Q3/25, T2 (CF: Investing activities; row 'Proceeds from sale of property and equipment'), column YTDprior]",Q4 three-month figure derived as YTD4 - YTD3 (Q4 = FY - 9M)
proceeds_ppe_sales,FY2024,0,USD m,"https://www.sec.gov/Archives/edgar/data/1929561/000192956126000006/rxoq42025pressrelease.htm | RXO earnings release (Ex.99.1) for Q4/25, T2 (CF: Investing activities; row 'Proceeds from sale of property and equipment'), column YTDprior",
proceeds_ppe_sales,Q2/25,1,USD m,"Derived: YTD through Q2 minus YTD through Q1. Sources: [https://www.sec.gov/Archives/edgar/data/1929561/000192956126000033/rxo2026q2pressrelease.htm | RXO earnings release (Ex.99.1) for Q2/26, T2 (CF: Investing activities; row 'Proceeds from sale of property and equipment'), column YTDprior] minus [n/a (line not shown = 0)]",Q2 three-month figure derived as YTD2 - YTD1
proceeds_ppe_sales,Q3/25,0,USD m,"Derived: YTD through Q3 minus YTD through Q2. Sources: [https://www.sec.gov/Archives/edgar/data/1929561/000192956125000110/rxo2025q3pressrelease.htm | RXO earnings release (Ex.99.1) for Q3/25, T2 (CF: Investing activities; row 'Proceeds from sale of property and equipment'), column YTDcur] minus [https://www.sec.gov/Archives/edgar/data/1929561/000192956126000033/rxo2026q2pressrelease.htm | RXO earnings release (Ex.99.1) for Q2/26, T2 (CF: Investing activities; row 'Proceeds from sale of property and equipment'), column YTDprior]",Q3 three-month figure derived as YTD3 - YTD2
proceeds_ppe_sales,Q4/25,1,USD m,"Derived: YTD through Q4 minus YTD through Q3. Sources: [https://www.sec.gov/Archives/edgar/data/1929561/000192956126000006/rxoq42025pressrelease.htm | RXO earnings release (Ex.99.1) for Q4/25, T2 (CF: Investing activities; row 'Proceeds from sale of property and equipment'), column YTDcur] minus [https://www.sec.gov/Archives/edgar/data/1929561/000192956125000110/rxo2025q3pressrelease.htm | RXO earnings release (Ex.99.1) for Q3/25, T2 (CF: Investing activities; row 'Proceeds from sale of property and equipment'), column YTDcur]",Q4 three-month figure derived as YTD4 - YTD3 (Q4 = FY - 9M)
proceeds_ppe_sales,FY2025,2,USD m,"https://www.sec.gov/Archives/edgar/data/1929561/000192956126000006/rxoq42025pressrelease.htm | RXO earnings release (Ex.99.1) for Q4/25, T2 (CF: Investing activities; row 'Proceeds from sale of property and equipment'), column YTDcur",
proceeds_ppe_sales,Q2/26,0,USD m,"Derived: YTD through Q2 minus YTD through Q1. Sources: [https://www.sec.gov/Archives/edgar/data/1929561/000192956126000033/rxo2026q2pressrelease.htm | RXO earnings release (Ex.99.1) for Q2/26, T2 (CF: Investing activities; row 'Proceeds from sale of property and equipment'), column YTDcur] minus [n/a (line not shown = 0)]",Q2 three-month figure derived as YTD2 - YTD1
prsu_outstanding,FY2025,1.506375,shares m,"https://www.sec.gov/Archives/edgar/data/1929561/000192956126000013/rxo-20251231.htm | 10-K FY2025 stock-based compensation note, RSU/PRSU activity table",At target/as reported
psu_outstanding_max,2026-09-30,4.170125,shares m,https://www.sec.gov/Archives/edgar/data/1043277/000119312526413203/d115124dex21.htm | Merger Agreement s.4.2(a)(i)(D),"PSUs assuming maximum performance (merger treatment: FY24/25 actual, FY26 max, FY27/28 at 200% of target)"
receivables,FY2021,1010,USD m,"https://www.sec.gov/Archives/edgar/data/1929561/000192956123000023/rxoq42022pressrelease.htm | RXO earnings release (Ex.99.1) for Q4/22, T1 (BS: Current assets; row 'Accounts receivable, net of allowances of $13 and $9, respec'), column BSprior",
receivables,Q2/22,1107,USD m,"https://www.sec.gov/Archives/edgar/data/1929561/000162828022026335/exhibit991-form10a.htm | Form 10/A information statement (Ex.99.1), unaudited condensed combined balance sheet as of June 30, 2022",
receivables,Q3/22,1012,USD m,"https://www.sec.gov/Archives/edgar/data/1929561/000192956122000022/rxo-20220930.htm | Form 10-Q Q3 2022, Condensed Combined Balance Sheet (Sept 30, 2022)",
receivables,Q4/22,900,USD m,"https://www.sec.gov/Archives/edgar/data/1929561/000192956124000025/rxoq42023pressrelease.htm | RXO earnings release (Ex.99.1) for Q4/23, T1 (BS: Current assets; row 'Accounts receivable, net of $12 and $13 in allowances, respe'), column BSprior",Year-end balance (same as FY2022)
receivables,FY2022,900,USD m,"https://www.sec.gov/Archives/edgar/data/1929561/000192956124000025/rxoq42023pressrelease.htm | RXO earnings release (Ex.99.1) for Q4/23, T1 (BS: Current assets; row 'Accounts receivable, net of $12 and $13 in allowances, respe'), column BSprior",Latest-filed value used (release Q4/23); originally reported 907 in Q4/22 release
receivables,Q1/23,862,USD m,"https://www.sec.gov/Archives/edgar/data/1929561/000192956123000054/rxoq12023pressrelease.htm | RXO earnings release (Ex.99.1) for Q1/23, T1 (BS: Current assets; row 'Accounts receivable, net of allowances of $12 and $13, respe'), column BScur",
receivables,Q2/23,743,USD m,"https://www.sec.gov/Archives/edgar/data/1929561/000192956123000069/rxo2023q2pressrelease.htm | RXO earnings release (Ex.99.1) for Q2/23, T1 (BS: Current assets; row 'Accounts receivable, net of allowances of $10 and $13, respe'), column BScur",
receivables,Q3/23,787,USD m,"https://www.sec.gov/Archives/edgar/data/1929561/000192956123000090/rxo2023q3pressrelease.htm | RXO earnings release (Ex.99.1) for Q3/23, T1 (BS: Current assets; row 'Accounts receivable, net of allowances of $10 and $13, respe'), column BScur",
receivables,Q4/23,743,USD m,"https://www.sec.gov/Archives/edgar/data/1929561/000192956125000029/rxoq42024pressrelease.htm | RXO earnings release (Ex.99.1) for Q4/24, T1 (BS: Current assets; row 'Accounts receivable, net of $13 and $12 in allowances, respe'), column BSprior",Year-end balance (same as FY2023)
receivables,FY2023,743,USD m,"https://www.sec.gov/Archives/edgar/data/1929561/000192956125000029/rxoq42024pressrelease.htm | RXO earnings release (Ex.99.1) for Q4/24, T1 (BS: Current assets; row 'Accounts receivable, net of $13 and $12 in allowances, respe'), column BSprior",
receivables,Q1/24,716,USD m,"https://www.sec.gov/Archives/edgar/data/1929561/000192956124000075/rxo2024q1pressrelease.htm | RXO earnings release (Ex.99.1) for Q1/24, T1 (BS: Current assets; row 'Accounts receivable, net of $10 and $12 in allowances, respe'), column BScur",
receivables,Q2/24,725,USD m,"https://www.sec.gov/Archives/edgar/data/1929561/000192956124000098/rxo2024q2pressrelease.htm | RXO earnings release (Ex.99.1) for Q2/24, T1 (BS: Current assets; row 'Accounts receivable, net of $9 and $12 in allowances, respec'), column BScur",
receivables,Q3/24,1138,USD m,"https://www.sec.gov/Archives/edgar/data/1929561/000192956124000123/rxo2024q3pressrelease.htm | RXO earnings release (Ex.99.1) for Q3/24, T1 (BS: Current assets; row 'Accounts receivable, net of $9 and $12 in allowances, respec'), column BScur",
receivables,Q4/24,1227,USD m,"https://www.sec.gov/Archives/edgar/data/1929561/000192956126000006/rxoq42025pressrelease.htm | RXO earnings release (Ex.99.1) for Q4/25, T1 (BS: Current assets; row 'Accounts receivable, net of $16 and $13 in allowances, respe'), column BSprior",Year-end balance (same as FY2024)
receivables,FY2024,1227,USD m,"https://www.sec.gov/Archives/edgar/data/1929561/000192956126000006/rxoq42025pressrelease.htm | RXO earnings release (Ex.99.1) for Q4/25, T1 (BS: Current assets; row 'Accounts receivable, net of $16 and $13 in allowances, respe'), column BSprior",Latest-filed value used (release Q4/25); originally reported 1228 in Q4/24 release
receivables,Q1/25,1150,USD m,"https://www.sec.gov/Archives/edgar/data/1929561/000192956125000078/rxo2025q1pressrelease.htm | RXO earnings release (Ex.99.1) for Q1/25, T1 (BS: Current assets; row 'Accounts receivable, net of $11 and $13 in allowances, respe'), column BScur",
receivables,Q2/25,1065,USD m,"https://www.sec.gov/Archives/edgar/data/1929561/000192956125000096/rxo2025q2pressrelease.htm | RXO earnings release (Ex.99.1) for Q2/25, T1 (BS: Current assets; row 'Accounts receivable, net of $16 and $13 in allowances, respe'), column BScur",
receivables,Q3/25,1104,USD m,"https://www.sec.gov/Archives/edgar/data/1929561/000192956125000110/rxo2025q3pressrelease.htm | RXO earnings release (Ex.99.1) for Q3/25, T1 (BS: Current assets; row 'Accounts receivable, net of $15 and $13 in allowances, respe'), column BScur",
receivables,Q4/25,1226,USD m,"https://www.sec.gov/Archives/edgar/data/1929561/000192956126000033/rxo2026q2pressrelease.htm | RXO earnings release (Ex.99.1) for Q2/26, T1 (BS: Current assets; row 'Accounts receivable, net of $15 and $16 in allowances, respe'), column BSprior",Year-end balance (same as FY2025)
receivables,FY2025,1226,USD m,"https://www.sec.gov/Archives/edgar/data/1929561/000192956126000033/rxo2026q2pressrelease.htm | RXO earnings release (Ex.99.1) for Q2/26, T1 (BS: Current assets; row 'Accounts receivable, net of $15 and $16 in allowances, respe'), column BSprior",
receivables,Q1/26,1216,USD m,"https://www.sec.gov/Archives/edgar/data/1929561/000192956126000023/rxo2026q1pressrelease.htm | RXO earnings release (Ex.99.1) for Q1/26, T1 (BS: Current assets; row 'Accounts receivable, net of $15 and $16 in allowances, respe'), column BScur",
receivables,Q2/26,1444,USD m,"https://www.sec.gov/Archives/edgar/data/1929561/000192956126000033/rxo2026q2pressrelease.htm | RXO earnings release (Ex.99.1) for Q2/26, T1 (BS: Current assets; row 'Accounts receivable, net of $15 and $16 in allowances, respe'), column BScur",
restructuring_costs,FY2021,2,USD m,"https://www.sec.gov/Archives/edgar/data/1929561/000192956123000023/rxoq42022pressrelease.htm | RXO earnings release (Ex.99.1) for Q4/22, T0 (PL: (Dollars in millions, shares in thousand; row 'Restructuring costs'), column YTDprior",
restructuring_costs,Q1/22,0,USD m,"https://www.sec.gov/Archives/edgar/data/1929561/000192956123000054/rxoq12023pressrelease.htm | RXO earnings release (Ex.99.1) for Q1/23, T0 (PL: (Dollars in millions, shares in thousand; row 'Restructuring costs'), column Qprior",
restructuring_costs,Q2/22,3,USD m,"https://www.sec.gov/Archives/edgar/data/1929561/000192956123000069/rxo2023q2pressrelease.htm | RXO earnings release (Ex.99.1) for Q2/23, T0 (PL: (Dollars in millions, shares in thousand; row 'Restructuring costs'), column Qprior",
restructuring_costs,Q3/22,6,USD m,"https://www.sec.gov/Archives/edgar/data/1929561/000192956123000090/rxo2023q3pressrelease.htm | RXO earnings release (Ex.99.1) for Q3/23, T0 (PL: (Dollars in millions, shares in thousand; row 'Restructuring costs'), column Qprior",
restructuring_costs,Q4/22,4,USD m,"https://www.sec.gov/Archives/edgar/data/1929561/000192956124000025/rxoq42023pressrelease.htm | RXO earnings release (Ex.99.1) for Q4/23, T0 (PL: 2023; row 'Restructuring costs'), column Qprior",
restructuring_costs,FY2022,13,USD m,"https://www.sec.gov/Archives/edgar/data/1929561/000192956124000025/rxoq42023pressrelease.htm | RXO earnings release (Ex.99.1) for Q4/23, T0 (PL: 2023; row 'Restructuring costs'), column YTDprior",
restructuring_costs,Q1/23,8,USD m,"https://www.sec.gov/Archives/edgar/data/1929561/000192956124000075/rxo2024q1pressrelease.htm | RXO earnings release (Ex.99.1) for Q1/24, T0 (PL: (Dollars in millions, shares in thousand; row 'Restructuring costs'), column Qprior",
restructuring_costs,Q2/23,1,USD m,"https://www.sec.gov/Archives/edgar/data/1929561/000192956124000098/rxo2024q2pressrelease.htm | RXO earnings release (Ex.99.1) for Q2/24, T0 (PL: (Dollars in millions, shares in thousand; row 'Restructuring costs'), column Qprior",
restructuring_costs,Q3/23,3,USD m,"https://www.sec.gov/Archives/edgar/data/1929561/000192956124000123/rxo2024q3pressrelease.htm | RXO earnings release (Ex.99.1) for Q3/24, T0 (PL: (Dollars in millions, shares in thousand; row 'Restructuring costs'), column Qprior",
restructuring_costs,Q4/23,4,USD m,"https://www.sec.gov/Archives/edgar/data/1929561/000192956125000029/rxoq42024pressrelease.htm | RXO earnings release (Ex.99.1) for Q4/24, T0 (PL: (Dollars in millions, shares in thousand; row 'Restructuring costs'), column Qprior",
restructuring_costs,FY2023,16,USD m,"https://www.sec.gov/Archives/edgar/data/1929561/000192956125000029/rxoq42024pressrelease.htm | RXO earnings release (Ex.99.1) for Q4/24, T0 (PL: (Dollars in millions, shares in thousand; row 'Restructuring costs'), column YTDprior",
restructuring_costs,Q1/24,11,USD m,"https://www.sec.gov/Archives/edgar/data/1929561/000192956125000078/rxo2025q1pressrelease.htm | RXO earnings release (Ex.99.1) for Q1/25, T0 (PL: (Dollars in millions, shares in thousand; row 'Restructuring costs'), column Qprior",
restructuring_costs,Q2/24,2,USD m,"https://www.sec.gov/Archives/edgar/data/1929561/000192956125000096/rxo2025q2pressrelease.htm | RXO earnings release (Ex.99.1) for Q2/25, T0 (PL: (Dollars in millions, shares in thousand; row 'Restructuring costs'), column Qprior",
restructuring_costs,Q3/24,2,USD m,"https://www.sec.gov/Archives/edgar/data/1929561/000192956125000110/rxo2025q3pressrelease.htm | RXO earnings release (Ex.99.1) for Q3/25, T0 (PL: (Dollars in millions, shares in thousand; row 'Restructuring costs'), column Qprior",
restructuring_costs,Q4/24,18,USD m,"https://www.sec.gov/Archives/edgar/data/1929561/000192956126000006/rxoq42025pressrelease.htm | RXO earnings release (Ex.99.1) for Q4/25, T0 (PL: (Dollars in millions, shares in thousand; row 'Restructuring costs'), column Qprior",
restructuring_costs,FY2024,33,USD m,"https://www.sec.gov/Archives/edgar/data/1929561/000192956126000006/rxoq42025pressrelease.htm | RXO earnings release (Ex.99.1) for Q4/25, T0 (PL: (Dollars in millions, shares in thousand; row 'Restructuring costs'), column YTDprior",
restructuring_costs,Q1/25,14,USD m,"https://www.sec.gov/Archives/edgar/data/1929561/000192956126000023/rxo2026q1pressrelease.htm | RXO earnings release (Ex.99.1) for Q1/26, T0 (PL: (Dollars in millions, shares in thousand; row 'Restructuring costs'), column Qprior",
restructuring_costs,Q2/25,3,USD m,"https://www.sec.gov/Archives/edgar/data/1929561/000192956126000033/rxo2026q2pressrelease.htm | RXO earnings release (Ex.99.1) for Q2/26, T0 (PL: (Dollars in millions, shares in thousand; row 'Restructuring costs'), column Qprior",
restructuring_costs,Q3/25,4,USD m,"https://www.sec.gov/Archives/edgar/data/1929561/000192956125000110/rxo2025q3pressrelease.htm | RXO earnings release (Ex.99.1) for Q3/25, T0 (PL: (Dollars in millions, shares in thousand; row 'Restructuring costs'), column Qcur",
restructuring_costs,Q4/25,17,USD m,"https://www.sec.gov/Archives/edgar/data/1929561/000192956126000006/rxoq42025pressrelease.htm | RXO earnings release (Ex.99.1) for Q4/25, T0 (PL: (Dollars in millions, shares in thousand; row 'Restructuring costs'), column Qcur",
restructuring_costs,FY2025,38,USD m,"https://www.sec.gov/Archives/edgar/data/1929561/000192956126000006/rxoq42025pressrelease.htm | RXO earnings release (Ex.99.1) for Q4/25, T0 (PL: (Dollars in millions, shares in thousand; row 'Restructuring costs'), column YTDcur",
restructuring_costs,Q1/26,7,USD m,"https://www.sec.gov/Archives/edgar/data/1929561/000192956126000023/rxo2026q1pressrelease.htm | RXO earnings release (Ex.99.1) for Q1/26, T0 (PL: (Dollars in millions, shares in thousand; row 'Restructuring costs'), column Qcur",
restructuring_costs,Q2/26,7,USD m,"https://www.sec.gov/Archives/edgar/data/1929561/000192956126000033/rxo2026q2pressrelease.htm | RXO earnings release (Ex.99.1) for Q2/26, T0 (PL: (Dollars in millions, shares in thousand; row 'Restructuring costs'), column Qcur",
restructuring_costs,LTM_Q2/26,35,USD m,Derived: sum of Q3/25+Q4/25+Q1/26+Q2/26 three-month figures,LTM to 30-Jun-2026
restructuring_costs,LTM_Q2/25,37,USD m,Derived: sum of Q3/24..Q2/25 three-month figures,LTM to 30-Jun-2025
rev_brokerage,FY2021,2749,USD m,"https://www.sec.gov/Archives/edgar/data/1929561/000192956123000023/rxoq42022pressrelease.htm | RXO earnings release (Ex.99.1) for Q4/22, T3 (REV: Revenue; row 'Truck brokerage'), column YTDprior",
rev_brokerage,Q1/22,824,USD m,"https://www.sec.gov/Archives/edgar/data/1929561/000192956123000054/rxoq12023pressrelease.htm | RXO earnings release (Ex.99.1) for Q1/23, T3 (REV: Revenue; row 'Truck brokerage'), column Qprior",
rev_brokerage,Q2/22,755,USD m,"https://www.sec.gov/Archives/edgar/data/1929561/000192956123000069/rxo2023q2pressrelease.htm | RXO earnings release (Ex.99.1) for Q2/23, T3 (REV: Revenue; row 'Truck brokerage'), column Qprior",
rev_brokerage,Q3/22,686,USD m,"https://www.sec.gov/Archives/edgar/data/1929561/000192956123000090/rxo2023q3pressrelease.htm | RXO earnings release (Ex.99.1) for Q3/23, T3 (REV: Revenue; row 'Truck brokerage'), column Qprior",
rev_brokerage,Q4/22,664,USD m,"https://www.sec.gov/Archives/edgar/data/1929561/000192956124000025/rxoq42023pressrelease.htm | RXO earnings release (Ex.99.1) for Q4/23, T3 (REV: Revenue; row 'Truck brokerage'), column Qprior",
rev_brokerage,FY2022,2929,USD m,"https://www.sec.gov/Archives/edgar/data/1929561/000192956124000025/rxoq42023pressrelease.htm | RXO earnings release (Ex.99.1) for Q4/23, T3 (REV: Revenue; row 'Truck brokerage'), column YTDprior",
rev_brokerage,Q1/23,600,USD m,"https://www.sec.gov/Archives/edgar/data/1929561/000192956124000075/rxo2024q1pressrelease.htm | RXO earnings release (Ex.99.1) for Q1/24, T3 (REV: Revenue; row 'Truck brokerage'), column Qprior",
rev_brokerage,Q2/23,557,USD m,"https://www.sec.gov/Archives/edgar/data/1929561/000192956124000098/rxo2024q2pressrelease.htm | RXO earnings release (Ex.99.1) for Q2/24, T3 (REV: Revenue; row 'Truck brokerage'), column Qprior",
rev_brokerage,Q3/23,591,USD m,"https://www.sec.gov/Archives/edgar/data/1929561/000192956124000123/rxo2024q3pressrelease.htm | RXO earnings release (Ex.99.1) for Q3/24, T3 (REV: Revenue; row 'Truck brokerage'), column Qprior",
rev_brokerage,Q4/23,610,USD m,"https://www.sec.gov/Archives/edgar/data/1929561/000192956125000029/rxoq42024pressrelease.htm | RXO earnings release (Ex.99.1) for Q4/24, T3 (REV: Revenue; row 'Truck brokerage'), column Qprior",
rev_brokerage,FY2023,2358,USD m,"https://www.sec.gov/Archives/edgar/data/1929561/000192956125000029/rxoq42024pressrelease.htm | RXO earnings release (Ex.99.1) for Q4/24, T3 (REV: Revenue; row 'Truck brokerage'), column YTDprior",
rev_brokerage,Q1/24,564,USD m,"https://www.sec.gov/Archives/edgar/data/1929561/000192956125000078/rxo2025q1pressrelease.htm | RXO earnings release (Ex.99.1) for Q1/25, T3 (REV: Revenue; row 'Truck brokerage'), column Qprior",
rev_brokerage,Q2/24,543,USD m,"https://www.sec.gov/Archives/edgar/data/1929561/000192956125000096/rxo2025q2pressrelease.htm | RXO earnings release (Ex.99.1) for Q2/25, T3 (REV: Revenue; row 'Truck brokerage'), column Qprior",
rev_brokerage,Q3/24,655,USD m,"https://www.sec.gov/Archives/edgar/data/1929561/000192956125000110/rxo2025q3pressrelease.htm | RXO earnings release (Ex.99.1) for Q3/25, T3 (REV: Revenue; row 'Truck brokerage'), column Qprior",
rev_brokerage,Q4/24,1267,USD m,"https://www.sec.gov/Archives/edgar/data/1929561/000192956126000006/rxoq42025pressrelease.htm | RXO earnings release (Ex.99.1) for Q4/25, T3 (REV: Revenue; row 'Truck brokerage'), column Qprior",
rev_brokerage,FY2024,3029,USD m,"https://www.sec.gov/Archives/edgar/data/1929561/000192956126000006/rxoq42025pressrelease.htm | RXO earnings release (Ex.99.1) for Q4/25, T3 (REV: Revenue; row 'Truck brokerage'), column YTDprior",
rev_brokerage,Q1/25,1067,USD m,"https://www.sec.gov/Archives/edgar/data/1929561/000192956126000023/rxo2026q1pressrelease.htm | RXO earnings release (Ex.99.1) for Q1/26, T3 (REV: Revenue; row 'Truck brokerage'), column Qprior",
rev_brokerage,Q2/25,1025,USD m,"https://www.sec.gov/Archives/edgar/data/1929561/000192956126000033/rxo2026q2pressrelease.htm | RXO earnings release (Ex.99.1) for Q2/26, T3 (REV: Revenue; row 'Truck brokerage'), column Qprior",
rev_brokerage,Q3/25,1039,USD m,"https://www.sec.gov/Archives/edgar/data/1929561/000192956125000110/rxo2025q3pressrelease.htm | RXO earnings release (Ex.99.1) for Q3/25, T3 (REV: Revenue; row 'Truck brokerage'), column Qcur",
rev_brokerage,Q4/25,1094,USD m,"https://www.sec.gov/Archives/edgar/data/1929561/000192956126000006/rxoq42025pressrelease.htm | RXO earnings release (Ex.99.1) for Q4/25, T3 (REV: Revenue; row 'Truck brokerage'), column Qcur",
rev_brokerage,FY2025,4225,USD m,"https://www.sec.gov/Archives/edgar/data/1929561/000192956126000006/rxoq42025pressrelease.htm | RXO earnings release (Ex.99.1) for Q4/25, T3 (REV: Revenue; row 'Truck brokerage'), column YTDcur",
rev_brokerage,Q1/26,1097,USD m,"https://www.sec.gov/Archives/edgar/data/1929561/000192956126000023/rxo2026q1pressrelease.htm | RXO earnings release (Ex.99.1) for Q1/26, T3 (REV: Revenue; row 'Truck brokerage'), column Qcur",
rev_brokerage,Q2/26,1349,USD m,"https://www.sec.gov/Archives/edgar/data/1929561/000192956126000033/rxo2026q2pressrelease.htm | RXO earnings release (Ex.99.1) for Q2/26, T3 (REV: Revenue; row 'Truck brokerage'), column Qcur",
rev_brokerage,LTM_Q2/26,4579,USD m,Derived: sum of Q3/25+Q4/25+Q1/26+Q2/26 three-month figures,LTM to 30-Jun-2026
rev_brokerage,LTM_Q2/25,4014,USD m,Derived: sum of Q3/24..Q2/25 three-month figures,LTM to 30-Jun-2025
rev_elims,FY2021,-113,USD m,"https://www.sec.gov/Archives/edgar/data/1929561/000192956123000023/rxoq42022pressrelease.htm | RXO earnings release (Ex.99.1) for Q4/22, T3 (REV: Revenue; row 'Eliminations'), column YTDprior",
rev_elims,Q1/22,-36,USD m,"https://www.sec.gov/Archives/edgar/data/1929561/000192956123000054/rxoq12023pressrelease.htm | RXO earnings release (Ex.99.1) for Q1/23, T3 (REV: Revenue; row 'Eliminations'), column Qprior",
rev_elims,Q2/22,-36,USD m,"https://www.sec.gov/Archives/edgar/data/1929561/000192956123000069/rxo2023q2pressrelease.htm | RXO earnings release (Ex.99.1) for Q2/23, T3 (REV: Revenue; row 'Eliminations'), column Qprior",
rev_elims,Q3/22,-35,USD m,"https://www.sec.gov/Archives/edgar/data/1929561/000192956123000090/rxo2023q3pressrelease.htm | RXO earnings release (Ex.99.1) for Q3/23, T3 (REV: Revenue; row 'Eliminations'), column Qprior",
rev_elims,Q4/22,-32,USD m,"https://www.sec.gov/Archives/edgar/data/1929561/000192956124000025/rxoq42023pressrelease.htm | RXO earnings release (Ex.99.1) for Q4/23, T3 (REV: Revenue; row 'Eliminations'), column Qprior",
rev_elims,FY2022,-139,USD m,"https://www.sec.gov/Archives/edgar/data/1929561/000192956124000025/rxoq42023pressrelease.htm | RXO earnings release (Ex.99.1) for Q4/23, T3 (REV: Revenue; row 'Eliminations'), column YTDprior",
rev_elims,Q1/23,-27,USD m,"https://www.sec.gov/Archives/edgar/data/1929561/000192956124000075/rxo2024q1pressrelease.htm | RXO earnings release (Ex.99.1) for Q1/24, T3 (REV: Revenue; row 'Eliminations'), column Qprior",
rev_elims,Q2/23,-31,USD m,"https://www.sec.gov/Archives/edgar/data/1929561/000192956124000098/rxo2024q2pressrelease.htm | RXO earnings release (Ex.99.1) for Q2/24, T3 (REV: Revenue; row 'Eliminations'), column Qprior",
rev_elims,Q3/23,-34,USD m,"https://www.sec.gov/Archives/edgar/data/1929561/000192956124000123/rxo2024q3pressrelease.htm | RXO earnings release (Ex.99.1) for Q3/24, T3 (REV: Revenue; row 'Eliminations'), column Qprior",
rev_elims,Q4/23,-43,USD m,"https://www.sec.gov/Archives/edgar/data/1929561/000192956125000029/rxoq42024pressrelease.htm | RXO earnings release (Ex.99.1) for Q4/24, T3 (REV: Revenue; row 'Eliminations'), column Qprior",
rev_elims,FY2023,-135,USD m,"https://www.sec.gov/Archives/edgar/data/1929561/000192956125000029/rxoq42024pressrelease.htm | RXO earnings release (Ex.99.1) for Q4/24, T3 (REV: Revenue; row 'Eliminations'), column YTDprior",
rev_elims,Q1/24,-35,USD m,"https://www.sec.gov/Archives/edgar/data/1929561/000192956125000078/rxo2025q1pressrelease.htm | RXO earnings release (Ex.99.1) for Q1/25, T3 (REV: Revenue; row 'Eliminations'), column Qprior",
rev_elims,Q2/24,-34,USD m,"https://www.sec.gov/Archives/edgar/data/1929561/000192956125000096/rxo2025q2pressrelease.htm | RXO earnings release (Ex.99.1) for Q2/25, T3 (REV: Revenue; row 'Eliminations'), column Qprior",
rev_elims,Q3/24,-34,USD m,"https://www.sec.gov/Archives/edgar/data/1929561/000192956125000110/rxo2025q3pressrelease.htm | RXO earnings release (Ex.99.1) for Q3/25, T3 (REV: Revenue; row 'Eliminations'), column Qprior",
rev_elims,Q4/24,-31,USD m,"https://www.sec.gov/Archives/edgar/data/1929561/000192956126000006/rxoq42025pressrelease.htm | RXO earnings release (Ex.99.1) for Q4/25, T3 (REV: Revenue; row 'Eliminations'), column Qprior",
rev_elims,FY2024,-134,USD m,"https://www.sec.gov/Archives/edgar/data/1929561/000192956126000006/rxoq42025pressrelease.htm | RXO earnings release (Ex.99.1) for Q4/25, T3 (REV: Revenue; row 'Eliminations'), column YTDprior",
rev_elims,Q1/25,-49,USD m,"https://www.sec.gov/Archives/edgar/data/1929561/000192956126000023/rxo2026q1pressrelease.htm | RXO earnings release (Ex.99.1) for Q1/26, T3 (REV: Revenue; row 'Eliminations'), column Qprior",
rev_elims,Q2/25,-63,USD m,"https://www.sec.gov/Archives/edgar/data/1929561/000192956126000033/rxo2026q2pressrelease.htm | RXO earnings release (Ex.99.1) for Q2/26, T3 (REV: Revenue; row 'Eliminations'), column Qprior",
rev_elims,Q3/25,-60,USD m,"https://www.sec.gov/Archives/edgar/data/1929561/000192956125000110/rxo2025q3pressrelease.htm | RXO earnings release (Ex.99.1) for Q3/25, T3 (REV: Revenue; row 'Eliminations'), column Qcur",
rev_elims,Q4/25,-56,USD m,"https://www.sec.gov/Archives/edgar/data/1929561/000192956126000006/rxoq42025pressrelease.htm | RXO earnings release (Ex.99.1) for Q4/25, T3 (REV: Revenue; row 'Eliminations'), column Qcur",
rev_elims,FY2025,-228,USD m,"https://www.sec.gov/Archives/edgar/data/1929561/000192956126000006/rxoq42025pressrelease.htm | RXO earnings release (Ex.99.1) for Q4/25, T3 (REV: Revenue; row 'Eliminations'), column YTDcur",
rev_elims,Q1/26,-60,USD m,"https://www.sec.gov/Archives/edgar/data/1929561/000192956126000023/rxo2026q1pressrelease.htm | RXO earnings release (Ex.99.1) for Q1/26, T3 (REV: Revenue; row 'Eliminations'), column Qcur",
rev_elims,Q2/26,-63,USD m,"https://www.sec.gov/Archives/edgar/data/1929561/000192956126000033/rxo2026q2pressrelease.htm | RXO earnings release (Ex.99.1) for Q2/26, T3 (REV: Revenue; row 'Eliminations'), column Qcur",
rev_elims,LTM_Q2/26,-239,USD m,Derived: sum of Q3/25+Q4/25+Q1/26+Q2/26 three-month figures,LTM to 30-Jun-2026
rev_elims,LTM_Q2/25,-177,USD m,Derived: sum of Q3/24..Q2/25 three-month figures,LTM to 30-Jun-2025
rev_freight_forwarding,FY2021,434,USD m,"https://www.sec.gov/Archives/edgar/data/1929561/000192956123000023/rxoq42022pressrelease.htm | RXO earnings release (Ex.99.1) for Q4/22, T3 (REV: Revenue; row 'Freight forwarding'), column YTDprior",
rev_freight_forwarding,Q1/22,139,USD m,"https://www.sec.gov/Archives/edgar/data/1929561/000192956123000054/rxoq12023pressrelease.htm | RXO earnings release (Ex.99.1) for Q1/23, T3 (REV: Revenue; row 'Freight forwarding'), column Qprior",
rev_freight_forwarding,Q2/22,100,USD m,"https://www.sec.gov/Archives/edgar/data/1929561/000192956123000069/rxo2023q2pressrelease.htm | RXO earnings release (Ex.99.1) for Q2/23, T3 (REV: Revenue; row 'Freight forwarding'), column Qprior",
rev_freight_forwarding,Q3/22,101,USD m,"https://www.sec.gov/Archives/edgar/data/1929561/000192956123000090/rxo2023q3pressrelease.htm | RXO earnings release (Ex.99.1) for Q3/23, T3 (REV: Revenue; row 'Freight forwarding'), column Qprior",
rev_freight_forwarding,Q4/22,82,USD m,"https://www.sec.gov/Archives/edgar/data/1929561/000192956124000025/rxoq42023pressrelease.htm | RXO earnings release (Ex.99.1) for Q4/23, T3 (REV: Revenue; row 'Freight forwarding'), column Qprior",
rev_freight_forwarding,FY2022,422,USD m,"https://www.sec.gov/Archives/edgar/data/1929561/000192956124000025/rxoq42023pressrelease.htm | RXO earnings release (Ex.99.1) for Q4/23, T3 (REV: Revenue; row 'Freight forwarding'), column YTDprior",
rev_freight_forwarding,Q1/23,80,USD m,"https://www.sec.gov/Archives/edgar/data/1929561/000192956124000075/rxo2024q1pressrelease.htm | RXO earnings release (Ex.99.1) for Q1/24, T3 (REV: Revenue; row 'Freight forwarding'), column Qprior",
rev_freight_forwarding,Q2/23,64,USD m,"https://www.sec.gov/Archives/edgar/data/1929561/000192956123000069/rxo2023q2pressrelease.htm | RXO earnings release (Ex.99.1) for Q2/23, T3 (REV: Revenue; row 'Freight forwarding'), column Qcur",
rev_freight_forwarding,Q3/23,56,USD m,"https://www.sec.gov/Archives/edgar/data/1929561/000192956123000090/rxo2023q3pressrelease.htm | RXO earnings release (Ex.99.1) for Q3/23, T3 (REV: Revenue; row 'Freight forwarding'), column Qcur",
rev_freight_forwarding,Q4/23,51,USD m,"https://www.sec.gov/Archives/edgar/data/1929561/000192956124000025/rxoq42023pressrelease.htm | RXO earnings release (Ex.99.1) for Q4/23, T3 (REV: Revenue; row 'Freight forwarding'), column Qcur",
rev_freight_forwarding,FY2023,251,USD m,"https://www.sec.gov/Archives/edgar/data/1929561/000192956124000025/rxoq42023pressrelease.htm | RXO earnings release (Ex.99.1) for Q4/23, T3 (REV: Revenue; row 'Freight forwarding'), column YTDcur",
rev_freight_forwarding,Q1/24,55,USD m,"https://www.sec.gov/Archives/edgar/data/1929561/000192956124000075/rxo2024q1pressrelease.htm | RXO earnings release (Ex.99.1) for Q1/24, T3 (REV: Revenue; row 'Freight forwarding'), column Qcur",
rev_last_mile,FY2021,1016,USD m,"https://www.sec.gov/Archives/edgar/data/1929561/000192956123000023/rxoq42022pressrelease.htm | RXO earnings release (Ex.99.1) for Q4/22, T3 (REV: Revenue; row 'Last mile'), column YTDprior",
rev_last_mile,Q1/22,246,USD m,"https://www.sec.gov/Archives/edgar/data/1929561/000192956123000054/rxoq12023pressrelease.htm | RXO earnings release (Ex.99.1) for Q1/23, T3 (REV: Revenue; row 'Last mile'), column Qprior",
rev_last_mile,Q2/22,274,USD m,"https://www.sec.gov/Archives/edgar/data/1929561/000192956123000069/rxo2023q2pressrelease.htm | RXO earnings release (Ex.99.1) for Q2/23, T3 (REV: Revenue; row 'Last mile'), column Qprior",
rev_last_mile,Q3/22,264,USD m,"https://www.sec.gov/Archives/edgar/data/1929561/000192956123000090/rxo2023q3pressrelease.htm | RXO earnings release (Ex.99.1) for Q3/23, T3 (REV: Revenue; row 'Last mile'), column Qprior",
rev_last_mile,Q4/22,277,USD m,"https://www.sec.gov/Archives/edgar/data/1929561/000192956124000025/rxoq42023pressrelease.htm | RXO earnings release (Ex.99.1) for Q4/23, T3 (REV: Revenue; row 'Last mile'), column Qprior",
rev_last_mile,FY2022,1061,USD m,"https://www.sec.gov/Archives/edgar/data/1929561/000192956124000025/rxoq42023pressrelease.htm | RXO earnings release (Ex.99.1) for Q4/23, T3 (REV: Revenue; row 'Last mile'), column YTDprior",
rev_last_mile,Q1/23,240,USD m,"https://www.sec.gov/Archives/edgar/data/1929561/000192956124000075/rxo2024q1pressrelease.htm | RXO earnings release (Ex.99.1) for Q1/24, T3 (REV: Revenue; row 'Last mile'), column Qprior",
rev_last_mile,Q2/23,261,USD m,"https://www.sec.gov/Archives/edgar/data/1929561/000192956124000098/rxo2024q2pressrelease.htm | RXO earnings release (Ex.99.1) for Q2/24, T3 (REV: Revenue; row 'Last mile'), column Qprior",
rev_last_mile,Q3/23,256,USD m,"https://www.sec.gov/Archives/edgar/data/1929561/000192956124000123/rxo2024q3pressrelease.htm | RXO earnings release (Ex.99.1) for Q3/24, T3 (REV: Revenue; row 'Last mile'), column Qprior",
rev_last_mile,Q4/23,257,USD m,"https://www.sec.gov/Archives/edgar/data/1929561/000192956125000029/rxoq42024pressrelease.htm | RXO earnings release (Ex.99.1) for Q4/24, T3 (REV: Revenue; row 'Last mile'), column Qprior",
rev_last_mile,FY2023,1014,USD m,"https://www.sec.gov/Archives/edgar/data/1929561/000192956125000029/rxoq42024pressrelease.htm | RXO earnings release (Ex.99.1) for Q4/24, T3 (REV: Revenue; row 'Last mile'), column YTDprior",
rev_last_mile,Q1/24,232,USD m,"https://www.sec.gov/Archives/edgar/data/1929561/000192956125000078/rxo2025q1pressrelease.htm | RXO earnings release (Ex.99.1) for Q1/25, T3 (REV: Revenue; row 'Last mile'), column Qprior",
rev_last_mile,Q2/24,265,USD m,"https://www.sec.gov/Archives/edgar/data/1929561/000192956125000096/rxo2025q2pressrelease.htm | RXO earnings release (Ex.99.1) for Q2/25, T3 (REV: Revenue; row 'Last mile'), column Qprior",
rev_last_mile,Q3/24,268,USD m,"https://www.sec.gov/Archives/edgar/data/1929561/000192956125000110/rxo2025q3pressrelease.htm | RXO earnings release (Ex.99.1) for Q3/25, T3 (REV: Revenue; row 'Last mile'), column Qprior",
rev_last_mile,Q4/24,290,USD m,"https://www.sec.gov/Archives/edgar/data/1929561/000192956126000006/rxoq42025pressrelease.htm | RXO earnings release (Ex.99.1) for Q4/25, T3 (REV: Revenue; row 'Last mile'), column Qprior",
rev_last_mile,FY2024,1055,USD m,"https://www.sec.gov/Archives/edgar/data/1929561/000192956126000006/rxoq42025pressrelease.htm | RXO earnings release (Ex.99.1) for Q4/25, T3 (REV: Revenue; row 'Last mile'), column YTDprior",
rev_last_mile,Q1/25,278,USD m,"https://www.sec.gov/Archives/edgar/data/1929561/000192956126000023/rxo2026q1pressrelease.htm | RXO earnings release (Ex.99.1) for Q1/26, T3 (REV: Revenue; row 'Last mile'), column Qprior",
rev_last_mile,Q2/25,315,USD m,"https://www.sec.gov/Archives/edgar/data/1929561/000192956126000033/rxo2026q2pressrelease.htm | RXO earnings release (Ex.99.1) for Q2/26, T3 (REV: Revenue; row 'Last mile'), column Qprior",
rev_last_mile,Q3/25,305,USD m,"https://www.sec.gov/Archives/edgar/data/1929561/000192956125000110/rxo2025q3pressrelease.htm | RXO earnings release (Ex.99.1) for Q3/25, T3 (REV: Revenue; row 'Last mile'), column Qcur",
rev_last_mile,Q4/25,298,USD m,"https://www.sec.gov/Archives/edgar/data/1929561/000192956126000006/rxoq42025pressrelease.htm | RXO earnings release (Ex.99.1) for Q4/25, T3 (REV: Revenue; row 'Last mile'), column Qcur",
rev_last_mile,FY2025,1196,USD m,"https://www.sec.gov/Archives/edgar/data/1929561/000192956126000006/rxoq42025pressrelease.htm | RXO earnings release (Ex.99.1) for Q4/25, T3 (REV: Revenue; row 'Last mile'), column YTDcur",
rev_last_mile,Q1/26,265,USD m,"https://www.sec.gov/Archives/edgar/data/1929561/000192956126000023/rxo2026q1pressrelease.htm | RXO earnings release (Ex.99.1) for Q1/26, T3 (REV: Revenue; row 'Last mile'), column Qcur",
rev_last_mile,Q2/26,344,USD m,"https://www.sec.gov/Archives/edgar/data/1929561/000192956126000033/rxo2026q2pressrelease.htm | RXO earnings release (Ex.99.1) for Q2/26, T3 (REV: Revenue; row 'Last mile'), column Qcur",
rev_last_mile,LTM_Q2/26,1212,USD m,Derived: sum of Q3/25+Q4/25+Q1/26+Q2/26 three-month figures,LTM to 30-Jun-2026
rev_last_mile,LTM_Q2/25,1151,USD m,Derived: sum of Q3/24..Q2/25 three-month figures,LTM to 30-Jun-2025
rev_managed_transportation,FY2021,1037,USD m,"https://www.sec.gov/Archives/edgar/data/1929561/000192956123000023/rxoq42022pressrelease.htm | RXO earnings release (Ex.99.1) for Q4/22, T3 (REV: Revenue; row 'Managed transportation'), column YTDprior",Managed transportation incl. freight forwarding (MT 603 + FF 434 as reported separately in this release); RXO recast FF into MT from the Q2/24 release onward
rev_managed_transportation,Q1/22,278,USD m,"https://www.sec.gov/Archives/edgar/data/1929561/000192956123000054/rxoq12023pressrelease.htm | RXO earnings release (Ex.99.1) for Q1/23, T3 (REV: Revenue; row 'Managed transportation'), column Qprior",Managed transportation incl. freight forwarding (MT 139 + FF 139 as reported separately in this release); RXO recast FF into MT from the Q2/24 release onward
rev_managed_transportation,Q2/22,233,USD m,"https://www.sec.gov/Archives/edgar/data/1929561/000192956123000069/rxo2023q2pressrelease.htm | RXO earnings release (Ex.99.1) for Q2/23, T3 (REV: Revenue; row 'Managed transportation'), column Qprior",Managed transportation incl. freight forwarding (MT 133 + FF 100 as reported separately in this release); RXO recast FF into MT from the Q2/24 release onward
rev_managed_transportation,Q3/22,223,USD m,"https://www.sec.gov/Archives/edgar/data/1929561/000192956123000090/rxo2023q3pressrelease.htm | RXO earnings release (Ex.99.1) for Q3/23, T3 (REV: Revenue; row 'Managed transportation'), column Qprior",Managed transportation incl. freight forwarding (MT 122 + FF 101 as reported separately in this release); RXO recast FF into MT from the Q2/24 release onward
rev_managed_transportation,Q4/22,211,USD m,"https://www.sec.gov/Archives/edgar/data/1929561/000192956124000025/rxoq42023pressrelease.htm | RXO earnings release (Ex.99.1) for Q4/23, T3 (REV: Revenue; row 'Managed transportation'), column Qprior",Managed transportation incl. freight forwarding (MT 129 + FF 82 as reported separately in this release); RXO recast FF into MT from the Q2/24 release onward
rev_managed_transportation,FY2022,945,USD m,"https://www.sec.gov/Archives/edgar/data/1929561/000192956124000025/rxoq42023pressrelease.htm | RXO earnings release (Ex.99.1) for Q4/23, T3 (REV: Revenue; row 'Managed transportation'), column YTDprior",Managed transportation incl. freight forwarding (MT 523 + FF 422 as reported separately in this release); RXO recast FF into MT from the Q2/24 release onward
rev_managed_transportation,Q1/23,197,USD m,"https://www.sec.gov/Archives/edgar/data/1929561/000192956124000075/rxo2024q1pressrelease.htm | RXO earnings release (Ex.99.1) for Q1/24, T3 (REV: Revenue; row 'Managed transportation'), column Qprior",Managed transportation incl. freight forwarding (MT 117 + FF 80 as reported separately in this release); RXO recast FF into MT from the Q2/24 release onward
rev_managed_transportation,Q2/23,176,USD m,"https://www.sec.gov/Archives/edgar/data/1929561/000192956124000098/rxo2024q2pressrelease.htm | RXO earnings release (Ex.99.1) for Q2/24, T3 (REV: Revenue; row 'Managed transportation'), column Qprior",
rev_managed_transportation,Q3/23,163,USD m,"https://www.sec.gov/Archives/edgar/data/1929561/000192956124000123/rxo2024q3pressrelease.htm | RXO earnings release (Ex.99.1) for Q3/24, T3 (REV: Revenue; row 'Managed transportation'), column Qprior",
rev_managed_transportation,Q4/23,154,USD m,"https://www.sec.gov/Archives/edgar/data/1929561/000192956125000029/rxoq42024pressrelease.htm | RXO earnings release (Ex.99.1) for Q4/24, T3 (REV: Revenue; row 'Managed transportation'), column Qprior",
rev_managed_transportation,FY2023,690,USD m,"https://www.sec.gov/Archives/edgar/data/1929561/000192956125000029/rxoq42024pressrelease.htm | RXO earnings release (Ex.99.1) for Q4/24, T3 (REV: Revenue; row 'Managed transportation'), column YTDprior",
rev_managed_transportation,Q1/24,152,USD m,"https://www.sec.gov/Archives/edgar/data/1929561/000192956125000078/rxo2025q1pressrelease.htm | RXO earnings release (Ex.99.1) for Q1/25, T3 (REV: Revenue; row 'Managed transportation'), column Qprior",
rev_managed_transportation,Q2/24,156,USD m,"https://www.sec.gov/Archives/edgar/data/1929561/000192956125000096/rxo2025q2pressrelease.htm | RXO earnings release (Ex.99.1) for Q2/25, T3 (REV: Revenue; row 'Managed transportation'), column Qprior",
rev_managed_transportation,Q3/24,151,USD m,"https://www.sec.gov/Archives/edgar/data/1929561/000192956125000110/rxo2025q3pressrelease.htm | RXO earnings release (Ex.99.1) for Q3/25, T3 (REV: Revenue; row 'Managed transportation'), column Qprior",
rev_managed_transportation,Q4/24,141,USD m,"https://www.sec.gov/Archives/edgar/data/1929561/000192956126000006/rxoq42025pressrelease.htm | RXO earnings release (Ex.99.1) for Q4/25, T3 (REV: Revenue; row 'Managed transportation'), column Qprior",
rev_managed_transportation,FY2024,600,USD m,"https://www.sec.gov/Archives/edgar/data/1929561/000192956126000006/rxoq42025pressrelease.htm | RXO earnings release (Ex.99.1) for Q4/25, T3 (REV: Revenue; row 'Managed transportation'), column YTDprior",
rev_managed_transportation,Q1/25,137,USD m,"https://www.sec.gov/Archives/edgar/data/1929561/000192956126000023/rxo2026q1pressrelease.htm | RXO earnings release (Ex.99.1) for Q1/26, T3 (REV: Revenue; row 'Managed transportation'), column Qprior",
rev_managed_transportation,Q2/25,142,USD m,"https://www.sec.gov/Archives/edgar/data/1929561/000192956126000033/rxo2026q2pressrelease.htm | RXO earnings release (Ex.99.1) for Q2/26, T3 (REV: Revenue; row 'Managed transportation'), column Qprior",
rev_managed_transportation,Q3/25,137,USD m,"https://www.sec.gov/Archives/edgar/data/1929561/000192956125000110/rxo2025q3pressrelease.htm | RXO earnings release (Ex.99.1) for Q3/25, T3 (REV: Revenue; row 'Managed transportation'), column Qcur",
rev_managed_transportation,Q4/25,133,USD m,"https://www.sec.gov/Archives/edgar/data/1929561/000192956126000006/rxoq42025pressrelease.htm | RXO earnings release (Ex.99.1) for Q4/25, T3 (REV: Revenue; row 'Managed transportation'), column Qcur",
rev_managed_transportation,FY2025,549,USD m,"https://www.sec.gov/Archives/edgar/data/1929561/000192956126000006/rxoq42025pressrelease.htm | RXO earnings release (Ex.99.1) for Q4/25, T3 (REV: Revenue; row 'Managed transportation'), column YTDcur",
rev_managed_transportation,Q1/26,123,USD m,"https://www.sec.gov/Archives/edgar/data/1929561/000192956126000023/rxo2026q1pressrelease.htm | RXO earnings release (Ex.99.1) for Q1/26, T3 (REV: Revenue; row 'Managed transportation'), column Qcur",
rev_managed_transportation,Q2/26,144,USD m,"https://www.sec.gov/Archives/edgar/data/1929561/000192956126000033/rxo2026q2pressrelease.htm | RXO earnings release (Ex.99.1) for Q2/26, T3 (REV: Revenue; row 'Managed transportation'), column Qcur",
rev_managed_transportation,LTM_Q2/26,537,USD m,Derived: sum of Q3/25+Q4/25+Q1/26+Q2/26 three-month figures,LTM to 30-Jun-2026
rev_managed_transportation,LTM_Q2/25,571,USD m,Derived: sum of Q3/24..Q2/25 three-month figures,LTM to 30-Jun-2025
rev_managed_transportation_excl_ff,FY2021,603,USD m,"https://www.sec.gov/Archives/edgar/data/1929561/000192956123000023/rxoq42022pressrelease.htm | RXO earnings release (Ex.99.1) for Q4/22, T3 (REV: Revenue; row 'Managed transportation'), column YTDprior",As originally reported (freight forwarding shown separately)
rev_managed_transportation_excl_ff,Q1/22,139,USD m,"https://www.sec.gov/Archives/edgar/data/1929561/000192956123000054/rxoq12023pressrelease.htm | RXO earnings release (Ex.99.1) for Q1/23, T3 (REV: Revenue; row 'Managed transportation'), column Qprior",As originally reported (freight forwarding shown separately)
rev_managed_transportation_excl_ff,Q2/22,133,USD m,"https://www.sec.gov/Archives/edgar/data/1929561/000192956123000069/rxo2023q2pressrelease.htm | RXO earnings release (Ex.99.1) for Q2/23, T3 (REV: Revenue; row 'Managed transportation'), column Qprior",As originally reported (freight forwarding shown separately)
rev_managed_transportation_excl_ff,Q3/22,122,USD m,"https://www.sec.gov/Archives/edgar/data/1929561/000192956123000090/rxo2023q3pressrelease.htm | RXO earnings release (Ex.99.1) for Q3/23, T3 (REV: Revenue; row 'Managed transportation'), column Qprior",As originally reported (freight forwarding shown separately)
rev_managed_transportation_excl_ff,Q4/22,129,USD m,"https://www.sec.gov/Archives/edgar/data/1929561/000192956124000025/rxoq42023pressrelease.htm | RXO earnings release (Ex.99.1) for Q4/23, T3 (REV: Revenue; row 'Managed transportation'), column Qprior",As originally reported (freight forwarding shown separately)
rev_managed_transportation_excl_ff,FY2022,523,USD m,"https://www.sec.gov/Archives/edgar/data/1929561/000192956124000025/rxoq42023pressrelease.htm | RXO earnings release (Ex.99.1) for Q4/23, T3 (REV: Revenue; row 'Managed transportation'), column YTDprior",As originally reported (freight forwarding shown separately)
rev_managed_transportation_excl_ff,Q1/23,117,USD m,"https://www.sec.gov/Archives/edgar/data/1929561/000192956124000075/rxo2024q1pressrelease.htm | RXO earnings release (Ex.99.1) for Q1/24, T3 (REV: Revenue; row 'Managed transportation'), column Qprior",As originally reported (freight forwarding shown separately)
rev_managed_transportation_excl_ff,Q2/23,112,USD m,"https://www.sec.gov/Archives/edgar/data/1929561/000192956123000069/rxo2023q2pressrelease.htm | RXO earnings release (Ex.99.1) for Q2/23, T3 (REV: Revenue; row 'Managed transportation'), column Qcur",As originally reported (freight forwarding shown separately)
rev_managed_transportation_excl_ff,Q3/23,107,USD m,"https://www.sec.gov/Archives/edgar/data/1929561/000192956123000090/rxo2023q3pressrelease.htm | RXO earnings release (Ex.99.1) for Q3/23, T3 (REV: Revenue; row 'Managed transportation'), column Qcur",As originally reported (freight forwarding shown separately)
rev_managed_transportation_excl_ff,Q4/23,103,USD m,"https://www.sec.gov/Archives/edgar/data/1929561/000192956124000025/rxoq42023pressrelease.htm | RXO earnings release (Ex.99.1) for Q4/23, T3 (REV: Revenue; row 'Managed transportation'), column Qcur",As originally reported (freight forwarding shown separately)
rev_managed_transportation_excl_ff,FY2023,439,USD m,"https://www.sec.gov/Archives/edgar/data/1929561/000192956124000025/rxoq42023pressrelease.htm | RXO earnings release (Ex.99.1) for Q4/23, T3 (REV: Revenue; row 'Managed transportation'), column YTDcur",As originally reported (freight forwarding shown separately)
rev_managed_transportation_excl_ff,Q1/24,97,USD m,"https://www.sec.gov/Archives/edgar/data/1929561/000192956124000075/rxo2024q1pressrelease.htm | RXO earnings release (Ex.99.1) for Q1/24, T3 (REV: Revenue; row 'Managed transportation'), column Qcur",As originally reported (freight forwarding shown separately)
rev_total,FY2021,4689,USD m,"https://www.sec.gov/Archives/edgar/data/1929561/000192956123000023/rxoq42022pressrelease.htm | RXO earnings release (Ex.99.1) for Q4/22, T0 (PL: (Dollars in millions, shares in thousand; row 'Revenue'), column YTDprior",
rev_total,Q1/22,1312,USD m,"https://www.sec.gov/Archives/edgar/data/1929561/000192956123000054/rxoq12023pressrelease.htm | RXO earnings release (Ex.99.1) for Q1/23, T0 (PL: (Dollars in millions, shares in thousand; row 'Revenue'), column Qprior",
rev_total,Q2/22,1226,USD m,"https://www.sec.gov/Archives/edgar/data/1929561/000192956123000069/rxo2023q2pressrelease.htm | RXO earnings release (Ex.99.1) for Q2/23, T0 (PL: (Dollars in millions, shares in thousand; row 'Revenue'), column Qprior",
rev_total,Q3/22,1138,USD m,"https://www.sec.gov/Archives/edgar/data/1929561/000192956123000090/rxo2023q3pressrelease.htm | RXO earnings release (Ex.99.1) for Q3/23, T0 (PL: (Dollars in millions, shares in thousand; row 'Revenue'), column Qprior",
rev_total,Q4/22,1120,USD m,"https://www.sec.gov/Archives/edgar/data/1929561/000192956124000025/rxoq42023pressrelease.htm | RXO earnings release (Ex.99.1) for Q4/23, T0 (PL: 2023; row 'Revenue'), column Qprior",
rev_total,FY2022,4796,USD m,"https://www.sec.gov/Archives/edgar/data/1929561/000192956124000025/rxoq42023pressrelease.htm | RXO earnings release (Ex.99.1) for Q4/23, T0 (PL: 2023; row 'Revenue'), column YTDprior",
rev_total,Q1/23,1010,USD m,"https://www.sec.gov/Archives/edgar/data/1929561/000192956124000075/rxo2024q1pressrelease.htm | RXO earnings release (Ex.99.1) for Q1/24, T0 (PL: (Dollars in millions, shares in thousand; row 'Revenue'), column Qprior",
rev_total,Q2/23,963,USD m,"https://www.sec.gov/Archives/edgar/data/1929561/000192956124000098/rxo2024q2pressrelease.htm | RXO earnings release (Ex.99.1) for Q2/24, T0 (PL: (Dollars in millions, shares in thousand; row 'Revenue'), column Qprior",
rev_total,Q3/23,976,USD m,"https://www.sec.gov/Archives/edgar/data/1929561/000192956124000123/rxo2024q3pressrelease.htm | RXO earnings release (Ex.99.1) for Q3/24, T0 (PL: (Dollars in millions, shares in thousand; row 'Revenue'), column Qprior",
rev_total,Q4/23,978,USD m,"https://www.sec.gov/Archives/edgar/data/1929561/000192956125000029/rxoq42024pressrelease.htm | RXO earnings release (Ex.99.1) for Q4/24, T0 (PL: (Dollars in millions, shares in thousand; row 'Revenue'), column Qprior",
rev_total,FY2023,3927,USD m,"https://www.sec.gov/Archives/edgar/data/1929561/000192956125000029/rxoq42024pressrelease.htm | RXO earnings release (Ex.99.1) for Q4/24, T0 (PL: (Dollars in millions, shares in thousand; row 'Revenue'), column YTDprior",
rev_total,Q1/24,913,USD m,"https://www.sec.gov/Archives/edgar/data/1929561/000192956125000078/rxo2025q1pressrelease.htm | RXO earnings release (Ex.99.1) for Q1/25, T0 (PL: (Dollars in millions, shares in thousand; row 'Revenue'), column Qprior",
rev_total,Q2/24,930,USD m,"https://www.sec.gov/Archives/edgar/data/1929561/000192956125000096/rxo2025q2pressrelease.htm | RXO earnings release (Ex.99.1) for Q2/25, T0 (PL: (Dollars in millions, shares in thousand; row 'Revenue'), column Qprior",
rev_total,Q3/24,1040,USD m,"https://www.sec.gov/Archives/edgar/data/1929561/000192956125000110/rxo2025q3pressrelease.htm | RXO earnings release (Ex.99.1) for Q3/25, T0 (PL: (Dollars in millions, shares in thousand; row 'Revenue'), column Qprior",
rev_total,Q4/24,1667,USD m,"https://www.sec.gov/Archives/edgar/data/1929561/000192956126000006/rxoq42025pressrelease.htm | RXO earnings release (Ex.99.1) for Q4/25, T0 (PL: (Dollars in millions, shares in thousand; row 'Revenue'), column Qprior",
rev_total,FY2024,4550,USD m,"https://www.sec.gov/Archives/edgar/data/1929561/000192956126000006/rxoq42025pressrelease.htm | RXO earnings release (Ex.99.1) for Q4/25, T0 (PL: (Dollars in millions, shares in thousand; row 'Revenue'), column YTDprior",
rev_total,Q1/25,1433,USD m,"https://www.sec.gov/Archives/edgar/data/1929561/000192956126000023/rxo2026q1pressrelease.htm | RXO earnings release (Ex.99.1) for Q1/26, T0 (PL: (Dollars in millions, shares in thousand; row 'Revenue'), column Qprior",
rev_total,Q2/25,1419,USD m,"https://www.sec.gov/Archives/edgar/data/1929561/000192956126000033/rxo2026q2pressrelease.htm | RXO earnings release (Ex.99.1) for Q2/26, T0 (PL: (Dollars in millions, shares in thousand; row 'Revenue'), column Qprior",
rev_total,Q3/25,1421,USD m,"https://www.sec.gov/Archives/edgar/data/1929561/000192956125000110/rxo2025q3pressrelease.htm | RXO earnings release (Ex.99.1) for Q3/25, T0 (PL: (Dollars in millions, shares in thousand; row 'Revenue'), column Qcur",
rev_total,Q4/25,1469,USD m,"https://www.sec.gov/Archives/edgar/data/1929561/000192956126000006/rxoq42025pressrelease.htm | RXO earnings release (Ex.99.1) for Q4/25, T0 (PL: (Dollars in millions, shares in thousand; row 'Revenue'), column Qcur",
rev_total,FY2025,5742,USD m,"https://www.sec.gov/Archives/edgar/data/1929561/000192956126000006/rxoq42025pressrelease.htm | RXO earnings release (Ex.99.1) for Q4/25, T0 (PL: (Dollars in millions, shares in thousand; row 'Revenue'), column YTDcur",
rev_total,Q1/26,1425,USD m,"https://www.sec.gov/Archives/edgar/data/1929561/000192956126000023/rxo2026q1pressrelease.htm | RXO earnings release (Ex.99.1) for Q1/26, T0 (PL: (Dollars in millions, shares in thousand; row 'Revenue'), column Qcur",
rev_total,Q2/26,1774,USD m,"https://www.sec.gov/Archives/edgar/data/1929561/000192956126000033/rxo2026q2pressrelease.htm | RXO earnings release (Ex.99.1) for Q2/26, T0 (PL: (Dollars in millions, shares in thousand; row 'Revenue'), column Qcur",
rev_total,LTM_Q2/26,6089,USD m,Derived: sum of Q3/25+Q4/25+Q1/26+Q2/26 three-month figures,LTM to 30-Jun-2026
rev_total,LTM_Q2/25,5559,USD m,Derived: sum of Q3/24..Q2/25 three-month figures,LTM to 30-Jun-2025
rev_total_seg,FY2021,4689,USD m,"https://www.sec.gov/Archives/edgar/data/1929561/000192956123000023/rxoq42022pressrelease.htm | RXO earnings release (Ex.99.1) for Q4/22, T3 (REV: Revenue; row 'Total'), column YTDprior",
rev_total_seg,Q1/22,1312,USD m,"https://www.sec.gov/Archives/edgar/data/1929561/000192956123000054/rxoq12023pressrelease.htm | RXO earnings release (Ex.99.1) for Q1/23, T3 (REV: Revenue; row 'Total'), column Qprior",
rev_total_seg,Q2/22,1226,USD m,"https://www.sec.gov/Archives/edgar/data/1929561/000192956123000069/rxo2023q2pressrelease.htm | RXO earnings release (Ex.99.1) for Q2/23, T3 (REV: Revenue; row 'Total'), column Qprior",
rev_total_seg,Q3/22,1138,USD m,"https://www.sec.gov/Archives/edgar/data/1929561/000192956123000090/rxo2023q3pressrelease.htm | RXO earnings release (Ex.99.1) for Q3/23, T3 (REV: Revenue; row 'Total'), column Qprior",
rev_total_seg,Q4/22,1120,USD m,"https://www.sec.gov/Archives/edgar/data/1929561/000192956124000025/rxoq42023pressrelease.htm | RXO earnings release (Ex.99.1) for Q4/23, T3 (REV: Revenue; row 'Total'), column Qprior",
rev_total_seg,FY2022,4796,USD m,"https://www.sec.gov/Archives/edgar/data/1929561/000192956124000025/rxoq42023pressrelease.htm | RXO earnings release (Ex.99.1) for Q4/23, T3 (REV: Revenue; row 'Total'), column YTDprior",
rev_total_seg,Q1/23,1010,USD m,"https://www.sec.gov/Archives/edgar/data/1929561/000192956124000075/rxo2024q1pressrelease.htm | RXO earnings release (Ex.99.1) for Q1/24, T3 (REV: Revenue; row 'Total'), column Qprior",
rev_total_seg,Q2/23,963,USD m,"https://www.sec.gov/Archives/edgar/data/1929561/000192956124000098/rxo2024q2pressrelease.htm | RXO earnings release (Ex.99.1) for Q2/24, T3 (REV: Revenue; row 'Total'), column Qprior",
rev_total_seg,Q3/23,976,USD m,"https://www.sec.gov/Archives/edgar/data/1929561/000192956124000123/rxo2024q3pressrelease.htm | RXO earnings release (Ex.99.1) for Q3/24, T3 (REV: Revenue; row 'Total'), column Qprior",
rev_total_seg,Q4/23,978,USD m,"https://www.sec.gov/Archives/edgar/data/1929561/000192956125000029/rxoq42024pressrelease.htm | RXO earnings release (Ex.99.1) for Q4/24, T3 (REV: Revenue; row 'Total'), column Qprior",
rev_total_seg,FY2023,3927,USD m,"https://www.sec.gov/Archives/edgar/data/1929561/000192956125000029/rxoq42024pressrelease.htm | RXO earnings release (Ex.99.1) for Q4/24, T3 (REV: Revenue; row 'Total'), column YTDprior",
rev_total_seg,Q1/24,913,USD m,"https://www.sec.gov/Archives/edgar/data/1929561/000192956125000078/rxo2025q1pressrelease.htm | RXO earnings release (Ex.99.1) for Q1/25, T3 (REV: Revenue; row 'Total'), column Qprior",
rev_total_seg,Q2/24,930,USD m,"https://www.sec.gov/Archives/edgar/data/1929561/000192956125000096/rxo2025q2pressrelease.htm | RXO earnings release (Ex.99.1) for Q2/25, T3 (REV: Revenue; row 'Total'), column Qprior",
rev_total_seg,Q3/24,1040,USD m,"https://www.sec.gov/Archives/edgar/data/1929561/000192956125000110/rxo2025q3pressrelease.htm | RXO earnings release (Ex.99.1) for Q3/25, T3 (REV: Revenue; row 'Total'), column Qprior",
rev_total_seg,Q4/24,1667,USD m,"https://www.sec.gov/Archives/edgar/data/1929561/000192956126000006/rxoq42025pressrelease.htm | RXO earnings release (Ex.99.1) for Q4/25, T3 (REV: Revenue; row 'Total'), column Qprior",
rev_total_seg,FY2024,4550,USD m,"https://www.sec.gov/Archives/edgar/data/1929561/000192956126000006/rxoq42025pressrelease.htm | RXO earnings release (Ex.99.1) for Q4/25, T3 (REV: Revenue; row 'Total'), column YTDprior",
rev_total_seg,Q1/25,1433,USD m,"https://www.sec.gov/Archives/edgar/data/1929561/000192956126000023/rxo2026q1pressrelease.htm | RXO earnings release (Ex.99.1) for Q1/26, T3 (REV: Revenue; row 'Total'), column Qprior",
rev_total_seg,Q2/25,1419,USD m,"https://www.sec.gov/Archives/edgar/data/1929561/000192956126000033/rxo2026q2pressrelease.htm | RXO earnings release (Ex.99.1) for Q2/26, T3 (REV: Revenue; row 'Total'), column Qprior",
rev_total_seg,Q3/25,1421,USD m,"https://www.sec.gov/Archives/edgar/data/1929561/000192956125000110/rxo2025q3pressrelease.htm | RXO earnings release (Ex.99.1) for Q3/25, T3 (REV: Revenue; row 'Total'), column Qcur",
rev_total_seg,Q4/25,1469,USD m,"https://www.sec.gov/Archives/edgar/data/1929561/000192956126000006/rxoq42025pressrelease.htm | RXO earnings release (Ex.99.1) for Q4/25, T3 (REV: Revenue; row 'Total'), column Qcur",
rev_total_seg,FY2025,5742,USD m,"https://www.sec.gov/Archives/edgar/data/1929561/000192956126000006/rxoq42025pressrelease.htm | RXO earnings release (Ex.99.1) for Q4/25, T3 (REV: Revenue; row 'Total'), column YTDcur",
rev_total_seg,Q1/26,1425,USD m,"https://www.sec.gov/Archives/edgar/data/1929561/000192956126000023/rxo2026q1pressrelease.htm | RXO earnings release (Ex.99.1) for Q1/26, T3 (REV: Revenue; row 'Total'), column Qcur",
rev_total_seg,Q2/26,1774,USD m,"https://www.sec.gov/Archives/edgar/data/1929561/000192956126000033/rxo2026q2pressrelease.htm | RXO earnings release (Ex.99.1) for Q2/26, T3 (REV: Revenue; row 'Total'), column Qcur",
rsu_outstanding,FY2025,1.671022,shares m,"https://www.sec.gov/Archives/edgar/data/1929561/000192956126000013/rxo-20251231.htm | 10-K FY2025 stock-based compensation note, RSU/PRSU activity table",
rsu_outstanding,2026-09-30,2.094614,shares m,https://www.sec.gov/Archives/edgar/data/1043277/000119312526413203/d115124dex21.htm | Merger Agreement s.4.2(a)(i)(C),Time-based RSUs; settled for Standard Consideration at close
sga,FY2021,539,USD m,"https://www.sec.gov/Archives/edgar/data/1929561/000192956123000023/rxoq42022pressrelease.htm | RXO earnings release (Ex.99.1) for Q4/22, T0 (PL: (Dollars in millions, shares in thousand; row 'Sales, general and administrative expense'), column YTDprior",
sga,Q1/22,161,USD m,"https://www.sec.gov/Archives/edgar/data/1929561/000192956123000054/rxoq12023pressrelease.htm | RXO earnings release (Ex.99.1) for Q1/23, T0 (PL: (Dollars in millions, shares in thousand; row 'Sales, general and administrative expense'), column Qprior",
sga,Q2/22,166,USD m,"https://www.sec.gov/Archives/edgar/data/1929561/000192956123000069/rxo2023q2pressrelease.htm | RXO earnings release (Ex.99.1) for Q2/23, T0 (PL: (Dollars in millions, shares in thousand; row 'Sales, general and administrative expense'), column Qprior",
sga,Q3/22,158,USD m,"https://www.sec.gov/Archives/edgar/data/1929561/000192956123000090/rxo2023q3pressrelease.htm | RXO earnings release (Ex.99.1) for Q3/23, T0 (PL: (Dollars in millions, shares in thousand; row 'Sales, general and administrative expense'), column Qprior",
sga,Q4/22,155,USD m,"https://www.sec.gov/Archives/edgar/data/1929561/000192956124000025/rxoq42023pressrelease.htm | RXO earnings release (Ex.99.1) for Q4/23, T0 (PL: 2023; row 'Sales, general and administrative expense'), column Qprior",
sga,FY2022,640,USD m,"https://www.sec.gov/Archives/edgar/data/1929561/000192956124000025/rxoq42023pressrelease.htm | RXO earnings release (Ex.99.1) for Q4/23, T0 (PL: 2023; row 'Sales, general and administrative expense'), column YTDprior",
sga,Q1/23,153,USD m,"https://www.sec.gov/Archives/edgar/data/1929561/000192956124000075/rxo2024q1pressrelease.htm | RXO earnings release (Ex.99.1) for Q1/24, T0 (PL: (Dollars in millions, shares in thousand; row 'Sales, general and administrative expense'), column Qprior",
sga,Q2/23,144,USD m,"https://www.sec.gov/Archives/edgar/data/1929561/000192956124000098/rxo2024q2pressrelease.htm | RXO earnings release (Ex.99.1) for Q2/24, T0 (PL: (Dollars in millions, shares in thousand; row 'Sales, general and administrative expense'), column Qprior",
sga,Q3/23,148,USD m,"https://www.sec.gov/Archives/edgar/data/1929561/000192956124000123/rxo2024q3pressrelease.htm | RXO earnings release (Ex.99.1) for Q3/24, T0 (PL: (Dollars in millions, shares in thousand; row 'Sales, general and administrative expense'), column Qprior",
sga,Q4/23,146,USD m,"https://www.sec.gov/Archives/edgar/data/1929561/000192956125000029/rxoq42024pressrelease.htm | RXO earnings release (Ex.99.1) for Q4/24, T0 (PL: (Dollars in millions, shares in thousand; row 'Sales, general and administrative expense'), column Qprior",
sga,FY2023,591,USD m,"https://www.sec.gov/Archives/edgar/data/1929561/000192956125000029/rxoq42024pressrelease.htm | RXO earnings release (Ex.99.1) for Q4/24, T0 (PL: (Dollars in millions, shares in thousand; row 'Sales, general and administrative expense'), column YTDprior",
sga,Q1/24,145,USD m,"https://www.sec.gov/Archives/edgar/data/1929561/000192956125000078/rxo2025q1pressrelease.htm | RXO earnings release (Ex.99.1) for Q1/25, T0 (PL: (Dollars in millions, shares in thousand; row 'Sales, general and administrative expense'), column Qprior",
sga,Q2/24,154,USD m,"https://www.sec.gov/Archives/edgar/data/1929561/000192956125000096/rxo2025q2pressrelease.htm | RXO earnings release (Ex.99.1) for Q2/25, T0 (PL: (Dollars in millions, shares in thousand; row 'Sales, general and administrative expense'), column Qprior",
sga,Q3/24,149,USD m,"https://www.sec.gov/Archives/edgar/data/1929561/000192956125000110/rxo2025q3pressrelease.htm | RXO earnings release (Ex.99.1) for Q3/25, T0 (PL: (Dollars in millions, shares in thousand; row 'Sales, general and administrative expense'), column Qprior",
sga,Q4/24,218,USD m,"https://www.sec.gov/Archives/edgar/data/1929561/000192956126000006/rxoq42025pressrelease.htm | RXO earnings release (Ex.99.1) for Q4/25, T0 (PL: (Dollars in millions, shares in thousand; row 'Sales, general and administrative expense'), column Qprior",
sga,FY2024,666,USD m,"https://www.sec.gov/Archives/edgar/data/1929561/000192956126000006/rxoq42025pressrelease.htm | RXO earnings release (Ex.99.1) for Q4/25, T0 (PL: (Dollars in millions, shares in thousand; row 'Sales, general and administrative expense'), column YTDprior",
sga,Q1/25,210,USD m,"https://www.sec.gov/Archives/edgar/data/1929561/000192956126000023/rxo2026q1pressrelease.htm | RXO earnings release (Ex.99.1) for Q1/26, T0 (PL: (Dollars in millions, shares in thousand; row 'Sales, general and administrative expense'), column Qprior",
sga,Q2/25,214,USD m,"https://www.sec.gov/Archives/edgar/data/1929561/000192956126000033/rxo2026q2pressrelease.htm | RXO earnings release (Ex.99.1) for Q2/26, T0 (PL: (Dollars in millions, shares in thousand; row 'Sales, general and administrative expense'), column Qprior",
sga,Q3/25,208,USD m,"https://www.sec.gov/Archives/edgar/data/1929561/000192956125000110/rxo2025q3pressrelease.htm | RXO earnings release (Ex.99.1) for Q3/25, T0 (PL: (Dollars in millions, shares in thousand; row 'Sales, general and administrative expense'), column Qcur",
sga,Q4/25,200,USD m,"https://www.sec.gov/Archives/edgar/data/1929561/000192956126000006/rxoq42025pressrelease.htm | RXO earnings release (Ex.99.1) for Q4/25, T0 (PL: (Dollars in millions, shares in thousand; row 'Sales, general and administrative expense'), column Qcur",
sga,FY2025,832,USD m,"https://www.sec.gov/Archives/edgar/data/1929561/000192956126000006/rxoq42025pressrelease.htm | RXO earnings release (Ex.99.1) for Q4/25, T0 (PL: (Dollars in millions, shares in thousand; row 'Sales, general and administrative expense'), column YTDcur",
sga,Q1/26,197,USD m,"https://www.sec.gov/Archives/edgar/data/1929561/000192956126000023/rxo2026q1pressrelease.htm | RXO earnings release (Ex.99.1) for Q1/26, T0 (PL: (Dollars in millions, shares in thousand; row 'Sales, general and administrative expense'), column Qcur",
sga,Q2/26,211,USD m,"https://www.sec.gov/Archives/edgar/data/1929561/000192956126000033/rxo2026q2pressrelease.htm | RXO earnings release (Ex.99.1) for Q2/26, T0 (PL: (Dollars in millions, shares in thousand; row 'Sales, general and administrative expense'), column Qcur",
sga,LTM_Q2/26,816,USD m,Derived: sum of Q3/25+Q4/25+Q1/26+Q2/26 three-month figures,LTM to 30-Jun-2026
sga,LTM_Q2/25,791,USD m,Derived: sum of Q3/24..Q2/25 three-month figures,LTM to 30-Jun-2025
share_based_comp,FY2021,8,USD m,"https://www.sec.gov/Archives/edgar/data/1929561/000192956123000023/rxoq42022pressrelease.htm | RXO earnings release (Ex.99.1) for Q4/22, T2 (CF: Adjustments to reconcile net income to n; row 'Stock compensation expense'), column YTDprior",
share_based_comp,Q1/22,2,USD m,"https://www.sec.gov/Archives/edgar/data/1929561/000192956123000054/rxoq12023pressrelease.htm | RXO earnings release (Ex.99.1) for Q1/23, T2 (CF: Adjustments to reconcile net income to n; row 'Stock compensation expense'), column Qprior",
share_based_comp,Q2/22,4,USD m,"Derived: YTD through Q2 minus YTD through Q1. Sources: [https://www.sec.gov/Archives/edgar/data/1929561/000192956123000069/rxo2023q2pressrelease.htm | RXO earnings release (Ex.99.1) for Q2/23, T2 (CF: Adjustments to reconcile net income to n; row 'Stock compensation expense'), column YTDprior] minus [https://www.sec.gov/Archives/edgar/data/1929561/000192956123000054/rxoq12023pressrelease.htm | RXO earnings release (Ex.99.1) for Q1/23, T2 (CF: Adjustments to reconcile net income to n; row 'Stock compensation expense'), column Qprior]",Q2 three-month figure derived as YTD2 - YTD1
share_based_comp,Q3/22,3,USD m,"Derived: YTD through Q3 minus YTD through Q2. Sources: [https://www.sec.gov/Archives/edgar/data/1929561/000192956123000090/rxo2023q3pressrelease.htm | RXO earnings release (Ex.99.1) for Q3/23, T2 (CF: Adjustments to reconcile net income to n; row 'Stock compensation expense'), column YTDprior] minus [https://www.sec.gov/Archives/edgar/data/1929561/000192956123000069/rxo2023q2pressrelease.htm | RXO earnings release (Ex.99.1) for Q2/23, T2 (CF: Adjustments to reconcile net income to n; row 'Stock compensation expense'), column YTDprior]",Q3 three-month figure derived as YTD3 - YTD2
share_based_comp,Q4/22,23,USD m,"Derived: YTD through Q4 minus YTD through Q3. Sources: [https://www.sec.gov/Archives/edgar/data/1929561/000192956124000025/rxoq42023pressrelease.htm | RXO earnings release (Ex.99.1) for Q4/23, T2 (CF: Adjustments to reconcile net income to n; row 'Stock compensation expense'), column YTDprior] minus [https://www.sec.gov/Archives/edgar/data/1929561/000192956123000090/rxo2023q3pressrelease.htm | RXO earnings release (Ex.99.1) for Q3/23, T2 (CF: Adjustments to reconcile net income to n; row 'Stock compensation expense'), column YTDprior]",Q4 three-month figure derived as YTD4 - YTD3 (Q4 = FY - 9M)
share_based_comp,FY2022,32,USD m,"https://www.sec.gov/Archives/edgar/data/1929561/000192956124000025/rxoq42023pressrelease.htm | RXO earnings release (Ex.99.1) for Q4/23, T2 (CF: Adjustments to reconcile net income to n; row 'Stock compensation expense'), column YTDprior",
share_based_comp,Q1/23,5,USD m,"https://www.sec.gov/Archives/edgar/data/1929561/000192956124000075/rxo2024q1pressrelease.htm | RXO earnings release (Ex.99.1) for Q1/24, T2 (CF: Adjustments to reconcile net income (los; row 'Stock compensation expense'), column Qprior",
share_based_comp,Q2/23,6,USD m,"Derived: YTD through Q2 minus YTD through Q1. Sources: [https://www.sec.gov/Archives/edgar/data/1929561/000192956124000098/rxo2024q2pressrelease.htm | RXO earnings release (Ex.99.1) for Q2/24, T2 (CF: Adjustments to reconcile net income (los; row 'Stock compensation expense'), column YTDprior] minus [https://www.sec.gov/Archives/edgar/data/1929561/000192956124000075/rxo2024q1pressrelease.htm | RXO earnings release (Ex.99.1) for Q1/24, T2 (CF: Adjustments to reconcile net income (los; row 'Stock compensation expense'), column Qprior]",Q2 three-month figure derived as YTD2 - YTD1
share_based_comp,Q3/23,5,USD m,"Derived: YTD through Q3 minus YTD through Q2. Sources: [https://www.sec.gov/Archives/edgar/data/1929561/000192956124000123/rxo2024q3pressrelease.htm | RXO earnings release (Ex.99.1) for Q3/24, T2 (CF: Adjustments to reconcile net income (los; row 'Stock compensation expense'), column YTDprior] minus [https://www.sec.gov/Archives/edgar/data/1929561/000192956124000098/rxo2024q2pressrelease.htm | RXO earnings release (Ex.99.1) for Q2/24, T2 (CF: Adjustments to reconcile net income (los; row 'Stock compensation expense'), column YTDprior]",Q3 three-month figure derived as YTD3 - YTD2
share_based_comp,Q4/23,3,USD m,"Derived: YTD through Q4 minus YTD through Q3. Sources: [https://www.sec.gov/Archives/edgar/data/1929561/000192956125000029/rxoq42024pressrelease.htm | RXO earnings release (Ex.99.1) for Q4/24, T2 (CF: Adjustments to reconcile net income (los; row 'Stock compensation expense'), column YTDprior] minus [https://www.sec.gov/Archives/edgar/data/1929561/000192956124000123/rxo2024q3pressrelease.htm | RXO earnings release (Ex.99.1) for Q3/24, T2 (CF: Adjustments to reconcile net income (los; row 'Stock compensation expense'), column YTDprior]",Q4 three-month figure derived as YTD4 - YTD3 (Q4 = FY - 9M)
share_based_comp,FY2023,19,USD m,"https://www.sec.gov/Archives/edgar/data/1929561/000192956125000029/rxoq42024pressrelease.htm | RXO earnings release (Ex.99.1) for Q4/24, T2 (CF: Adjustments to reconcile net income (los; row 'Stock compensation expense'), column YTDprior",
share_based_comp,Q1/24,5,USD m,"https://www.sec.gov/Archives/edgar/data/1929561/000192956125000078/rxo2025q1pressrelease.htm | RXO earnings release (Ex.99.1) for Q1/25, T2 (CF: Adjustments to reconcile net loss to net; row 'Stock compensation expense'), column Qprior",
share_based_comp,Q2/24,6,USD m,"Derived: YTD through Q2 minus YTD through Q1. Sources: [https://www.sec.gov/Archives/edgar/data/1929561/000192956125000096/rxo2025q2pressrelease.htm | RXO earnings release (Ex.99.1) for Q2/25, T2 (CF: Adjustments to reconcile net loss to net; row 'Stock compensation expense'), column YTDprior] minus [https://www.sec.gov/Archives/edgar/data/1929561/000192956125000078/rxo2025q1pressrelease.htm | RXO earnings release (Ex.99.1) for Q1/25, T2 (CF: Adjustments to reconcile net loss to net; row 'Stock compensation expense'), column Qprior]",Q2 three-month figure derived as YTD2 - YTD1
share_based_comp,Q3/24,6,USD m,"Derived: YTD through Q3 minus YTD through Q2. Sources: [https://www.sec.gov/Archives/edgar/data/1929561/000192956125000110/rxo2025q3pressrelease.htm | RXO earnings release (Ex.99.1) for Q3/25, T2 (CF: Adjustments to reconcile net loss to net; row 'Stock compensation expense'), column YTDprior] minus [https://www.sec.gov/Archives/edgar/data/1929561/000192956125000096/rxo2025q2pressrelease.htm | RXO earnings release (Ex.99.1) for Q2/25, T2 (CF: Adjustments to reconcile net loss to net; row 'Stock compensation expense'), column YTDprior]",Q3 three-month figure derived as YTD3 - YTD2
share_based_comp,Q4/24,6,USD m,"Derived: YTD through Q4 minus YTD through Q3. Sources: [https://www.sec.gov/Archives/edgar/data/1929561/000192956126000006/rxoq42025pressrelease.htm | RXO earnings release (Ex.99.1) for Q4/25, T2 (CF: Adjustments to reconcile net loss to net; row 'Stock compensation expense'), column YTDprior] minus [https://www.sec.gov/Archives/edgar/data/1929561/000192956125000110/rxo2025q3pressrelease.htm | RXO earnings release (Ex.99.1) for Q3/25, T2 (CF: Adjustments to reconcile net loss to net; row 'Stock compensation expense'), column YTDprior]",Q4 three-month figure derived as YTD4 - YTD3 (Q4 = FY - 9M)
share_based_comp,FY2024,23,USD m,"https://www.sec.gov/Archives/edgar/data/1929561/000192956126000006/rxoq42025pressrelease.htm | RXO earnings release (Ex.99.1) for Q4/25, T2 (CF: Adjustments to reconcile net loss to net; row 'Stock compensation expense'), column YTDprior",
share_based_comp,Q1/25,7,USD m,"https://www.sec.gov/Archives/edgar/data/1929561/000192956126000023/rxo2026q1pressrelease.htm | RXO earnings release (Ex.99.1) for Q1/26, T2 (CF: Adjustments to reconcile net loss to net; row 'Stock compensation expense'), column Qprior",
share_based_comp,Q2/25,7,USD m,"Derived: YTD through Q2 minus YTD through Q1. Sources: [https://www.sec.gov/Archives/edgar/data/1929561/000192956126000033/rxo2026q2pressrelease.htm | RXO earnings release (Ex.99.1) for Q2/26, T2 (CF: Adjustments to reconcile net loss to net; row 'Stock compensation expense'), column YTDprior] minus [https://www.sec.gov/Archives/edgar/data/1929561/000192956126000023/rxo2026q1pressrelease.htm | RXO earnings release (Ex.99.1) for Q1/26, T2 (CF: Adjustments to reconcile net loss to net; row 'Stock compensation expense'), column Qprior]",Q2 three-month figure derived as YTD2 - YTD1
share_based_comp,Q3/25,8,USD m,"Derived: YTD through Q3 minus YTD through Q2. Sources: [https://www.sec.gov/Archives/edgar/data/1929561/000192956125000110/rxo2025q3pressrelease.htm | RXO earnings release (Ex.99.1) for Q3/25, T2 (CF: Adjustments to reconcile net loss to net; row 'Stock compensation expense'), column YTDcur] minus [https://www.sec.gov/Archives/edgar/data/1929561/000192956126000033/rxo2026q2pressrelease.htm | RXO earnings release (Ex.99.1) for Q2/26, T2 (CF: Adjustments to reconcile net loss to net; row 'Stock compensation expense'), column YTDprior]",Q3 three-month figure derived as YTD3 - YTD2
share_based_comp,Q4/25,7,USD m,"Derived: YTD through Q4 minus YTD through Q3. Sources: [https://www.sec.gov/Archives/edgar/data/1929561/000192956126000006/rxoq42025pressrelease.htm | RXO earnings release (Ex.99.1) for Q4/25, T2 (CF: Adjustments to reconcile net loss to net; row 'Stock compensation expense'), column YTDcur] minus [https://www.sec.gov/Archives/edgar/data/1929561/000192956125000110/rxo2025q3pressrelease.htm | RXO earnings release (Ex.99.1) for Q3/25, T2 (CF: Adjustments to reconcile net loss to net; row 'Stock compensation expense'), column YTDcur]",Q4 three-month figure derived as YTD4 - YTD3 (Q4 = FY - 9M)
share_based_comp,FY2025,29,USD m,"https://www.sec.gov/Archives/edgar/data/1929561/000192956126000006/rxoq42025pressrelease.htm | RXO earnings release (Ex.99.1) for Q4/25, T2 (CF: Adjustments to reconcile net loss to net; row 'Stock compensation expense'), column YTDcur",
share_based_comp,Q1/26,7,USD m,"https://www.sec.gov/Archives/edgar/data/1929561/000192956126000023/rxo2026q1pressrelease.htm | RXO earnings release (Ex.99.1) for Q1/26, T2 (CF: Adjustments to reconcile net loss to net; row 'Stock compensation expense'), column Qcur",
share_based_comp,Q2/26,7,USD m,"Derived: YTD through Q2 minus YTD through Q1. Sources: [https://www.sec.gov/Archives/edgar/data/1929561/000192956126000033/rxo2026q2pressrelease.htm | RXO earnings release (Ex.99.1) for Q2/26, T2 (CF: Adjustments to reconcile net loss to net; row 'Stock compensation expense'), column YTDcur] minus [https://www.sec.gov/Archives/edgar/data/1929561/000192956126000023/rxo2026q1pressrelease.htm | RXO earnings release (Ex.99.1) for Q1/26, T2 (CF: Adjustments to reconcile net loss to net; row 'Stock compensation expense'), column Qcur]",Q2 three-month figure derived as YTD2 - YTD1
share_based_comp,LTM_Q2/26,29,USD m,Derived: sum of Q3/25+Q4/25+Q1/26+Q2/26 three-month figures,LTM to 30-Jun-2026
share_based_comp,LTM_Q2/25,26,USD m,Derived: sum of Q3/24..Q2/25 three-month figures,LTM to 30-Jun-2025
shares_basic_wavg,FY2021,115.163,shares m,"https://www.sec.gov/Archives/edgar/data/1929561/000192956123000023/rxoq42022pressrelease.htm | RXO earnings release (Ex.99.1) for Q4/22, T0 (PL: Weighted-average shares outstanding; row 'Basic weighted-average shares outstanding'), column YTDprior",
shares_basic_wavg,Q1/22,115.163,shares m,"https://www.sec.gov/Archives/edgar/data/1929561/000192956123000054/rxoq12023pressrelease.htm | RXO earnings release (Ex.99.1) for Q1/23, T0 (PL: Weighted-average common shares outstandi; row 'Basic weighted-average common shares outstanding'), column Qprior",
shares_basic_wavg,Q2/22,115.163,shares m,"https://www.sec.gov/Archives/edgar/data/1929561/000192956123000069/rxo2023q2pressrelease.htm | RXO earnings release (Ex.99.1) for Q2/23, T0 (PL: Weighted-average common shares outstandi; row 'Basic weighted-average common shares outstanding'), column Qprior",
shares_basic_wavg,Q3/22,115.163,shares m,"https://www.sec.gov/Archives/edgar/data/1929561/000192956123000090/rxo2023q3pressrelease.htm | RXO earnings release (Ex.99.1) for Q3/23, T0 (PL: Weighted-average common shares outstandi; row 'Basic weighted-average common shares outstanding'), column Qprior",
shares_basic_wavg,Q4/22,115.848,shares m,"https://www.sec.gov/Archives/edgar/data/1929561/000192956124000025/rxoq42023pressrelease.htm | RXO earnings release (Ex.99.1) for Q4/23, T0 (PL: Weighted-average shares outstanding; row 'Basic weighted-average shares outstanding'), column Qprior",
shares_basic_wavg,FY2022,115.335,shares m,"https://www.sec.gov/Archives/edgar/data/1929561/000192956124000025/rxoq42023pressrelease.htm | RXO earnings release (Ex.99.1) for Q4/23, T0 (PL: Weighted-average shares outstanding; row 'Basic weighted-average shares outstanding'), column YTDprior",
shares_basic_wavg,Q1/23,116.6,shares m,"https://www.sec.gov/Archives/edgar/data/1929561/000192956124000075/rxo2024q1pressrelease.htm | RXO earnings release (Ex.99.1) for Q1/24, T0 (PL: Weighted-average common shares outstandi; row 'Basic weighted-average common shares outstanding'), column Qprior",
shares_basic_wavg,Q2/23,116.894,shares m,"https://www.sec.gov/Archives/edgar/data/1929561/000192956124000098/rxo2024q2pressrelease.htm | RXO earnings release (Ex.99.1) for Q2/24, T0 (PL: Weighted-average common shares outstandi; row 'Basic weighted-average common shares outstanding'), column Qprior",
shares_basic_wavg,Q3/23,116.97,shares m,"https://www.sec.gov/Archives/edgar/data/1929561/000192956124000123/rxo2024q3pressrelease.htm | RXO earnings release (Ex.99.1) for Q3/24, T0 (PL: Weighted-average common shares outstandi; row 'Basic'), column Qprior",
shares_basic_wavg,Q4/23,117.012,shares m,"https://www.sec.gov/Archives/edgar/data/1929561/000192956125000029/rxoq42024pressrelease.htm | RXO earnings release (Ex.99.1) for Q4/24, T0 (PL: Weighted-average common shares outstandi; row 'Basic'), column Qprior",
shares_basic_wavg,FY2023,116.871,shares m,"https://www.sec.gov/Archives/edgar/data/1929561/000192956125000029/rxoq42024pressrelease.htm | RXO earnings release (Ex.99.1) for Q4/24, T0 (PL: Weighted-average common shares outstandi; row 'Basic'), column YTDprior",
shares_basic_wavg,Q1/24,117.217,shares m,"https://www.sec.gov/Archives/edgar/data/1929561/000192956125000078/rxo2025q1pressrelease.htm | RXO earnings release (Ex.99.1) for Q1/25, T0 (PL: Weighted-average common shares outstandi; row 'Basic'), column Qprior",
shares_basic_wavg,Q2/24,117.579,shares m,"https://www.sec.gov/Archives/edgar/data/1929561/000192956125000096/rxo2025q2pressrelease.htm | RXO earnings release (Ex.99.1) for Q2/25, T0 (PL: Weighted-average common shares outstandi; row 'Basic'), column Qprior",
shares_basic_wavg,Q3/24,134.095,shares m,"https://www.sec.gov/Archives/edgar/data/1929561/000192956125000110/rxo2025q3pressrelease.htm | RXO earnings release (Ex.99.1) for Q3/25, T0 (PL: Weighted-average common shares outstandi; row 'Basic'), column Qprior",
shares_basic_wavg,Q4/24,164.407,shares m,"https://www.sec.gov/Archives/edgar/data/1929561/000192956126000006/rxoq42025pressrelease.htm | RXO earnings release (Ex.99.1) for Q4/25, T0 (PL: Weighted-average common shares outstandi; row 'Basic'), column Qprior",
shares_basic_wavg,FY2024,133.412,shares m,"https://www.sec.gov/Archives/edgar/data/1929561/000192956126000006/rxoq42025pressrelease.htm | RXO earnings release (Ex.99.1) for Q4/25, T0 (PL: Weighted-average common shares outstandi; row 'Basic'), column YTDprior",
shares_basic_wavg,Q1/25,168.023,shares m,"https://www.sec.gov/Archives/edgar/data/1929561/000192956126000023/rxo2026q1pressrelease.htm | RXO earnings release (Ex.99.1) for Q1/26, T0 (PL: Weighted-average common shares outstandi; row 'Basic'), column Qprior",
shares_basic_wavg,Q2/25,168.525,shares m,"https://www.sec.gov/Archives/edgar/data/1929561/000192956126000033/rxo2026q2pressrelease.htm | RXO earnings release (Ex.99.1) for Q2/26, T0 (PL: Weighted-average common shares outstandi; row 'Basic'), column Qprior",
shares_basic_wavg,Q3/25,168.578,shares m,"https://www.sec.gov/Archives/edgar/data/1929561/000192956125000110/rxo2025q3pressrelease.htm | RXO earnings release (Ex.99.1) for Q3/25, T0 (PL: Weighted-average common shares outstandi; row 'Basic'), column Qcur",
shares_basic_wavg,Q4/25,168.715,shares m,"https://www.sec.gov/Archives/edgar/data/1929561/000192956126000006/rxoq42025pressrelease.htm | RXO earnings release (Ex.99.1) for Q4/25, T0 (PL: Weighted-average common shares outstandi; row 'Basic'), column Qcur",
shares_basic_wavg,FY2025,168.462,shares m,"https://www.sec.gov/Archives/edgar/data/1929561/000192956126000006/rxoq42025pressrelease.htm | RXO earnings release (Ex.99.1) for Q4/25, T0 (PL: Weighted-average common shares outstandi; row 'Basic'), column YTDcur",
shares_basic_wavg,Q1/26,169.104,shares m,"https://www.sec.gov/Archives/edgar/data/1929561/000192956126000023/rxo2026q1pressrelease.htm | RXO earnings release (Ex.99.1) for Q1/26, T0 (PL: Weighted-average common shares outstandi; row 'Basic'), column Qcur",
shares_basic_wavg,Q2/26,169.646,shares m,"https://www.sec.gov/Archives/edgar/data/1929561/000192956126000033/rxo2026q2pressrelease.htm | RXO earnings release (Ex.99.1) for Q2/26, T0 (PL: Weighted-average common shares outstandi; row 'Basic'), column Qcur",
shares_diluted_wavg,FY2021,115.163,shares m,"https://www.sec.gov/Archives/edgar/data/1929561/000192956123000023/rxoq42022pressrelease.htm | RXO earnings release (Ex.99.1) for Q4/22, T0 (PL: Weighted-average shares outstanding; row 'Diluted weighted-average shares outstanding'), column YTDprior",
shares_diluted_wavg,Q1/22,115.163,shares m,"https://www.sec.gov/Archives/edgar/data/1929561/000192956123000054/rxoq12023pressrelease.htm | RXO earnings release (Ex.99.1) for Q1/23, T0 (PL: Weighted-average common shares outstandi; row 'Diluted weighted-average common shares outstanding'), column Qprior",
shares_diluted_wavg,Q2/22,115.163,shares m,"https://www.sec.gov/Archives/edgar/data/1929561/000192956123000069/rxo2023q2pressrelease.htm | RXO earnings release (Ex.99.1) for Q2/23, T0 (PL: Weighted-average common shares outstandi; row 'Diluted weighted-average common shares outstanding'), column Qprior",
shares_diluted_wavg,Q3/22,115.163,shares m,"https://www.sec.gov/Archives/edgar/data/1929561/000192956123000090/rxo2023q3pressrelease.htm | RXO earnings release (Ex.99.1) for Q3/23, T0 (PL: Weighted-average common shares outstandi; row 'Diluted weighted-average common shares outstanding'), column Qprior",
shares_diluted_wavg,Q4/22,115.848,shares m,"https://www.sec.gov/Archives/edgar/data/1929561/000192956124000025/rxoq42023pressrelease.htm | RXO earnings release (Ex.99.1) for Q4/23, T0 (PL: Weighted-average shares outstanding; row 'Diluted weighted-average shares outstanding'), column Qprior",
shares_diluted_wavg,FY2022,115.791,shares m,"https://www.sec.gov/Archives/edgar/data/1929561/000192956124000025/rxoq42023pressrelease.htm | RXO earnings release (Ex.99.1) for Q4/23, T0 (PL: Weighted-average shares outstanding; row 'Diluted weighted-average shares outstanding'), column YTDprior",
shares_diluted_wavg,Q1/23,119.369,shares m,"https://www.sec.gov/Archives/edgar/data/1929561/000192956124000075/rxo2024q1pressrelease.htm | RXO earnings release (Ex.99.1) for Q1/24, T0 (PL: Weighted-average common shares outstandi; row 'Diluted weighted-average common shares outstanding'), column Qprior",
shares_diluted_wavg,Q2/23,119.457,shares m,"https://www.sec.gov/Archives/edgar/data/1929561/000192956124000098/rxo2024q2pressrelease.htm | RXO earnings release (Ex.99.1) for Q2/24, T0 (PL: Weighted-average common shares outstandi; row 'Diluted weighted-average common shares outstanding'), column Qprior",
shares_diluted_wavg,Q3/23,116.97,shares m,"https://www.sec.gov/Archives/edgar/data/1929561/000192956124000123/rxo2024q3pressrelease.htm | RXO earnings release (Ex.99.1) for Q3/24, T0 (PL: Weighted-average common shares outstandi; row 'Diluted'), column Qprior",
shares_diluted_wavg,Q4/23,119.575,shares m,"https://www.sec.gov/Archives/edgar/data/1929561/000192956125000029/rxoq42024pressrelease.htm | RXO earnings release (Ex.99.1) for Q4/24, T0 (PL: Weighted-average common shares outstandi; row 'Diluted'), column Qprior",
shares_diluted_wavg,FY2023,119.456,shares m,"https://www.sec.gov/Archives/edgar/data/1929561/000192956125000029/rxoq42024pressrelease.htm | RXO earnings release (Ex.99.1) for Q4/24, T0 (PL: Weighted-average common shares outstandi; row 'Diluted'), column YTDprior",
shares_diluted_wavg,Q1/24,117.217,shares m,"https://www.sec.gov/Archives/edgar/data/1929561/000192956125000078/rxo2025q1pressrelease.htm | RXO earnings release (Ex.99.1) for Q1/25, T0 (PL: Weighted-average common shares outstandi; row 'Diluted'), column Qprior",
shares_diluted_wavg,Q2/24,117.579,shares m,"https://www.sec.gov/Archives/edgar/data/1929561/000192956125000096/rxo2025q2pressrelease.htm | RXO earnings release (Ex.99.1) for Q2/25, T0 (PL: Weighted-average common shares outstandi; row 'Diluted'), column Qprior",
shares_diluted_wavg,Q3/24,134.095,shares m,"https://www.sec.gov/Archives/edgar/data/1929561/000192956125000110/rxo2025q3pressrelease.htm | RXO earnings release (Ex.99.1) for Q3/25, T0 (PL: Weighted-average common shares outstandi; row 'Diluted'), column Qprior",
shares_diluted_wavg,Q4/24,164.407,shares m,"https://www.sec.gov/Archives/edgar/data/1929561/000192956126000006/rxoq42025pressrelease.htm | RXO earnings release (Ex.99.1) for Q4/25, T0 (PL: Weighted-average common shares outstandi; row 'Diluted'), column Qprior",
shares_diluted_wavg,FY2024,133.412,shares m,"https://www.sec.gov/Archives/edgar/data/1929561/000192956126000006/rxoq42025pressrelease.htm | RXO earnings release (Ex.99.1) for Q4/25, T0 (PL: Weighted-average common shares outstandi; row 'Diluted'), column YTDprior",
shares_diluted_wavg,Q1/25,168.023,shares m,"https://www.sec.gov/Archives/edgar/data/1929561/000192956126000023/rxo2026q1pressrelease.htm | RXO earnings release (Ex.99.1) for Q1/26, T0 (PL: Weighted-average common shares outstandi; row 'Diluted'), column Qprior",
shares_diluted_wavg,Q2/25,168.525,shares m,"https://www.sec.gov/Archives/edgar/data/1929561/000192956126000033/rxo2026q2pressrelease.htm | RXO earnings release (Ex.99.1) for Q2/26, T0 (PL: Weighted-average common shares outstandi; row 'Diluted'), column Qprior",
shares_diluted_wavg,Q3/25,168.578,shares m,"https://www.sec.gov/Archives/edgar/data/1929561/000192956125000110/rxo2025q3pressrelease.htm | RXO earnings release (Ex.99.1) for Q3/25, T0 (PL: Weighted-average common shares outstandi; row 'Diluted'), column Qcur",
shares_diluted_wavg,Q4/25,168.715,shares m,"https://www.sec.gov/Archives/edgar/data/1929561/000192956126000006/rxoq42025pressrelease.htm | RXO earnings release (Ex.99.1) for Q4/25, T0 (PL: Weighted-average common shares outstandi; row 'Diluted'), column Qcur",
shares_diluted_wavg,FY2025,168.462,shares m,"https://www.sec.gov/Archives/edgar/data/1929561/000192956126000006/rxoq42025pressrelease.htm | RXO earnings release (Ex.99.1) for Q4/25, T0 (PL: Weighted-average common shares outstandi; row 'Diluted'), column YTDcur",
shares_diluted_wavg,Q1/26,169.104,shares m,"https://www.sec.gov/Archives/edgar/data/1929561/000192956126000023/rxo2026q1pressrelease.htm | RXO earnings release (Ex.99.1) for Q1/26, T0 (PL: Weighted-average common shares outstandi; row 'Diluted'), column Qcur",
shares_diluted_wavg,Q2/26,169.646,shares m,"https://www.sec.gov/Archives/edgar/data/1929561/000192956126000033/rxo2026q2pressrelease.htm | RXO earnings release (Ex.99.1) for Q2/26, T0 (PL: Weighted-average common shares outstandi; row 'Diluted'), column Qcur",
shares_outstanding_cover,2026-08-04,164.926128,shares m,"https://www.sec.gov/Archives/edgar/data/1929561/000192956126000036/rxo-20260630.htm | 10-Q Q2/26 cover page: 'As of August 4, 2026, there were 164,926,128 shares ... outstanding'",
shares_outstanding_merger_agmt,2026-09-30,164.961058,shares m,https://www.sec.gov/Archives/edgar/data/1043277/000119312526413203/d115124dex21.htm | Merger Agreement s.4.2(a)(i)(A),
shares_outstanding_period_end,Q4/22,116.4,shares m,"https://www.sec.gov/Archives/edgar/data/1929561/000192956123000023/rxoq42022pressrelease.htm | earnings release balance sheet, common stock caption",Year-end balance (same as FY2022)
shares_outstanding_period_end,FY2022,116.4,shares m,"https://www.sec.gov/Archives/edgar/data/1929561/000192956123000023/rxoq42022pressrelease.htm | earnings release balance sheet, common stock caption",Excludes pre-funded warrants
shares_outstanding_period_end,Q1/23,116.853,shares m,"https://www.sec.gov/Archives/edgar/data/1929561/000192956123000054/rxoq12023pressrelease.htm | earnings release balance sheet, common stock caption",Excludes pre-funded warrants
shares_outstanding_period_end,Q2/23,116.954,shares m,"https://www.sec.gov/Archives/edgar/data/1929561/000192956123000069/rxo2023q2pressrelease.htm | earnings release balance sheet, common stock caption",Excludes pre-funded warrants
shares_outstanding_period_end,Q3/23,117.002,shares m,"https://www.sec.gov/Archives/edgar/data/1929561/000192956123000090/rxo2023q3pressrelease.htm | earnings release balance sheet, common stock caption",Excludes pre-funded warrants
shares_outstanding_period_end,Q4/23,117.026,shares m,"https://www.sec.gov/Archives/edgar/data/1929561/000192956124000025/rxoq42023pressrelease.htm | earnings release balance sheet, common stock caption",Year-end balance (same as FY2023)
shares_outstanding_period_end,FY2023,117.026,shares m,"https://www.sec.gov/Archives/edgar/data/1929561/000192956124000025/rxoq42023pressrelease.htm | earnings release balance sheet, common stock caption",Excludes pre-funded warrants
shares_outstanding_period_end,Q1/24,117.544,shares m,"https://www.sec.gov/Archives/edgar/data/1929561/000192956124000075/rxo2024q1pressrelease.htm | earnings release balance sheet, common stock caption",Excludes pre-funded warrants
shares_outstanding_period_end,Q2/24,117.607,shares m,"https://www.sec.gov/Archives/edgar/data/1929561/000192956124000098/rxo2024q2pressrelease.htm | earnings release balance sheet, common stock caption",Excludes pre-funded warrants
shares_outstanding_period_end,Q3/24,160.79,shares m,"https://www.sec.gov/Archives/edgar/data/1929561/000192956124000123/rxo2024q3pressrelease.htm | earnings release balance sheet, common stock caption",Excludes pre-funded warrants
shares_outstanding_period_end,Q4/24,162.517,shares m,"https://www.sec.gov/Archives/edgar/data/1929561/000192956125000029/rxoq42024pressrelease.htm | earnings release balance sheet, common stock caption",Year-end balance (same as FY2024)
shares_outstanding_period_end,FY2024,162.517,shares m,"https://www.sec.gov/Archives/edgar/data/1929561/000192956125000029/rxoq42024pressrelease.htm | earnings release balance sheet, common stock caption",Excludes pre-funded warrants
shares_outstanding_period_end,Q1/25,163.912,shares m,"https://www.sec.gov/Archives/edgar/data/1929561/000192956125000078/rxo2025q1pressrelease.htm | earnings release balance sheet, common stock caption",Excludes pre-funded warrants
shares_outstanding_period_end,Q2/25,163.97,shares m,"https://www.sec.gov/Archives/edgar/data/1929561/000192956125000096/rxo2025q2pressrelease.htm | earnings release balance sheet, common stock caption",Excludes pre-funded warrants
shares_outstanding_period_end,Q3/25,164.103,shares m,"https://www.sec.gov/Archives/edgar/data/1929561/000192956125000110/rxo2025q3pressrelease.htm | earnings release balance sheet, common stock caption",Excludes pre-funded warrants
shares_outstanding_period_end,Q4/25,164.16,shares m,"https://www.sec.gov/Archives/edgar/data/1929561/000192956126000006/rxoq42025pressrelease.htm | earnings release balance sheet, common stock caption",Year-end balance (same as FY2025)
shares_outstanding_period_end,FY2025,164.16,shares m,"https://www.sec.gov/Archives/edgar/data/1929561/000192956126000006/rxoq42025pressrelease.htm | earnings release balance sheet, common stock caption",Excludes pre-funded warrants
shares_outstanding_period_end,Q1/26,164.867,shares m,"https://www.sec.gov/Archives/edgar/data/1929561/000192956126000023/rxo2026q1pressrelease.htm | earnings release balance sheet, common stock caption",Excludes pre-funded warrants
shares_outstanding_period_end,Q2/26,164.92,shares m,"https://www.sec.gov/Archives/edgar/data/1929561/000192956126000033/rxo2026q2pressrelease.htm | earnings release balance sheet, common stock caption",Excludes pre-funded warrants
short_term_debt,FY2021,0,USD m,"https://www.sec.gov/Archives/edgar/data/1929561/000192956123000023/rxoq42022pressrelease.htm | RXO earnings release (Ex.99.1) for Q4/22, T1 (BS: Current liabilities; row 'Current maturities of long-term debt'), column BSprior",
short_term_debt,Q2/22,0,USD m,https://www.sec.gov/Archives/edgar/data/1929561/000162828022026335/exhibit991-form10a.htm | Form 10/A capitalization table (historical) 'Short-term borrowings',Pre-spin: no debt
short_term_debt,Q3/22,5,USD m,"https://www.sec.gov/Archives/edgar/data/1929561/000192956122000022/rxo-20220930.htm | Form 10-Q Q3 2022, Condensed Combined Balance Sheet (Sept 30, 2022)",
short_term_debt,Q4/22,4,USD m,"https://www.sec.gov/Archives/edgar/data/1929561/000192956124000025/rxoq42023pressrelease.htm | RXO earnings release (Ex.99.1) for Q4/23, T1 (BS: Current liabilities; row 'Current maturities of long-term debt'), column BSprior",Year-end balance (same as FY2022)
short_term_debt,FY2022,4,USD m,"https://www.sec.gov/Archives/edgar/data/1929561/000192956124000025/rxoq42023pressrelease.htm | RXO earnings release (Ex.99.1) for Q4/23, T1 (BS: Current liabilities; row 'Current maturities of long-term debt'), column BSprior",
short_term_debt,Q1/23,4,USD m,"https://www.sec.gov/Archives/edgar/data/1929561/000192956123000054/rxoq12023pressrelease.htm | RXO earnings release (Ex.99.1) for Q1/23, T1 (BS: Current liabilities; row 'Current maturities of long-term debt'), column BScur",
short_term_debt,Q2/23,4,USD m,"https://www.sec.gov/Archives/edgar/data/1929561/000192956123000069/rxo2023q2pressrelease.htm | RXO earnings release (Ex.99.1) for Q2/23, T1 (BS: Current liabilities; row 'Current maturities of long-term debt'), column BScur",
short_term_debt,Q3/23,3,USD m,"https://www.sec.gov/Archives/edgar/data/1929561/000192956123000090/rxo2023q3pressrelease.htm | RXO earnings release (Ex.99.1) for Q3/23, T1 (BS: Current liabilities; row 'Current maturities of long-term debt'), column BScur",
short_term_debt,Q4/23,3,USD m,"https://www.sec.gov/Archives/edgar/data/1929561/000192956125000029/rxoq42024pressrelease.htm | RXO earnings release (Ex.99.1) for Q4/24, T1 (BS: Current liabilities; row 'Short-term debt and current maturities of long-term debt'), column BSprior",Year-end balance (same as FY2023)
short_term_debt,FY2023,3,USD m,"https://www.sec.gov/Archives/edgar/data/1929561/000192956125000029/rxoq42024pressrelease.htm | RXO earnings release (Ex.99.1) for Q4/24, T1 (BS: Current liabilities; row 'Short-term debt and current maturities of long-term debt'), column BSprior",
short_term_debt,Q1/24,16,USD m,"https://www.sec.gov/Archives/edgar/data/1929561/000192956124000075/rxo2024q1pressrelease.htm | RXO earnings release (Ex.99.1) for Q1/24, T1 (BS: Current liabilities; row 'Short-term debt and current maturities of long-term debt'), column BScur",
short_term_debt,Q2/24,16,USD m,"https://www.sec.gov/Archives/edgar/data/1929561/000192956124000098/rxo2024q2pressrelease.htm | RXO earnings release (Ex.99.1) for Q2/24, T1 (BS: Current liabilities; row 'Short-term debt and current maturities of long-term debt'), column BScur",
short_term_debt,Q3/24,15,USD m,"https://www.sec.gov/Archives/edgar/data/1929561/000192956124000123/rxo2024q3pressrelease.htm | RXO earnings release (Ex.99.1) for Q3/24, T1 (BS: Current liabilities; row 'Short-term debt and current maturities of long-term debt'), column BScur",
short_term_debt,Q4/24,17,USD m,"https://www.sec.gov/Archives/edgar/data/1929561/000192956126000006/rxoq42025pressrelease.htm | RXO earnings release (Ex.99.1) for Q4/25, T1 (BS: Current liabilities; row 'Short-term debt and current maturities of long-term debt'), column BSprior",Year-end balance (same as FY2024)
short_term_debt,FY2024,17,USD m,"https://www.sec.gov/Archives/edgar/data/1929561/000192956126000006/rxoq42025pressrelease.htm | RXO earnings release (Ex.99.1) for Q4/25, T1 (BS: Current liabilities; row 'Short-term debt and current maturities of long-term debt'), column BSprior",
short_term_debt,Q1/25,17,USD m,"https://www.sec.gov/Archives/edgar/data/1929561/000192956125000078/rxo2025q1pressrelease.htm | RXO earnings release (Ex.99.1) for Q1/25, T1 (BS: Current liabilities; row 'Short-term debt and current maturities of long-term debt'), column BScur",
short_term_debt,Q2/25,16,USD m,"https://www.sec.gov/Archives/edgar/data/1929561/000192956125000096/rxo2025q2pressrelease.htm | RXO earnings release (Ex.99.1) for Q2/25, T1 (BS: Current liabilities; row 'Short-term debt and current maturities of long-term debt'), column BScur",
short_term_debt,Q3/25,16,USD m,"https://www.sec.gov/Archives/edgar/data/1929561/000192956125000110/rxo2025q3pressrelease.htm | RXO earnings release (Ex.99.1) for Q3/25, T1 (BS: Current liabilities; row 'Short-term debt and current maturities of long-term debt'), column BScur",
short_term_debt,Q4/25,17,USD m,"https://www.sec.gov/Archives/edgar/data/1929561/000192956126000033/rxo2026q2pressrelease.htm | RXO earnings release (Ex.99.1) for Q2/26, T1 (BS: Current liabilities; row 'Short-term debt and current maturities of long-term debt'), column BSprior",Year-end balance (same as FY2025)
short_term_debt,FY2025,17,USD m,"https://www.sec.gov/Archives/edgar/data/1929561/000192956126000033/rxo2026q2pressrelease.htm | RXO earnings release (Ex.99.1) for Q2/26, T1 (BS: Current liabilities; row 'Short-term debt and current maturities of long-term debt'), column BSprior",
short_term_debt,Q1/26,17,USD m,"https://www.sec.gov/Archives/edgar/data/1929561/000192956126000023/rxo2026q1pressrelease.htm | RXO earnings release (Ex.99.1) for Q1/26, T1 (BS: Current liabilities; row 'Short-term debt and current maturities of long-term debt'), column BScur",
short_term_debt,Q2/26,36,USD m,"https://www.sec.gov/Archives/edgar/data/1929561/000192956126000033/rxo2026q2pressrelease.htm | RXO earnings release (Ex.99.1) for Q2/26, T1 (BS: Current liabilities; row 'Short-term debt and current maturities of long-term debt'), column BScur",
tax,FY2021,41,USD m,"https://www.sec.gov/Archives/edgar/data/1929561/000192956123000023/rxoq42022pressrelease.htm | RXO earnings release (Ex.99.1) for Q4/22, T0 (PL: (Dollars in millions, shares in thousand; row 'Income tax provision (benefit)'), column YTDprior",
tax,Q1/22,12,USD m,"https://www.sec.gov/Archives/edgar/data/1929561/000192956123000054/rxoq12023pressrelease.htm | RXO earnings release (Ex.99.1) for Q1/23, T0 (PL: (Dollars in millions, shares in thousand; row 'Income tax provision (benefit)'), column Qprior",
tax,Q2/22,15,USD m,"https://www.sec.gov/Archives/edgar/data/1929561/000192956123000069/rxo2023q2pressrelease.htm | RXO earnings release (Ex.99.1) for Q2/23, T0 (PL: (Dollars in millions, shares in thousand; row 'Income tax provision'), column Qprior",
tax,Q3/22,2,USD m,"https://www.sec.gov/Archives/edgar/data/1929561/000192956123000090/rxo2023q3pressrelease.htm | RXO earnings release (Ex.99.1) for Q3/23, T0 (PL: (Dollars in millions, shares in thousand; row 'Income tax provision (benefit)'), column Qprior",
tax,Q4/22,-2,USD m,"https://www.sec.gov/Archives/edgar/data/1929561/000192956124000025/rxoq42023pressrelease.htm | RXO earnings release (Ex.99.1) for Q4/23, T0 (PL: 2023; row 'Income tax provision (benefit)'), column Qprior",
tax,FY2022,27,USD m,"https://www.sec.gov/Archives/edgar/data/1929561/000192956124000025/rxoq42023pressrelease.htm | RXO earnings release (Ex.99.1) for Q4/23, T0 (PL: 2023; row 'Income tax provision (benefit)'), column YTDprior",
tax,Q1/23,-3,USD m,"https://www.sec.gov/Archives/edgar/data/1929561/000192956124000075/rxo2024q1pressrelease.htm | RXO earnings release (Ex.99.1) for Q1/24, T0 (PL: (Dollars in millions, shares in thousand; row 'Income tax benefit'), column Qprior",
tax,Q2/23,3,USD m,"https://www.sec.gov/Archives/edgar/data/1929561/000192956124000098/rxo2024q2pressrelease.htm | RXO earnings release (Ex.99.1) for Q2/24, T0 (PL: (Dollars in millions, shares in thousand; row 'Income tax provision (benefit)'), column Qprior",
tax,Q3/23,-2,USD m,"https://www.sec.gov/Archives/edgar/data/1929561/000192956124000123/rxo2024q3pressrelease.htm | RXO earnings release (Ex.99.1) for Q3/24, T0 (PL: (Dollars in millions, shares in thousand; row 'Income tax provision (benefit)'), column Qprior",
tax,Q4/23,2,USD m,"https://www.sec.gov/Archives/edgar/data/1929561/000192956125000029/rxoq42024pressrelease.htm | RXO earnings release (Ex.99.1) for Q4/24, T0 (PL: (Dollars in millions, shares in thousand; row 'Income tax provision (benefit)'), column Qprior",
tax,FY2023,0,USD m,"https://www.sec.gov/Archives/edgar/data/1929561/000192956125000029/rxoq42024pressrelease.htm | RXO earnings release (Ex.99.1) for Q4/24, T0 (PL: (Dollars in millions, shares in thousand; row 'Income tax provision (benefit)'), column YTDprior",
tax,Q1/24,-6,USD m,"https://www.sec.gov/Archives/edgar/data/1929561/000192956125000078/rxo2025q1pressrelease.htm | RXO earnings release (Ex.99.1) for Q1/25, T0 (PL: (Dollars in millions, shares in thousand; row 'Income tax benefit'), column Qprior",
tax,Q2/24,-1,USD m,"https://www.sec.gov/Archives/edgar/data/1929561/000192956125000096/rxo2025q2pressrelease.htm | RXO earnings release (Ex.99.1) for Q2/25, T0 (PL: (Dollars in millions, shares in thousand; row 'Income tax benefit'), column Qprior",
tax,Q3/24,1,USD m,"https://www.sec.gov/Archives/edgar/data/1929561/000192956125000110/rxo2025q3pressrelease.htm | RXO earnings release (Ex.99.1) for Q3/25, T0 (PL: (Dollars in millions, shares in thousand; row 'Income tax provision (benefit)'), column Qprior",
tax,Q4/24,-8,USD m,"https://www.sec.gov/Archives/edgar/data/1929561/000192956126000006/rxoq42025pressrelease.htm | RXO earnings release (Ex.99.1) for Q4/25, T0 (PL: (Dollars in millions, shares in thousand; row 'Income tax benefit'), column Qprior",Latest-filed value used (release Q4/25); originally reported -13 in Q4/24 release
tax,FY2024,-14,USD m,"https://www.sec.gov/Archives/edgar/data/1929561/000192956126000006/rxoq42025pressrelease.htm | RXO earnings release (Ex.99.1) for Q4/25, T0 (PL: (Dollars in millions, shares in thousand; row 'Income tax benefit'), column YTDprior",Latest-filed value used (release Q4/25); originally reported -19 in Q4/24 release
tax,Q1/25,-8,USD m,"https://www.sec.gov/Archives/edgar/data/1929561/000192956126000023/rxo2026q1pressrelease.htm | RXO earnings release (Ex.99.1) for Q1/26, T0 (PL: (Dollars in millions, shares in thousand; row 'Income tax benefit'), column Qprior",
tax,Q2/25,-1,USD m,"https://www.sec.gov/Archives/edgar/data/1929561/000192956126000033/rxo2026q2pressrelease.htm | RXO earnings release (Ex.99.1) for Q2/26, T0 (PL: (Dollars in millions, shares in thousand; row 'Income tax provision (benefit)'), column Qprior",
tax,Q3/25,-1,USD m,"https://www.sec.gov/Archives/edgar/data/1929561/000192956125000110/rxo2025q3pressrelease.htm | RXO earnings release (Ex.99.1) for Q3/25, T0 (PL: (Dollars in millions, shares in thousand; row 'Income tax provision (benefit)'), column Qcur",
tax,Q4/25,-5,USD m,"https://www.sec.gov/Archives/edgar/data/1929561/000192956126000006/rxoq42025pressrelease.htm | RXO earnings release (Ex.99.1) for Q4/25, T0 (PL: (Dollars in millions, shares in thousand; row 'Income tax benefit'), column Qcur",
tax,FY2025,-15,USD m,"https://www.sec.gov/Archives/edgar/data/1929561/000192956126000006/rxoq42025pressrelease.htm | RXO earnings release (Ex.99.1) for Q4/25, T0 (PL: (Dollars in millions, shares in thousand; row 'Income tax benefit'), column YTDcur",
tax,Q1/26,-13,USD m,"https://www.sec.gov/Archives/edgar/data/1929561/000192956126000023/rxo2026q1pressrelease.htm | RXO earnings release (Ex.99.1) for Q1/26, T0 (PL: (Dollars in millions, shares in thousand; row 'Income tax benefit'), column Qcur",
tax,Q2/26,1,USD m,"https://www.sec.gov/Archives/edgar/data/1929561/000192956126000033/rxo2026q2pressrelease.htm | RXO earnings release (Ex.99.1) for Q2/26, T0 (PL: (Dollars in millions, shares in thousand; row 'Income tax provision (benefit)'), column Qcur",
tax,LTM_Q2/26,-18,USD m,Derived: sum of Q3/25+Q4/25+Q1/26+Q2/26 three-month figures,LTM to 30-Jun-2026
tax,LTM_Q2/25,-16,USD m,Derived: sum of Q3/24..Q2/25 three-month figures,LTM to 30-Jun-2025
total_assets,FY2021,2068,USD m,"https://www.sec.gov/Archives/edgar/data/1929561/000192956123000023/rxoq42022pressrelease.htm | RXO earnings release (Ex.99.1) for Q4/22, T1 (BS: Long-term assets; row 'Total assets'), column BSprior",
total_assets,Q2/22,2372,USD m,"https://www.sec.gov/Archives/edgar/data/1929561/000162828022026335/exhibit991-form10a.htm | Form 10/A information statement (Ex.99.1), unaudited condensed combined balance sheet as of June 30, 2022",
total_assets,Q3/22,2237,USD m,"https://www.sec.gov/Archives/edgar/data/1929561/000192956122000022/rxo-20220930.htm | Form 10-Q Q3 2022, Condensed Combined Balance Sheet (Sept 30, 2022)",
total_assets,Q4/22,2031,USD m,"https://www.sec.gov/Archives/edgar/data/1929561/000192956124000025/rxoq42023pressrelease.htm | RXO earnings release (Ex.99.1) for Q4/23, T1 (BS: Long-term assets; row 'Total assets'), column BSprior",Year-end balance (same as FY2022)
total_assets,FY2022,2031,USD m,"https://www.sec.gov/Archives/edgar/data/1929561/000192956124000025/rxoq42023pressrelease.htm | RXO earnings release (Ex.99.1) for Q4/23, T1 (BS: Long-term assets; row 'Total assets'), column BSprior",Latest-filed value used (release Q4/23); originally reported 2038 in Q4/22 release
total_assets,Q1/23,2018,USD m,"https://www.sec.gov/Archives/edgar/data/1929561/000192956123000054/rxoq12023pressrelease.htm | RXO earnings release (Ex.99.1) for Q1/23, T1 (BS: Long-term assets; row 'Total assets'), column BScur",
total_assets,Q2/23,1912,USD m,"https://www.sec.gov/Archives/edgar/data/1929561/000192956123000069/rxo2023q2pressrelease.htm | RXO earnings release (Ex.99.1) for Q2/23, T1 (BS: Long-term assets; row 'Total assets'), column BScur",
total_assets,Q3/23,1946,USD m,"https://www.sec.gov/Archives/edgar/data/1929561/000192956123000090/rxo2023q3pressrelease.htm | RXO earnings release (Ex.99.1) for Q3/23, T1 (BS: Long-term assets; row 'Total assets'), column BScur",
total_assets,Q4/23,1825,USD m,"https://www.sec.gov/Archives/edgar/data/1929561/000192956125000029/rxoq42024pressrelease.htm | RXO earnings release (Ex.99.1) for Q4/24, T1 (BS: Long-term assets; row 'Total assets'), column BSprior",Year-end balance (same as FY2023)
total_assets,FY2023,1825,USD m,"https://www.sec.gov/Archives/edgar/data/1929561/000192956125000029/rxoq42024pressrelease.htm | RXO earnings release (Ex.99.1) for Q4/24, T1 (BS: Long-term assets; row 'Total assets'), column BSprior",
total_assets,Q1/24,1799,USD m,"https://www.sec.gov/Archives/edgar/data/1929561/000192956124000075/rxo2024q1pressrelease.htm | RXO earnings release (Ex.99.1) for Q1/24, T1 (BS: Long-term assets; row 'Total assets'), column BScur",
total_assets,Q2/24,1813,USD m,"https://www.sec.gov/Archives/edgar/data/1929561/000192956124000098/rxo2024q2pressrelease.htm | RXO earnings release (Ex.99.1) for Q2/24, T1 (BS: Long-term assets; row 'Total assets'), column BScur",
total_assets,Q3/24,3392,USD m,"https://www.sec.gov/Archives/edgar/data/1929561/000192956124000123/rxo2024q3pressrelease.htm | RXO earnings release (Ex.99.1) for Q3/24, T1 (BS: Long-term assets; row 'Total assets'), column BScur",
total_assets,Q4/24,3414,USD m,"https://www.sec.gov/Archives/edgar/data/1929561/000192956126000006/rxoq42025pressrelease.htm | RXO earnings release (Ex.99.1) for Q4/25, T1 (BS: Long-term assets; row 'Total assets'), column BSprior",Year-end balance (same as FY2024)
total_assets,FY2024,3414,USD m,"https://www.sec.gov/Archives/edgar/data/1929561/000192956126000006/rxoq42025pressrelease.htm | RXO earnings release (Ex.99.1) for Q4/25, T1 (BS: Long-term assets; row 'Total assets'), column BSprior",Latest-filed value used (release Q4/25); originally reported 3418 in Q4/24 release
total_assets,Q1/25,3304,USD m,"https://www.sec.gov/Archives/edgar/data/1929561/000192956125000078/rxo2025q1pressrelease.htm | RXO earnings release (Ex.99.1) for Q1/25, T1 (BS: Long-term assets; row 'Total assets'), column BScur",
total_assets,Q2/25,3201,USD m,"https://www.sec.gov/Archives/edgar/data/1929561/000192956125000096/rxo2025q2pressrelease.htm | RXO earnings release (Ex.99.1) for Q2/25, T1 (BS: Long-term assets; row 'Total assets'), column BScur",
total_assets,Q3/25,3201,USD m,"https://www.sec.gov/Archives/edgar/data/1929561/000192956125000110/rxo2025q3pressrelease.htm | RXO earnings release (Ex.99.1) for Q3/25, T1 (BS: Long-term assets; row 'Total assets'), column BScur",
total_assets,Q4/25,3277,USD m,"https://www.sec.gov/Archives/edgar/data/1929561/000192956126000033/rxo2026q2pressrelease.htm | RXO earnings release (Ex.99.1) for Q2/26, T1 (BS: Long-term assets; row 'Total assets'), column BSprior",Year-end balance (same as FY2025)
total_assets,FY2025,3277,USD m,"https://www.sec.gov/Archives/edgar/data/1929561/000192956126000033/rxo2026q2pressrelease.htm | RXO earnings release (Ex.99.1) for Q2/26, T1 (BS: Long-term assets; row 'Total assets'), column BSprior",
total_assets,Q1/26,3268,USD m,"https://www.sec.gov/Archives/edgar/data/1929561/000192956126000023/rxo2026q1pressrelease.htm | RXO earnings release (Ex.99.1) for Q1/26, T1 (BS: Long-term assets; row 'Total assets'), column BScur",
total_assets,Q2/26,3459,USD m,"https://www.sec.gov/Archives/edgar/data/1929561/000192956126000033/rxo2026q2pressrelease.htm | RXO earnings release (Ex.99.1) for Q2/26, T1 (BS: Long-term assets; row 'Total assets'), column BScur",
total_current_assets,FY2021,1083,USD m,"https://www.sec.gov/Archives/edgar/data/1929561/000192956123000023/rxoq42022pressrelease.htm | RXO earnings release (Ex.99.1) for Q4/22, T1 (BS: Current assets; row 'Total current assets'), column BSprior",
total_current_assets,Q2/22,1351,USD m,"https://www.sec.gov/Archives/edgar/data/1929561/000162828022026335/exhibit991-form10a.htm | Form 10/A information statement (Ex.99.1), unaudited condensed combined balance sheet as of June 30, 2022",
total_current_assets,Q3/22,1225,USD m,"https://www.sec.gov/Archives/edgar/data/1929561/000192956122000022/rxo-20220930.htm | Form 10-Q Q3 2022, Condensed Combined Balance Sheet (Sept 30, 2022)",
total_current_assets,Q4/22,1029,USD m,"https://www.sec.gov/Archives/edgar/data/1929561/000192956124000025/rxoq42023pressrelease.htm | RXO earnings release (Ex.99.1) for Q4/23, T1 (BS: Current assets; row 'Total current assets'), column BSprior",Year-end balance (same as FY2022)
total_current_assets,FY2022,1029,USD m,"https://www.sec.gov/Archives/edgar/data/1929561/000192956124000025/rxoq42023pressrelease.htm | RXO earnings release (Ex.99.1) for Q4/23, T1 (BS: Current assets; row 'Total current assets'), column BSprior",Latest-filed value used (release Q4/23); originally reported 1037 in Q4/22 release
total_current_assets,Q1/23,1029,USD m,"https://www.sec.gov/Archives/edgar/data/1929561/000192956123000054/rxoq12023pressrelease.htm | RXO earnings release (Ex.99.1) for Q1/23, T1 (BS: Current assets; row 'Total current assets'), column BScur",
total_current_assets,Q2/23,916,USD m,"https://www.sec.gov/Archives/edgar/data/1929561/000192956123000069/rxo2023q2pressrelease.htm | RXO earnings release (Ex.99.1) for Q2/23, T1 (BS: Current assets; row 'Total current assets'), column BScur",
total_current_assets,Q3/23,936,USD m,"https://www.sec.gov/Archives/edgar/data/1929561/000192956123000090/rxo2023q3pressrelease.htm | RXO earnings release (Ex.99.1) for Q3/23, T1 (BS: Current assets; row 'Total current assets'), column BScur",
total_current_assets,Q4/23,796,USD m,"https://www.sec.gov/Archives/edgar/data/1929561/000192956125000029/rxoq42024pressrelease.htm | RXO earnings release (Ex.99.1) for Q4/24, T1 (BS: Current assets; row 'Total current assets'), column BSprior",Year-end balance (same as FY2023)
total_current_assets,FY2023,796,USD m,"https://www.sec.gov/Archives/edgar/data/1929561/000192956125000029/rxoq42024pressrelease.htm | RXO earnings release (Ex.99.1) for Q4/24, T1 (BS: Current assets; row 'Total current assets'), column BSprior",
total_current_assets,Q1/24,770,USD m,"https://www.sec.gov/Archives/edgar/data/1929561/000192956124000075/rxo2024q1pressrelease.htm | RXO earnings release (Ex.99.1) for Q1/24, T1 (BS: Current assets; row 'Total current assets'), column BScur",
total_current_assets,Q2/24,776,USD m,"https://www.sec.gov/Archives/edgar/data/1929561/000192956124000098/rxo2024q2pressrelease.htm | RXO earnings release (Ex.99.1) for Q2/24, T1 (BS: Current assets; row 'Total current assets'), column BScur",
total_current_assets,Q3/24,1255,USD m,"https://www.sec.gov/Archives/edgar/data/1929561/000192956124000123/rxo2024q3pressrelease.htm | RXO earnings release (Ex.99.1) for Q3/24, T1 (BS: Current assets; row 'Total current assets'), column BScur",
total_current_assets,Q4/24,1339,USD m,"https://www.sec.gov/Archives/edgar/data/1929561/000192956126000006/rxoq42025pressrelease.htm | RXO earnings release (Ex.99.1) for Q4/25, T1 (BS: Current assets; row 'Total current assets'), column BSprior",Year-end balance (same as FY2024)
total_current_assets,FY2024,1339,USD m,"https://www.sec.gov/Archives/edgar/data/1929561/000192956126000006/rxoq42025pressrelease.htm | RXO earnings release (Ex.99.1) for Q4/25, T1 (BS: Current assets; row 'Total current assets'), column BSprior",Latest-filed value used (release Q4/25); originally reported 1341 in Q4/24 release
total_current_assets,Q1/25,1255,USD m,"https://www.sec.gov/Archives/edgar/data/1929561/000192956125000078/rxo2025q1pressrelease.htm | RXO earnings release (Ex.99.1) for Q1/25, T1 (BS: Current assets; row 'Total current assets'), column BScur",
total_current_assets,Q2/25,1184,USD m,"https://www.sec.gov/Archives/edgar/data/1929561/000192956125000096/rxo2025q2pressrelease.htm | RXO earnings release (Ex.99.1) for Q2/25, T1 (BS: Current assets; row 'Total current assets'), column BScur",
total_current_assets,Q3/25,1201,USD m,"https://www.sec.gov/Archives/edgar/data/1929561/000192956125000110/rxo2025q3pressrelease.htm | RXO earnings release (Ex.99.1) for Q3/25, T1 (BS: Current assets; row 'Total current assets'), column BScur",
total_current_assets,Q4/25,1317,USD m,"https://www.sec.gov/Archives/edgar/data/1929561/000192956126000033/rxo2026q2pressrelease.htm | RXO earnings release (Ex.99.1) for Q2/26, T1 (BS: Current assets; row 'Total current assets'), column BSprior",Year-end balance (same as FY2025)
total_current_assets,FY2025,1317,USD m,"https://www.sec.gov/Archives/edgar/data/1929561/000192956126000033/rxo2026q2pressrelease.htm | RXO earnings release (Ex.99.1) for Q2/26, T1 (BS: Current assets; row 'Total current assets'), column BSprior",
total_current_assets,Q1/26,1335,USD m,"https://www.sec.gov/Archives/edgar/data/1929561/000192956126000023/rxo2026q1pressrelease.htm | RXO earnings release (Ex.99.1) for Q1/26, T1 (BS: Current assets; row 'Total current assets'), column BScur",
total_current_assets,Q2/26,1556,USD m,"https://www.sec.gov/Archives/edgar/data/1929561/000192956126000033/rxo2026q2pressrelease.htm | RXO earnings release (Ex.99.1) for Q2/26, T1 (BS: Current assets; row 'Total current assets'), column BScur",
total_current_liabilities,FY2021,816,USD m,"https://www.sec.gov/Archives/edgar/data/1929561/000192956123000023/rxoq42022pressrelease.htm | RXO earnings release (Ex.99.1) for Q4/22, T1 (BS: Current liabilities; row 'Total current liabilities'), column BSprior",
total_current_liabilities,Q2/22,957,USD m,"https://www.sec.gov/Archives/edgar/data/1929561/000162828022026335/exhibit991-form10a.htm | Form 10/A information statement (Ex.99.1), unaudited condensed combined balance sheet as of June 30, 2022",
total_current_liabilities,Q3/22,888,USD m,"https://www.sec.gov/Archives/edgar/data/1929561/000192956122000022/rxo-20220930.htm | Form 10-Q Q3 2022, Condensed Combined Balance Sheet (Sept 30, 2022)",
total_current_liabilities,Q4/22,823,USD m,"https://www.sec.gov/Archives/edgar/data/1929561/000192956124000025/rxoq42023pressrelease.htm | RXO earnings release (Ex.99.1) for Q4/23, T1 (BS: Current liabilities; row 'Total current liabilities'), column BSprior",Year-end balance (same as FY2022)
total_current_liabilities,FY2022,823,USD m,"https://www.sec.gov/Archives/edgar/data/1929561/000192956124000025/rxoq42023pressrelease.htm | RXO earnings release (Ex.99.1) for Q4/23, T1 (BS: Current liabilities; row 'Total current liabilities'), column BSprior",Latest-filed value used (release Q4/23); originally reported 839 in Q4/22 release
total_current_liabilities,Q1/23,820,USD m,"https://www.sec.gov/Archives/edgar/data/1929561/000192956123000054/rxoq12023pressrelease.htm | RXO earnings release (Ex.99.1) for Q1/23, T1 (BS: Current liabilities; row 'Total current liabilities'), column BScur",
total_current_liabilities,Q2/23,699,USD m,"https://www.sec.gov/Archives/edgar/data/1929561/000192956123000069/rxo2023q2pressrelease.htm | RXO earnings release (Ex.99.1) for Q2/23, T1 (BS: Current liabilities; row 'Total current liabilities'), column BScur",
total_current_liabilities,Q3/23,728,USD m,"https://www.sec.gov/Archives/edgar/data/1929561/000192956123000090/rxo2023q3pressrelease.htm | RXO earnings release (Ex.99.1) for Q3/23, T1 (BS: Current liabilities; row 'Total current liabilities'), column BScur",
total_current_liabilities,Q4/23,682,USD m,"https://www.sec.gov/Archives/edgar/data/1929561/000192956125000029/rxoq42024pressrelease.htm | RXO earnings release (Ex.99.1) for Q4/24, T1 (BS: Current liabilities; row 'Total current liabilities'), column BSprior",Year-end balance (same as FY2023)
total_current_liabilities,FY2023,682,USD m,"https://www.sec.gov/Archives/edgar/data/1929561/000192956125000029/rxoq42024pressrelease.htm | RXO earnings release (Ex.99.1) for Q4/24, T1 (BS: Current liabilities; row 'Total current liabilities'), column BSprior",
total_current_liabilities,Q1/24,674,USD m,"https://www.sec.gov/Archives/edgar/data/1929561/000192956124000075/rxo2024q1pressrelease.htm | RXO earnings release (Ex.99.1) for Q1/24, T1 (BS: Current liabilities; row 'Total current liabilities'), column BScur",
total_current_liabilities,Q2/24,662,USD m,"https://www.sec.gov/Archives/edgar/data/1929561/000192956124000098/rxo2024q2pressrelease.htm | RXO earnings release (Ex.99.1) for Q2/24, T1 (BS: Current liabilities; row 'Total current liabilities'), column BScur",
total_current_liabilities,Q3/24,947,USD m,"https://www.sec.gov/Archives/edgar/data/1929561/000192956124000123/rxo2024q3pressrelease.htm | RXO earnings release (Ex.99.1) for Q3/24, T1 (BS: Current liabilities; row 'Total current liabilities'), column BScur",
total_current_liabilities,Q4/24,1065,USD m,"https://www.sec.gov/Archives/edgar/data/1929561/000192956126000006/rxoq42025pressrelease.htm | RXO earnings release (Ex.99.1) for Q4/25, T1 (BS: Current liabilities; row 'Total current liabilities'), column BSprior",Year-end balance (same as FY2024)
total_current_liabilities,FY2024,1065,USD m,"https://www.sec.gov/Archives/edgar/data/1929561/000192956126000006/rxoq42025pressrelease.htm | RXO earnings release (Ex.99.1) for Q4/25, T1 (BS: Current liabilities; row 'Total current liabilities'), column BSprior",Latest-filed value used (release Q4/25); originally reported 1066 in Q4/24 release
total_current_liabilities,Q1/25,964,USD m,"https://www.sec.gov/Archives/edgar/data/1929561/000192956125000078/rxo2025q1pressrelease.htm | RXO earnings release (Ex.99.1) for Q1/25, T1 (BS: Current liabilities; row 'Total current liabilities'), column BScur",
total_current_liabilities,Q2/25,880,USD m,"https://www.sec.gov/Archives/edgar/data/1929561/000192956125000096/rxo2025q2pressrelease.htm | RXO earnings release (Ex.99.1) for Q2/25, T1 (BS: Current liabilities; row 'Total current liabilities'), column BScur",
total_current_liabilities,Q3/25,907,USD m,"https://www.sec.gov/Archives/edgar/data/1929561/000192956125000110/rxo2025q3pressrelease.htm | RXO earnings release (Ex.99.1) for Q3/25, T1 (BS: Current liabilities; row 'Total current liabilities'), column BScur",
total_current_liabilities,Q4/25,1038,USD m,"https://www.sec.gov/Archives/edgar/data/1929561/000192956126000033/rxo2026q2pressrelease.htm | RXO earnings release (Ex.99.1) for Q2/26, T1 (BS: Current liabilities; row 'Total current liabilities'), column BSprior",Year-end balance (same as FY2025)
total_current_liabilities,FY2025,1038,USD m,"https://www.sec.gov/Archives/edgar/data/1929561/000192956126000033/rxo2026q2pressrelease.htm | RXO earnings release (Ex.99.1) for Q2/26, T1 (BS: Current liabilities; row 'Total current liabilities'), column BSprior",
total_current_liabilities,Q1/26,1048,USD m,"https://www.sec.gov/Archives/edgar/data/1929561/000192956126000023/rxo2026q1pressrelease.htm | RXO earnings release (Ex.99.1) for Q1/26, T1 (BS: Current liabilities; row 'Total current liabilities'), column BScur",
total_current_liabilities,Q2/26,1227,USD m,"https://www.sec.gov/Archives/edgar/data/1929561/000192956126000033/rxo2026q2pressrelease.htm | RXO earnings release (Ex.99.1) for Q2/26, T1 (BS: Current liabilities; row 'Total current liabilities'), column BScur",
total_debt_carrying,Q4/22,455,USD m,https://www.sec.gov/Archives/edgar/data/1929561/000192956123000032/rxo-20221231.htm | Form 10-K debt footnote table (principal / carrying value),Same as FY year-end balance
total_debt_carrying,FY2022,455,USD m,https://www.sec.gov/Archives/edgar/data/1929561/000192956123000032/rxo-20221231.htm | Form 10-K debt footnote table (principal / carrying value),
total_debt_carrying,Q1/23,455,USD m,https://www.sec.gov/Archives/edgar/data/1929561/000192956123000057/rxo-20230331.htm | Form 10-Q debt footnote table (principal / carrying value),
total_debt_carrying,Q2/23,455,USD m,https://www.sec.gov/Archives/edgar/data/1929561/000192956123000074/rxo-20230630.htm | Form 10-Q debt footnote table (principal / carrying value),
total_debt_carrying,Q3/23,454,USD m,https://www.sec.gov/Archives/edgar/data/1929561/000192956123000093/rxo-20230930.htm | Form 10-Q debt footnote table (principal / carrying value),
total_debt_carrying,Q4/23,359,USD m,https://www.sec.gov/Archives/edgar/data/1929561/000192956124000032/rxo-20231231.htm | Form 10-K debt footnote table (principal / carrying value),Same as FY year-end balance
total_debt_carrying,FY2023,359,USD m,https://www.sec.gov/Archives/edgar/data/1929561/000192956124000032/rxo-20231231.htm | Form 10-K debt footnote table (principal / carrying value),
total_debt_carrying,Q1/24,367,USD m,https://www.sec.gov/Archives/edgar/data/1929561/000192956124000082/rxo-20240331.htm | Form 10-Q debt footnote table (principal / carrying value),
total_debt_carrying,Q2/24,386,USD m,https://www.sec.gov/Archives/edgar/data/1929561/000192956124000102/rxo-20240630.htm | Form 10-Q debt footnote table (principal / carrying value),
total_debt_carrying,Q3/24,367,USD m,https://www.sec.gov/Archives/edgar/data/1929561/000192956124000127/rxo-20240930.htm | Form 10-Q debt footnote table (principal / carrying value),
total_debt_carrying,Q4/24,368,USD m,https://www.sec.gov/Archives/edgar/data/1929561/000192956125000044/rxo-20241231.htm | Form 10-K debt footnote table (principal / carrying value),Same as FY year-end balance
total_debt_carrying,FY2024,368,USD m,https://www.sec.gov/Archives/edgar/data/1929561/000192956125000044/rxo-20241231.htm | Form 10-K debt footnote table (principal / carrying value),
total_debt_carrying,Q1/25,404,USD m,https://www.sec.gov/Archives/edgar/data/1929561/000192956125000082/rxo-20250331.htm | Form 10-Q debt footnote table (principal / carrying value),
total_debt_carrying,Q2/25,403,USD m,https://www.sec.gov/Archives/edgar/data/1929561/000192956125000102/rxo-20250630.htm | Form 10-Q debt footnote table (principal / carrying value),
total_debt_carrying,Q3/25,403,USD m,https://www.sec.gov/Archives/edgar/data/1929561/000192956125000113/rxo-20250930.htm | Form 10-Q debt footnote table (principal / carrying value),
total_debt_carrying,Q4/25,404,USD m,https://www.sec.gov/Archives/edgar/data/1929561/000192956126000013/rxo-20251231.htm | Form 10-K debt footnote table (principal / carrying value),Same as FY year-end balance
total_debt_carrying,FY2025,404,USD m,https://www.sec.gov/Archives/edgar/data/1929561/000192956126000013/rxo-20251231.htm | Form 10-K debt footnote table (principal / carrying value),
total_debt_carrying,Q1/26,447,USD m,https://www.sec.gov/Archives/edgar/data/1929561/000192956126000026/rxo-20260331.htm | Form 10-Q debt footnote table (principal / carrying value),
total_debt_carrying,Q2/26,495,USD m,https://www.sec.gov/Archives/edgar/data/1929561/000192956126000036/rxo-20260630.htm | Form 10-Q debt footnote table (principal / carrying value),
total_debt_principal,Q4/22,464,USD m,https://www.sec.gov/Archives/edgar/data/1929561/000192956123000032/rxo-20221231.htm | Form 10-K debt footnote table (principal / carrying value),Same as FY year-end balance
total_debt_principal,FY2022,464,USD m,https://www.sec.gov/Archives/edgar/data/1929561/000192956123000032/rxo-20221231.htm | Form 10-K debt footnote table (principal / carrying value),
total_debt_principal,Q1/23,464,USD m,https://www.sec.gov/Archives/edgar/data/1929561/000192956123000057/rxo-20230331.htm | Form 10-Q debt footnote table (principal / carrying value),
total_debt_principal,Q2/23,463,USD m,https://www.sec.gov/Archives/edgar/data/1929561/000192956123000074/rxo-20230630.htm | Form 10-Q debt footnote table (principal / carrying value),
total_debt_principal,Q3/23,462,USD m,https://www.sec.gov/Archives/edgar/data/1929561/000192956123000093/rxo-20230930.htm | Form 10-Q debt footnote table (principal / carrying value),
total_debt_principal,Q4/23,367,USD m,https://www.sec.gov/Archives/edgar/data/1929561/000192956124000032/rxo-20231231.htm | Form 10-K debt footnote table (principal / carrying value),Same as FY year-end balance
total_debt_principal,FY2023,367,USD m,https://www.sec.gov/Archives/edgar/data/1929561/000192956124000032/rxo-20231231.htm | Form 10-K debt footnote table (principal / carrying value),
total_debt_principal,Q1/24,375,USD m,https://www.sec.gov/Archives/edgar/data/1929561/000192956124000082/rxo-20240331.htm | Form 10-Q debt footnote table (principal / carrying value),
total_debt_principal,Q2/24,393,USD m,https://www.sec.gov/Archives/edgar/data/1929561/000192956124000102/rxo-20240630.htm | Form 10-Q debt footnote table (principal / carrying value),
total_debt_principal,Q3/24,373,USD m,https://www.sec.gov/Archives/edgar/data/1929561/000192956124000127/rxo-20240930.htm | Form 10-Q debt footnote table (principal / carrying value),
total_debt_principal,Q4/24,374,USD m,https://www.sec.gov/Archives/edgar/data/1929561/000192956125000044/rxo-20241231.htm | Form 10-K debt footnote table (principal / carrying value),Same as FY year-end balance
total_debt_principal,FY2024,374,USD m,https://www.sec.gov/Archives/edgar/data/1929561/000192956125000044/rxo-20241231.htm | Form 10-K debt footnote table (principal / carrying value),
total_debt_principal,Q1/25,409,USD m,https://www.sec.gov/Archives/edgar/data/1929561/000192956125000082/rxo-20250331.htm | Form 10-Q debt footnote table (principal / carrying value),
total_debt_principal,Q2/25,408,USD m,https://www.sec.gov/Archives/edgar/data/1929561/000192956125000102/rxo-20250630.htm | Form 10-Q debt footnote table (principal / carrying value),
total_debt_principal,Q3/25,407,USD m,https://www.sec.gov/Archives/edgar/data/1929561/000192956125000113/rxo-20250930.htm | Form 10-Q debt footnote table (principal / carrying value),
total_debt_principal,Q4/25,408,USD m,https://www.sec.gov/Archives/edgar/data/1929561/000192956126000013/rxo-20251231.htm | Form 10-K debt footnote table (principal / carrying value),Same as FY year-end balance
total_debt_principal,FY2025,408,USD m,https://www.sec.gov/Archives/edgar/data/1929561/000192956126000013/rxo-20251231.htm | Form 10-K debt footnote table (principal / carrying value),
total_debt_principal,Q1/26,453,USD m,https://www.sec.gov/Archives/edgar/data/1929561/000192956126000026/rxo-20260331.htm | Form 10-Q debt footnote table (principal / carrying value),
total_debt_principal,Q2/26,501,USD m,https://www.sec.gov/Archives/edgar/data/1929561/000192956126000036/rxo-20260630.htm | Form 10-Q debt footnote table (principal / carrying value),
total_debt_principal_lev_calc,Q3/24,388,USD m,"https://www.sec.gov/Archives/edgar/data/1929561/000192956124000123/rxo2024q3pressrelease.htm | RXO earnings release (Ex.99.1) for Q3/24, T7 (LEV: Calculation of gross leverage; row 'Total debt, principal balance and other'), column Qcur",
total_equity,FY2021,1070,USD m,"https://www.sec.gov/Archives/edgar/data/1929561/000192956123000023/rxoq42022pressrelease.htm | RXO earnings release (Ex.99.1) for Q4/22, T1 (BS: Equity; row 'Total equity'), column BSprior",
total_equity,Q1/22,1043,USD m,"https://www.sec.gov/Archives/edgar/data/1929561/000162828022026335/exhibit991-form10a.htm | Form 10/A, condensed combined statement of changes in equity: 'Balance as of March 31, 2022'",Only equity available for 31-Mar-2022; full Q1/22 balance sheet not published (pre-spin carve-out)
total_equity,Q2/22,1199,USD m,"https://www.sec.gov/Archives/edgar/data/1929561/000162828022026335/exhibit991-form10a.htm | Form 10/A information statement (Ex.99.1), unaudited condensed combined balance sheet as of June 30, 2022",
total_equity,Q3/22,1144,USD m,"https://www.sec.gov/Archives/edgar/data/1929561/000192956122000022/rxo-20220930.htm | Form 10-Q Q3 2022, Condensed Combined Balance Sheet (Sept 30, 2022)",
total_equity,Q4/22,587,USD m,"https://www.sec.gov/Archives/edgar/data/1929561/000192956124000025/rxoq42023pressrelease.htm | RXO earnings release (Ex.99.1) for Q4/23, T1 (BS: Equity; row 'Total equity'), column BSprior",Year-end balance (same as FY2022)
total_equity,FY2022,587,USD m,"https://www.sec.gov/Archives/edgar/data/1929561/000192956124000025/rxoq42023pressrelease.htm | RXO earnings release (Ex.99.1) for Q4/23, T1 (BS: Equity; row 'Total equity'), column BSprior",Latest-filed value used (release Q4/23); originally reported 589 in Q4/22 release
total_equity,Q1/23,585,USD m,"https://www.sec.gov/Archives/edgar/data/1929561/000192956123000054/rxoq12023pressrelease.htm | RXO earnings release (Ex.99.1) for Q1/23, T1 (BS: Equity; row 'Total equity'), column BScur",
total_equity,Q2/23,589,USD m,"https://www.sec.gov/Archives/edgar/data/1929561/000192956123000069/rxo2023q2pressrelease.htm | RXO earnings release (Ex.99.1) for Q2/23, T1 (BS: Equity; row 'Total equity'), column BScur",
total_equity,Q3/23,590,USD m,"https://www.sec.gov/Archives/edgar/data/1929561/000192956123000090/rxo2023q3pressrelease.htm | RXO earnings release (Ex.99.1) for Q3/23, T1 (BS: Equity; row 'Total equity'), column BScur",
total_equity,Q4/23,594,USD m,"https://www.sec.gov/Archives/edgar/data/1929561/000192956125000029/rxoq42024pressrelease.htm | RXO earnings release (Ex.99.1) for Q4/24, T1 (BS: Equity; row 'Total equity'), column BSprior",Year-end balance (same as FY2023)
total_equity,FY2023,594,USD m,"https://www.sec.gov/Archives/edgar/data/1929561/000192956125000029/rxoq42024pressrelease.htm | RXO earnings release (Ex.99.1) for Q4/24, T1 (BS: Equity; row 'Total equity'), column BSprior",
total_equity,Q1/24,582,USD m,"https://www.sec.gov/Archives/edgar/data/1929561/000192956124000075/rxo2024q1pressrelease.htm | RXO earnings release (Ex.99.1) for Q1/24, T1 (BS: Equity; row 'Total equity'), column BScur",
total_equity,Q2/24,579,USD m,"https://www.sec.gov/Archives/edgar/data/1929561/000192956124000098/rxo2024q2pressrelease.htm | RXO earnings release (Ex.99.1) for Q2/24, T1 (BS: Equity; row 'Total equity'), column BScur",
total_equity,Q3/24,1652,USD m,"https://www.sec.gov/Archives/edgar/data/1929561/000192956124000123/rxo2024q3pressrelease.htm | RXO earnings release (Ex.99.1) for Q3/24, T1 (BS: Equity; row 'Total equity'), column BScur",
total_equity,Q4/24,1612,USD m,"https://www.sec.gov/Archives/edgar/data/1929561/000192956126000006/rxoq42025pressrelease.htm | RXO earnings release (Ex.99.1) for Q4/25, T1 (BS: Equity; row 'Total equity'), column BSprior",Year-end balance (same as FY2024)
total_equity,FY2024,1612,USD m,"https://www.sec.gov/Archives/edgar/data/1929561/000192956126000006/rxoq42025pressrelease.htm | RXO earnings release (Ex.99.1) for Q4/25, T1 (BS: Equity; row 'Total equity'), column BSprior",Latest-filed value used (release Q4/25); originally reported 1617 in Q4/24 release
total_equity,Q1/25,1587,USD m,"https://www.sec.gov/Archives/edgar/data/1929561/000192956125000078/rxo2025q1pressrelease.htm | RXO earnings release (Ex.99.1) for Q1/25, T1 (BS: Equity; row 'Total equity'), column BScur",
total_equity,Q2/25,1588,USD m,"https://www.sec.gov/Archives/edgar/data/1929561/000192956125000096/rxo2025q2pressrelease.htm | RXO earnings release (Ex.99.1) for Q2/25, T1 (BS: Equity; row 'Total equity'), column BScur",
total_equity,Q3/25,1580,USD m,"https://www.sec.gov/Archives/edgar/data/1929561/000192956125000110/rxo2025q3pressrelease.htm | RXO earnings release (Ex.99.1) for Q3/25, T1 (BS: Equity; row 'Total equity'), column BScur",
total_equity,Q4/25,1541,USD m,"https://www.sec.gov/Archives/edgar/data/1929561/000192956126000033/rxo2026q2pressrelease.htm | RXO earnings release (Ex.99.1) for Q2/26, T1 (BS: Equity; row 'Total equity'), column BSprior",Year-end balance (same as FY2025)
total_equity,FY2025,1541,USD m,"https://www.sec.gov/Archives/edgar/data/1929561/000192956126000033/rxo2026q2pressrelease.htm | RXO earnings release (Ex.99.1) for Q2/26, T1 (BS: Equity; row 'Total equity'), column BSprior",
total_equity,Q1/26,1509,USD m,"https://www.sec.gov/Archives/edgar/data/1929561/000192956126000023/rxo2026q1pressrelease.htm | RXO earnings release (Ex.99.1) for Q1/26, T1 (BS: Equity; row 'Total equity'), column BScur",
total_equity,Q2/26,1506,USD m,"https://www.sec.gov/Archives/edgar/data/1929561/000192956126000033/rxo2026q2pressrelease.htm | RXO earnings release (Ex.99.1) for Q2/26, T1 (BS: Equity; row 'Total equity'), column BScur",
total_liabilities,FY2021,998,USD m,Derived: total_current_liabilities + total_lt_liabilities (balance sheet has no total liabilities line),
total_liabilities,Q2/22,1173,USD m,Derived: total_current_liabilities + total_lt_liabilities (balance sheet has no total liabilities line),
total_liabilities,Q3/22,1093,USD m,Derived: total_current_liabilities + total_lt_liabilities (balance sheet has no total liabilities line),
total_liabilities,Q4/22,1444,USD m,Derived: total_current_liabilities + total_lt_liabilities (balance sheet has no total liabilities line),Year-end balance (same as FY2022)
total_liabilities,FY2022,1444,USD m,Derived: total_current_liabilities + total_lt_liabilities (balance sheet has no total liabilities line),
total_liabilities,Q1/23,1433,USD m,Derived: total_current_liabilities + total_lt_liabilities (balance sheet has no total liabilities line),
total_liabilities,Q2/23,1323,USD m,Derived: total_current_liabilities + total_lt_liabilities (balance sheet has no total liabilities line),
total_liabilities,Q3/23,1356,USD m,Derived: total_current_liabilities + total_lt_liabilities (balance sheet has no total liabilities line),
total_liabilities,Q4/23,1231,USD m,Derived: total_current_liabilities + total_lt_liabilities (balance sheet has no total liabilities line),Year-end balance (same as FY2023)
total_liabilities,FY2023,1231,USD m,Derived: total_current_liabilities + total_lt_liabilities (balance sheet has no total liabilities line),
total_liabilities,Q1/24,1217,USD m,Derived: total_current_liabilities + total_lt_liabilities (balance sheet has no total liabilities line),
total_liabilities,Q2/24,1234,USD m,Derived: total_current_liabilities + total_lt_liabilities (balance sheet has no total liabilities line),
total_liabilities,Q3/24,1740,USD m,Derived: total_current_liabilities + total_lt_liabilities (balance sheet has no total liabilities line),
total_liabilities,Q4/24,1802,USD m,Derived: total_current_liabilities + total_lt_liabilities (balance sheet has no total liabilities line),Year-end balance (same as FY2024)
total_liabilities,FY2024,1802,USD m,Derived: total_current_liabilities + total_lt_liabilities (balance sheet has no total liabilities line),
total_liabilities,Q1/25,1717,USD m,Derived: total_current_liabilities + total_lt_liabilities (balance sheet has no total liabilities line),
total_liabilities,Q2/25,1613,USD m,Derived: total_current_liabilities + total_lt_liabilities (balance sheet has no total liabilities line),
total_liabilities,Q3/25,1621,USD m,Derived: total_current_liabilities + total_lt_liabilities (balance sheet has no total liabilities line),
total_liabilities,Q4/25,1736,USD m,Derived: total_current_liabilities + total_lt_liabilities (balance sheet has no total liabilities line),Year-end balance (same as FY2025)
total_liabilities,FY2025,1736,USD m,Derived: total_current_liabilities + total_lt_liabilities (balance sheet has no total liabilities line),
total_liabilities,Q1/26,1759,USD m,Derived: total_current_liabilities + total_lt_liabilities (balance sheet has no total liabilities line),
total_liabilities,Q2/26,1953,USD m,Derived: total_current_liabilities + total_lt_liabilities (balance sheet has no total liabilities line),
total_liabilities_and_equity,FY2021,2068,USD m,"https://www.sec.gov/Archives/edgar/data/1929561/000192956123000023/rxoq42022pressrelease.htm | RXO earnings release (Ex.99.1) for Q4/22, T1 (BS: Equity; row 'Total liabilities and equity'), column BSprior",
total_liabilities_and_equity,Q2/22,2372,USD m,"https://www.sec.gov/Archives/edgar/data/1929561/000162828022026335/exhibit991-form10a.htm | Form 10/A information statement (Ex.99.1), unaudited condensed combined balance sheet as of June 30, 2022",
total_liabilities_and_equity,Q3/22,2237,USD m,"https://www.sec.gov/Archives/edgar/data/1929561/000192956122000022/rxo-20220930.htm | Form 10-Q Q3 2022, Condensed Combined Balance Sheet (Sept 30, 2022)",
total_liabilities_and_equity,Q4/22,2031,USD m,"https://www.sec.gov/Archives/edgar/data/1929561/000192956124000025/rxoq42023pressrelease.htm | RXO earnings release (Ex.99.1) for Q4/23, T1 (BS: Equity; row 'Total liabilities and equity'), column BSprior",Year-end balance (same as FY2022)
total_liabilities_and_equity,FY2022,2031,USD m,"https://www.sec.gov/Archives/edgar/data/1929561/000192956124000025/rxoq42023pressrelease.htm | RXO earnings release (Ex.99.1) for Q4/23, T1 (BS: Equity; row 'Total liabilities and equity'), column BSprior",Latest-filed value used (release Q4/23); originally reported 2038 in Q4/22 release
total_liabilities_and_equity,Q1/23,2018,USD m,"https://www.sec.gov/Archives/edgar/data/1929561/000192956123000054/rxoq12023pressrelease.htm | RXO earnings release (Ex.99.1) for Q1/23, T1 (BS: Equity; row 'Total liabilities and equity'), column BScur",
total_liabilities_and_equity,Q2/23,1912,USD m,"https://www.sec.gov/Archives/edgar/data/1929561/000192956123000069/rxo2023q2pressrelease.htm | RXO earnings release (Ex.99.1) for Q2/23, T1 (BS: Equity; row 'Total liabilities and equity'), column BScur",
total_liabilities_and_equity,Q3/23,1946,USD m,"https://www.sec.gov/Archives/edgar/data/1929561/000192956123000090/rxo2023q3pressrelease.htm | RXO earnings release (Ex.99.1) for Q3/23, T1 (BS: Equity; row 'Total liabilities and equity'), column BScur",
total_liabilities_and_equity,Q4/23,1825,USD m,"https://www.sec.gov/Archives/edgar/data/1929561/000192956125000029/rxoq42024pressrelease.htm | RXO earnings release (Ex.99.1) for Q4/24, T1 (BS: Equity; row 'Total liabilities and equity'), column BSprior",Year-end balance (same as FY2023)
total_liabilities_and_equity,FY2023,1825,USD m,"https://www.sec.gov/Archives/edgar/data/1929561/000192956125000029/rxoq42024pressrelease.htm | RXO earnings release (Ex.99.1) for Q4/24, T1 (BS: Equity; row 'Total liabilities and equity'), column BSprior",
total_liabilities_and_equity,Q1/24,1799,USD m,"https://www.sec.gov/Archives/edgar/data/1929561/000192956124000075/rxo2024q1pressrelease.htm | RXO earnings release (Ex.99.1) for Q1/24, T1 (BS: Equity; row 'Total liabilities and equity'), column BScur",
total_liabilities_and_equity,Q2/24,1813,USD m,"https://www.sec.gov/Archives/edgar/data/1929561/000192956124000098/rxo2024q2pressrelease.htm | RXO earnings release (Ex.99.1) for Q2/24, T1 (BS: Equity; row 'Total liabilities and equity'), column BScur",
total_liabilities_and_equity,Q3/24,3392,USD m,"https://www.sec.gov/Archives/edgar/data/1929561/000192956124000123/rxo2024q3pressrelease.htm | RXO earnings release (Ex.99.1) for Q3/24, T1 (BS: Equity; row 'Total liabilities and equity'), column BScur",
total_liabilities_and_equity,Q4/24,3414,USD m,"https://www.sec.gov/Archives/edgar/data/1929561/000192956126000006/rxoq42025pressrelease.htm | RXO earnings release (Ex.99.1) for Q4/25, T1 (BS: Equity; row 'Total liabilities and equity'), column BSprior",Year-end balance (same as FY2024)
total_liabilities_and_equity,FY2024,3414,USD m,"https://www.sec.gov/Archives/edgar/data/1929561/000192956126000006/rxoq42025pressrelease.htm | RXO earnings release (Ex.99.1) for Q4/25, T1 (BS: Equity; row 'Total liabilities and equity'), column BSprior",Latest-filed value used (release Q4/25); originally reported 3418 in Q4/24 release
total_liabilities_and_equity,Q1/25,3304,USD m,"https://www.sec.gov/Archives/edgar/data/1929561/000192956125000078/rxo2025q1pressrelease.htm | RXO earnings release (Ex.99.1) for Q1/25, T1 (BS: Equity; row 'Total liabilities and equity'), column BScur",
total_liabilities_and_equity,Q2/25,3201,USD m,"https://www.sec.gov/Archives/edgar/data/1929561/000192956125000096/rxo2025q2pressrelease.htm | RXO earnings release (Ex.99.1) for Q2/25, T1 (BS: Equity; row 'Total liabilities and equity'), column BScur",
total_liabilities_and_equity,Q3/25,3201,USD m,"https://www.sec.gov/Archives/edgar/data/1929561/000192956125000110/rxo2025q3pressrelease.htm | RXO earnings release (Ex.99.1) for Q3/25, T1 (BS: Equity; row 'Total liabilities and equity'), column BScur",
total_liabilities_and_equity,Q4/25,3277,USD m,"https://www.sec.gov/Archives/edgar/data/1929561/000192956126000033/rxo2026q2pressrelease.htm | RXO earnings release (Ex.99.1) for Q2/26, T1 (BS: Equity; row 'Total liabilities and equity'), column BSprior",Year-end balance (same as FY2025)
total_liabilities_and_equity,FY2025,3277,USD m,"https://www.sec.gov/Archives/edgar/data/1929561/000192956126000033/rxo2026q2pressrelease.htm | RXO earnings release (Ex.99.1) for Q2/26, T1 (BS: Equity; row 'Total liabilities and equity'), column BSprior",
total_liabilities_and_equity,Q1/26,3268,USD m,"https://www.sec.gov/Archives/edgar/data/1929561/000192956126000023/rxo2026q1pressrelease.htm | RXO earnings release (Ex.99.1) for Q1/26, T1 (BS: Equity; row 'Total liabilities and equity'), column BScur",
total_liabilities_and_equity,Q2/26,3459,USD m,"https://www.sec.gov/Archives/edgar/data/1929561/000192956126000033/rxo2026q2pressrelease.htm | RXO earnings release (Ex.99.1) for Q2/26, T1 (BS: Equity; row 'Total liabilities and equity'), column BScur",
total_lt_assets,FY2021,985,USD m,"https://www.sec.gov/Archives/edgar/data/1929561/000192956123000023/rxoq42022pressrelease.htm | RXO earnings release (Ex.99.1) for Q4/22, T1 (BS: Long-term assets; row 'Total long-term assets'), column BSprior",
total_lt_assets,Q2/22,1021,USD m,"https://www.sec.gov/Archives/edgar/data/1929561/000162828022026335/exhibit991-form10a.htm | Form 10/A information statement (Ex.99.1), unaudited condensed combined balance sheet as of June 30, 2022",
total_lt_assets,Q3/22,1012,USD m,"https://www.sec.gov/Archives/edgar/data/1929561/000192956122000022/rxo-20220930.htm | Form 10-Q Q3 2022, Condensed Combined Balance Sheet (Sept 30, 2022)",
total_lt_assets,Q4/22,1002,USD m,"https://www.sec.gov/Archives/edgar/data/1929561/000192956124000025/rxoq42023pressrelease.htm | RXO earnings release (Ex.99.1) for Q4/23, T1 (BS: Long-term assets; row 'Total long-term assets'), column BSprior",Year-end balance (same as FY2022)
total_lt_assets,FY2022,1002,USD m,"https://www.sec.gov/Archives/edgar/data/1929561/000192956124000025/rxoq42023pressrelease.htm | RXO earnings release (Ex.99.1) for Q4/23, T1 (BS: Long-term assets; row 'Total long-term assets'), column BSprior",Latest-filed value used (release Q4/23); originally reported 1001 in Q4/22 release
total_lt_assets,Q1/23,989,USD m,"https://www.sec.gov/Archives/edgar/data/1929561/000192956123000054/rxoq12023pressrelease.htm | RXO earnings release (Ex.99.1) for Q1/23, T1 (BS: Long-term assets; row 'Total long-term assets'), column BScur",
total_lt_assets,Q2/23,996,USD m,"https://www.sec.gov/Archives/edgar/data/1929561/000192956123000069/rxo2023q2pressrelease.htm | RXO earnings release (Ex.99.1) for Q2/23, T1 (BS: Long-term assets; row 'Total long-term assets'), column BScur",
total_lt_assets,Q3/23,1010,USD m,"https://www.sec.gov/Archives/edgar/data/1929561/000192956123000090/rxo2023q3pressrelease.htm | RXO earnings release (Ex.99.1) for Q3/23, T1 (BS: Long-term assets; row 'Total long-term assets'), column BScur",
total_lt_assets,Q4/23,1029,USD m,"https://www.sec.gov/Archives/edgar/data/1929561/000192956125000029/rxoq42024pressrelease.htm | RXO earnings release (Ex.99.1) for Q4/24, T1 (BS: Long-term assets; row 'Total long-term assets'), column BSprior",Year-end balance (same as FY2023)
total_lt_assets,FY2023,1029,USD m,"https://www.sec.gov/Archives/edgar/data/1929561/000192956125000029/rxoq42024pressrelease.htm | RXO earnings release (Ex.99.1) for Q4/24, T1 (BS: Long-term assets; row 'Total long-term assets'), column BSprior",
total_lt_assets,Q1/24,1029,USD m,"https://www.sec.gov/Archives/edgar/data/1929561/000192956124000075/rxo2024q1pressrelease.htm | RXO earnings release (Ex.99.1) for Q1/24, T1 (BS: Long-term assets; row 'Total long-term assets'), column BScur",
total_lt_assets,Q2/24,1037,USD m,"https://www.sec.gov/Archives/edgar/data/1929561/000192956124000098/rxo2024q2pressrelease.htm | RXO earnings release (Ex.99.1) for Q2/24, T1 (BS: Long-term assets; row 'Total long-term assets'), column BScur",
total_lt_assets,Q3/24,2137,USD m,"https://www.sec.gov/Archives/edgar/data/1929561/000192956124000123/rxo2024q3pressrelease.htm | RXO earnings release (Ex.99.1) for Q3/24, T1 (BS: Long-term assets; row 'Total long-term assets'), column BScur",
total_lt_assets,Q4/24,2075,USD m,"https://www.sec.gov/Archives/edgar/data/1929561/000192956126000006/rxoq42025pressrelease.htm | RXO earnings release (Ex.99.1) for Q4/25, T1 (BS: Long-term assets; row 'Total long-term assets'), column BSprior",Year-end balance (same as FY2024)
total_lt_assets,FY2024,2075,USD m,"https://www.sec.gov/Archives/edgar/data/1929561/000192956126000006/rxoq42025pressrelease.htm | RXO earnings release (Ex.99.1) for Q4/25, T1 (BS: Long-term assets; row 'Total long-term assets'), column BSprior",Latest-filed value used (release Q4/25); originally reported 2077 in Q4/24 release
total_lt_assets,Q1/25,2049,USD m,"https://www.sec.gov/Archives/edgar/data/1929561/000192956125000078/rxo2025q1pressrelease.htm | RXO earnings release (Ex.99.1) for Q1/25, T1 (BS: Long-term assets; row 'Total long-term assets'), column BScur",
total_lt_assets,Q2/25,2017,USD m,"https://www.sec.gov/Archives/edgar/data/1929561/000192956125000096/rxo2025q2pressrelease.htm | RXO earnings release (Ex.99.1) for Q2/25, T1 (BS: Long-term assets; row 'Total long-term assets'), column BScur",
total_lt_assets,Q3/25,2000,USD m,"https://www.sec.gov/Archives/edgar/data/1929561/000192956125000110/rxo2025q3pressrelease.htm | RXO earnings release (Ex.99.1) for Q3/25, T1 (BS: Long-term assets; row 'Total long-term assets'), column BScur",
total_lt_assets,Q4/25,1960,USD m,"https://www.sec.gov/Archives/edgar/data/1929561/000192956126000033/rxo2026q2pressrelease.htm | RXO earnings release (Ex.99.1) for Q2/26, T1 (BS: Long-term assets; row 'Total long-term assets'), column BSprior",Year-end balance (same as FY2025)
total_lt_assets,FY2025,1960,USD m,"https://www.sec.gov/Archives/edgar/data/1929561/000192956126000033/rxo2026q2pressrelease.htm | RXO earnings release (Ex.99.1) for Q2/26, T1 (BS: Long-term assets; row 'Total long-term assets'), column BSprior",
total_lt_assets,Q1/26,1933,USD m,"https://www.sec.gov/Archives/edgar/data/1929561/000192956126000023/rxo2026q1pressrelease.htm | RXO earnings release (Ex.99.1) for Q1/26, T1 (BS: Long-term assets; row 'Total long-term assets'), column BScur",
total_lt_assets,Q2/26,1903,USD m,"https://www.sec.gov/Archives/edgar/data/1929561/000192956126000033/rxo2026q2pressrelease.htm | RXO earnings release (Ex.99.1) for Q2/26, T1 (BS: Long-term assets; row 'Total long-term assets'), column BScur",
total_lt_liabilities,FY2021,182,USD m,"https://www.sec.gov/Archives/edgar/data/1929561/000192956123000023/rxoq42022pressrelease.htm | RXO earnings release (Ex.99.1) for Q4/22, T1 (BS: Long-term liabilities; row 'Total long-term liabilities'), column BSprior",
total_lt_liabilities,Q2/22,216,USD m,"https://www.sec.gov/Archives/edgar/data/1929561/000162828022026335/exhibit991-form10a.htm | Form 10/A information statement (Ex.99.1), unaudited condensed combined balance sheet as of June 30, 2022",
total_lt_liabilities,Q3/22,205,USD m,"https://www.sec.gov/Archives/edgar/data/1929561/000192956122000022/rxo-20220930.htm | Form 10-Q Q3 2022, Condensed Combined Balance Sheet (Sept 30, 2022)",
total_lt_liabilities,Q4/22,621,USD m,"https://www.sec.gov/Archives/edgar/data/1929561/000192956124000025/rxoq42023pressrelease.htm | RXO earnings release (Ex.99.1) for Q4/23, T1 (BS: Long-term liabilities; row 'Total long-term liabilities'), column BSprior",Year-end balance (same as FY2022)
total_lt_liabilities,FY2022,621,USD m,"https://www.sec.gov/Archives/edgar/data/1929561/000192956124000025/rxoq42023pressrelease.htm | RXO earnings release (Ex.99.1) for Q4/23, T1 (BS: Long-term liabilities; row 'Total long-term liabilities'), column BSprior",Latest-filed value used (release Q4/23); originally reported 610 in Q4/22 release
total_lt_liabilities,Q1/23,613,USD m,"https://www.sec.gov/Archives/edgar/data/1929561/000192956123000054/rxoq12023pressrelease.htm | RXO earnings release (Ex.99.1) for Q1/23, T1 (BS: Long-term liabilities; row 'Total long-term liabilities'), column BScur",
total_lt_liabilities,Q2/23,624,USD m,"https://www.sec.gov/Archives/edgar/data/1929561/000192956123000069/rxo2023q2pressrelease.htm | RXO earnings release (Ex.99.1) for Q2/23, T1 (BS: Long-term liabilities; row 'Total long-term liabilities'), column BScur",
total_lt_liabilities,Q3/23,628,USD m,"https://www.sec.gov/Archives/edgar/data/1929561/000192956123000090/rxo2023q3pressrelease.htm | RXO earnings release (Ex.99.1) for Q3/23, T1 (BS: Long-term liabilities; row 'Total long-term liabilities'), column BScur",
total_lt_liabilities,Q4/23,549,USD m,"https://www.sec.gov/Archives/edgar/data/1929561/000192956125000029/rxoq42024pressrelease.htm | RXO earnings release (Ex.99.1) for Q4/24, T1 (BS: Long-term liabilities; row 'Total long-term liabilities'), column BSprior",Year-end balance (same as FY2023)
total_lt_liabilities,FY2023,549,USD m,"https://www.sec.gov/Archives/edgar/data/1929561/000192956125000029/rxoq42024pressrelease.htm | RXO earnings release (Ex.99.1) for Q4/24, T1 (BS: Long-term liabilities; row 'Total long-term liabilities'), column BSprior",
total_lt_liabilities,Q1/24,543,USD m,"https://www.sec.gov/Archives/edgar/data/1929561/000192956124000075/rxo2024q1pressrelease.htm | RXO earnings release (Ex.99.1) for Q1/24, T1 (BS: Long-term liabilities; row 'Total long-term liabilities'), column BScur",
total_lt_liabilities,Q2/24,572,USD m,"https://www.sec.gov/Archives/edgar/data/1929561/000192956124000098/rxo2024q2pressrelease.htm | RXO earnings release (Ex.99.1) for Q2/24, T1 (BS: Long-term liabilities; row 'Total long-term liabilities'), column BScur",
total_lt_liabilities,Q3/24,793,USD m,"https://www.sec.gov/Archives/edgar/data/1929561/000192956124000123/rxo2024q3pressrelease.htm | RXO earnings release (Ex.99.1) for Q3/24, T1 (BS: Long-term liabilities; row 'Total long-term liabilities'), column BScur",
total_lt_liabilities,Q4/24,737,USD m,"https://www.sec.gov/Archives/edgar/data/1929561/000192956126000006/rxoq42025pressrelease.htm | RXO earnings release (Ex.99.1) for Q4/25, T1 (BS: Long-term liabilities; row 'Total long-term liabilities'), column BSprior",Year-end balance (same as FY2024)
total_lt_liabilities,FY2024,737,USD m,"https://www.sec.gov/Archives/edgar/data/1929561/000192956126000006/rxoq42025pressrelease.htm | RXO earnings release (Ex.99.1) for Q4/25, T1 (BS: Long-term liabilities; row 'Total long-term liabilities'), column BSprior",Latest-filed value used (release Q4/25); originally reported 735 in Q4/24 release
total_lt_liabilities,Q1/25,753,USD m,"https://www.sec.gov/Archives/edgar/data/1929561/000192956125000078/rxo2025q1pressrelease.htm | RXO earnings release (Ex.99.1) for Q1/25, T1 (BS: Long-term liabilities; row 'Total long-term liabilities'), column BScur",
total_lt_liabilities,Q2/25,733,USD m,"https://www.sec.gov/Archives/edgar/data/1929561/000192956125000096/rxo2025q2pressrelease.htm | RXO earnings release (Ex.99.1) for Q2/25, T1 (BS: Long-term liabilities; row 'Total long-term liabilities'), column BScur",
total_lt_liabilities,Q3/25,714,USD m,"https://www.sec.gov/Archives/edgar/data/1929561/000192956125000110/rxo2025q3pressrelease.htm | RXO earnings release (Ex.99.1) for Q3/25, T1 (BS: Long-term liabilities; row 'Total long-term liabilities'), column BScur",
total_lt_liabilities,Q4/25,698,USD m,"https://www.sec.gov/Archives/edgar/data/1929561/000192956126000033/rxo2026q2pressrelease.htm | RXO earnings release (Ex.99.1) for Q2/26, T1 (BS: Long-term liabilities; row 'Total long-term liabilities'), column BSprior",Year-end balance (same as FY2025)
total_lt_liabilities,FY2025,698,USD m,"https://www.sec.gov/Archives/edgar/data/1929561/000192956126000033/rxo2026q2pressrelease.htm | RXO earnings release (Ex.99.1) for Q2/26, T1 (BS: Long-term liabilities; row 'Total long-term liabilities'), column BSprior",
total_lt_liabilities,Q1/26,711,USD m,"https://www.sec.gov/Archives/edgar/data/1929561/000192956126000023/rxo2026q1pressrelease.htm | RXO earnings release (Ex.99.1) for Q1/26, T1 (BS: Long-term liabilities; row 'Total long-term liabilities'), column BScur",
total_lt_liabilities,Q2/26,726,USD m,"https://www.sec.gov/Archives/edgar/data/1929561/000192956126000033/rxo2026q2pressrelease.htm | RXO earnings release (Ex.99.1) for Q2/26, T1 (BS: Long-term liabilities; row 'Total long-term liabilities'), column BScur",
transaction_integration_costs,FY2021,2,USD m,"https://www.sec.gov/Archives/edgar/data/1929561/000192956123000023/rxoq42022pressrelease.htm | RXO earnings release (Ex.99.1) for Q4/22, T0 (PL: (Dollars in millions, shares in thousand; row 'Transaction and integration costs'), column YTDprior",
transaction_integration_costs,Q1/22,3,USD m,"https://www.sec.gov/Archives/edgar/data/1929561/000192956123000054/rxoq12023pressrelease.htm | RXO earnings release (Ex.99.1) for Q1/23, T0 (PL: (Dollars in millions, shares in thousand; row 'Transaction and integration costs'), column Qprior",
transaction_integration_costs,Q2/22,18,USD m,"https://www.sec.gov/Archives/edgar/data/1929561/000192956123000069/rxo2023q2pressrelease.htm | RXO earnings release (Ex.99.1) for Q2/23, T0 (PL: (Dollars in millions, shares in thousand; row 'Transaction and integration costs'), column Qprior",
transaction_integration_costs,Q3/22,23,USD m,"https://www.sec.gov/Archives/edgar/data/1929561/000192956123000090/rxo2023q3pressrelease.htm | RXO earnings release (Ex.99.1) for Q3/23, T0 (PL: (Dollars in millions, shares in thousand; row 'Transaction and integration costs'), column Qprior",
transaction_integration_costs,Q4/22,40,USD m,"https://www.sec.gov/Archives/edgar/data/1929561/000192956124000025/rxoq42023pressrelease.htm | RXO earnings release (Ex.99.1) for Q4/23, T0 (PL: 2023; row 'Transaction and integration costs'), column Qprior",
transaction_integration_costs,FY2022,84,USD m,"https://www.sec.gov/Archives/edgar/data/1929561/000192956124000025/rxoq42023pressrelease.htm | RXO earnings release (Ex.99.1) for Q4/23, T0 (PL: 2023; row 'Transaction and integration costs'), column YTDprior",
transaction_integration_costs,Q1/23,6,USD m,"https://www.sec.gov/Archives/edgar/data/1929561/000192956124000075/rxo2024q1pressrelease.htm | RXO earnings release (Ex.99.1) for Q1/24, T0 (PL: (Dollars in millions, shares in thousand; row 'Transaction and integration costs'), column Qprior",
transaction_integration_costs,Q2/23,4,USD m,"https://www.sec.gov/Archives/edgar/data/1929561/000192956124000098/rxo2024q2pressrelease.htm | RXO earnings release (Ex.99.1) for Q2/24, T0 (PL: (Dollars in millions, shares in thousand; row 'Transaction and integration costs'), column Qprior",
transaction_integration_costs,Q3/23,2,USD m,"https://www.sec.gov/Archives/edgar/data/1929561/000192956124000123/rxo2024q3pressrelease.htm | RXO earnings release (Ex.99.1) for Q3/24, T0 (PL: (Dollars in millions, shares in thousand; row 'Transaction and integration costs'), column Qprior",
transaction_integration_costs,Q4/23,0,USD m,"https://www.sec.gov/Archives/edgar/data/1929561/000192956125000029/rxoq42024pressrelease.htm | RXO earnings release (Ex.99.1) for Q4/24, T0 (PL: (Dollars in millions, shares in thousand; row 'Transaction and integration costs'), column Qprior",
transaction_integration_costs,FY2023,12,USD m,"https://www.sec.gov/Archives/edgar/data/1929561/000192956125000029/rxoq42024pressrelease.htm | RXO earnings release (Ex.99.1) for Q4/24, T0 (PL: (Dollars in millions, shares in thousand; row 'Transaction and integration costs'), column YTDprior",
transaction_integration_costs,Q1/24,1,USD m,"https://www.sec.gov/Archives/edgar/data/1929561/000192956125000078/rxo2025q1pressrelease.htm | RXO earnings release (Ex.99.1) for Q1/25, T0 (PL: (Dollars in millions, shares in thousand; row 'Transaction and integration costs'), column Qprior",
transaction_integration_costs,Q2/24,7,USD m,"https://www.sec.gov/Archives/edgar/data/1929561/000192956125000096/rxo2025q2pressrelease.htm | RXO earnings release (Ex.99.1) for Q2/25, T0 (PL: (Dollars in millions, shares in thousand; row 'Transaction and integration costs'), column Qprior",
transaction_integration_costs,Q3/24,30,USD m,"https://www.sec.gov/Archives/edgar/data/1929561/000192956125000110/rxo2025q3pressrelease.htm | RXO earnings release (Ex.99.1) for Q3/25, T0 (PL: (Dollars in millions, shares in thousand; row 'Transaction and integration costs'), column Qprior",
transaction_integration_costs,Q4/24,15,USD m,"https://www.sec.gov/Archives/edgar/data/1929561/000192956126000006/rxoq42025pressrelease.htm | RXO earnings release (Ex.99.1) for Q4/25, T0 (PL: (Dollars in millions, shares in thousand; row 'Transaction and integration costs'), column Qprior",
transaction_integration_costs,FY2024,53,USD m,"https://www.sec.gov/Archives/edgar/data/1929561/000192956126000006/rxoq42025pressrelease.htm | RXO earnings release (Ex.99.1) for Q4/25, T0 (PL: (Dollars in millions, shares in thousand; row 'Transaction and integration costs'), column YTDprior",
transaction_integration_costs,Q1/25,6,USD m,"https://www.sec.gov/Archives/edgar/data/1929561/000192956126000023/rxo2026q1pressrelease.htm | RXO earnings release (Ex.99.1) for Q1/26, T0 (PL: (Dollars in millions, shares in thousand; row 'Transaction and integration costs'), column Qprior",
transaction_integration_costs,Q2/25,7,USD m,"https://www.sec.gov/Archives/edgar/data/1929561/000192956126000033/rxo2026q2pressrelease.htm | RXO earnings release (Ex.99.1) for Q2/26, T0 (PL: (Dollars in millions, shares in thousand; row 'Transaction and integration costs'), column Qprior",
transaction_integration_costs,Q3/25,5,USD m,"https://www.sec.gov/Archives/edgar/data/1929561/000192956125000110/rxo2025q3pressrelease.htm | RXO earnings release (Ex.99.1) for Q3/25, T0 (PL: (Dollars in millions, shares in thousand; row 'Transaction and integration costs'), column Qcur",
transaction_integration_costs,Q4/25,4,USD m,"https://www.sec.gov/Archives/edgar/data/1929561/000192956126000006/rxoq42025pressrelease.htm | RXO earnings release (Ex.99.1) for Q4/25, T0 (PL: (Dollars in millions, shares in thousand; row 'Transaction and integration costs'), column Qcur",
transaction_integration_costs,FY2025,22,USD m,"https://www.sec.gov/Archives/edgar/data/1929561/000192956126000006/rxoq42025pressrelease.htm | RXO earnings release (Ex.99.1) for Q4/25, T0 (PL: (Dollars in millions, shares in thousand; row 'Transaction and integration costs'), column YTDcur",
transaction_integration_costs,Q1/26,2,USD m,"https://www.sec.gov/Archives/edgar/data/1929561/000192956126000023/rxo2026q1pressrelease.htm | RXO earnings release (Ex.99.1) for Q1/26, T0 (PL: (Dollars in millions, shares in thousand; row 'Transaction and integration costs'), column Qcur",
transaction_integration_costs,Q2/26,4,USD m,"https://www.sec.gov/Archives/edgar/data/1929561/000192956126000033/rxo2026q2pressrelease.htm | RXO earnings release (Ex.99.1) for Q2/26, T0 (PL: (Dollars in millions, shares in thousand; row 'Transaction and integration costs'), column Qcur",
transaction_integration_costs,LTM_Q2/26,15,USD m,Derived: sum of Q3/25+Q4/25+Q1/26+Q2/26 three-month figures,LTM to 30-Jun-2026
transaction_integration_costs,LTM_Q2/25,58,USD m,Derived: sum of Q3/24..Q2/25 three-month figures,LTM to 30-Jun-2025
transaction_integration_restructuring,FY2021,4,USD m,Derived: transaction_integration_costs + restructuring_costs (face of P&L lines),"Components on P&L face: ""Transaction and integration costs"" and ""Restructuring costs"". Adj. EBITDA recon uses ""Restructuring and other costs"" which can include other items (e.g. Q3/24 $216m deemed non-pro rata distribution in Other expense)"
transaction_integration_restructuring,Q1/22,3,USD m,Derived: transaction_integration_costs + restructuring_costs (face of P&L lines),"Components on P&L face: ""Transaction and integration costs"" and ""Restructuring costs"". Adj. EBITDA recon uses ""Restructuring and other costs"" which can include other items (e.g. Q3/24 $216m deemed non-pro rata distribution in Other expense)"
transaction_integration_restructuring,Q2/22,21,USD m,Derived: transaction_integration_costs + restructuring_costs (face of P&L lines),"Components on P&L face: ""Transaction and integration costs"" and ""Restructuring costs"". Adj. EBITDA recon uses ""Restructuring and other costs"" which can include other items (e.g. Q3/24 $216m deemed non-pro rata distribution in Other expense)"
transaction_integration_restructuring,Q3/22,29,USD m,Derived: transaction_integration_costs + restructuring_costs (face of P&L lines),"Components on P&L face: ""Transaction and integration costs"" and ""Restructuring costs"". Adj. EBITDA recon uses ""Restructuring and other costs"" which can include other items (e.g. Q3/24 $216m deemed non-pro rata distribution in Other expense)"
transaction_integration_restructuring,Q4/22,44,USD m,Derived: transaction_integration_costs + restructuring_costs (face of P&L lines),"Components on P&L face: ""Transaction and integration costs"" and ""Restructuring costs"". Adj. EBITDA recon uses ""Restructuring and other costs"" which can include other items (e.g. Q3/24 $216m deemed non-pro rata distribution in Other expense)"
transaction_integration_restructuring,FY2022,97,USD m,Derived: transaction_integration_costs + restructuring_costs (face of P&L lines),"Components on P&L face: ""Transaction and integration costs"" and ""Restructuring costs"". Adj. EBITDA recon uses ""Restructuring and other costs"" which can include other items (e.g. Q3/24 $216m deemed non-pro rata distribution in Other expense)"
transaction_integration_restructuring,Q1/23,14,USD m,Derived: transaction_integration_costs + restructuring_costs (face of P&L lines),"Components on P&L face: ""Transaction and integration costs"" and ""Restructuring costs"". Adj. EBITDA recon uses ""Restructuring and other costs"" which can include other items (e.g. Q3/24 $216m deemed non-pro rata distribution in Other expense)"
transaction_integration_restructuring,Q2/23,5,USD m,Derived: transaction_integration_costs + restructuring_costs (face of P&L lines),"Components on P&L face: ""Transaction and integration costs"" and ""Restructuring costs"". Adj. EBITDA recon uses ""Restructuring and other costs"" which can include other items (e.g. Q3/24 $216m deemed non-pro rata distribution in Other expense)"
transaction_integration_restructuring,Q3/23,5,USD m,Derived: transaction_integration_costs + restructuring_costs (face of P&L lines),"Components on P&L face: ""Transaction and integration costs"" and ""Restructuring costs"". Adj. EBITDA recon uses ""Restructuring and other costs"" which can include other items (e.g. Q3/24 $216m deemed non-pro rata distribution in Other expense)"
transaction_integration_restructuring,Q4/23,4,USD m,Derived: transaction_integration_costs + restructuring_costs (face of P&L lines),"Components on P&L face: ""Transaction and integration costs"" and ""Restructuring costs"". Adj. EBITDA recon uses ""Restructuring and other costs"" which can include other items (e.g. Q3/24 $216m deemed non-pro rata distribution in Other expense)"
transaction_integration_restructuring,FY2023,28,USD m,Derived: transaction_integration_costs + restructuring_costs (face of P&L lines),"Components on P&L face: ""Transaction and integration costs"" and ""Restructuring costs"". Adj. EBITDA recon uses ""Restructuring and other costs"" which can include other items (e.g. Q3/24 $216m deemed non-pro rata distribution in Other expense)"
transaction_integration_restructuring,Q1/24,12,USD m,Derived: transaction_integration_costs + restructuring_costs (face of P&L lines),"Components on P&L face: ""Transaction and integration costs"" and ""Restructuring costs"". Adj. EBITDA recon uses ""Restructuring and other costs"" which can include other items (e.g. Q3/24 $216m deemed non-pro rata distribution in Other expense)"
transaction_integration_restructuring,Q2/24,9,USD m,Derived: transaction_integration_costs + restructuring_costs (face of P&L lines),"Components on P&L face: ""Transaction and integration costs"" and ""Restructuring costs"". Adj. EBITDA recon uses ""Restructuring and other costs"" which can include other items (e.g. Q3/24 $216m deemed non-pro rata distribution in Other expense)"
transaction_integration_restructuring,Q3/24,32,USD m,Derived: transaction_integration_costs + restructuring_costs (face of P&L lines),"Components on P&L face: ""Transaction and integration costs"" and ""Restructuring costs"". Adj. EBITDA recon uses ""Restructuring and other costs"" which can include other items (e.g. Q3/24 $216m deemed non-pro rata distribution in Other expense)"
transaction_integration_restructuring,Q4/24,33,USD m,Derived: transaction_integration_costs + restructuring_costs (face of P&L lines),"Components on P&L face: ""Transaction and integration costs"" and ""Restructuring costs"". Adj. EBITDA recon uses ""Restructuring and other costs"" which can include other items (e.g. Q3/24 $216m deemed non-pro rata distribution in Other expense)"
transaction_integration_restructuring,FY2024,86,USD m,Derived: transaction_integration_costs + restructuring_costs (face of P&L lines),"Components on P&L face: ""Transaction and integration costs"" and ""Restructuring costs"". Adj. EBITDA recon uses ""Restructuring and other costs"" which can include other items (e.g. Q3/24 $216m deemed non-pro rata distribution in Other expense)"
transaction_integration_restructuring,Q1/25,20,USD m,Derived: transaction_integration_costs + restructuring_costs (face of P&L lines),"Components on P&L face: ""Transaction and integration costs"" and ""Restructuring costs"". Adj. EBITDA recon uses ""Restructuring and other costs"" which can include other items (e.g. Q3/24 $216m deemed non-pro rata distribution in Other expense)"
transaction_integration_restructuring,Q2/25,10,USD m,Derived: transaction_integration_costs + restructuring_costs (face of P&L lines),"Components on P&L face: ""Transaction and integration costs"" and ""Restructuring costs"". Adj. EBITDA recon uses ""Restructuring and other costs"" which can include other items (e.g. Q3/24 $216m deemed non-pro rata distribution in Other expense)"
transaction_integration_restructuring,Q3/25,9,USD m,Derived: transaction_integration_costs + restructuring_costs (face of P&L lines),"Components on P&L face: ""Transaction and integration costs"" and ""Restructuring costs"". Adj. EBITDA recon uses ""Restructuring and other costs"" which can include other items (e.g. Q3/24 $216m deemed non-pro rata distribution in Other expense)"
transaction_integration_restructuring,Q4/25,21,USD m,Derived: transaction_integration_costs + restructuring_costs (face of P&L lines),"Components on P&L face: ""Transaction and integration costs"" and ""Restructuring costs"". Adj. EBITDA recon uses ""Restructuring and other costs"" which can include other items (e.g. Q3/24 $216m deemed non-pro rata distribution in Other expense)"
transaction_integration_restructuring,FY2025,60,USD m,Derived: transaction_integration_costs + restructuring_costs (face of P&L lines),"Components on P&L face: ""Transaction and integration costs"" and ""Restructuring costs"". Adj. EBITDA recon uses ""Restructuring and other costs"" which can include other items (e.g. Q3/24 $216m deemed non-pro rata distribution in Other expense)"
transaction_integration_restructuring,Q1/26,9,USD m,Derived: transaction_integration_costs + restructuring_costs (face of P&L lines),"Components on P&L face: ""Transaction and integration costs"" and ""Restructuring costs"". Adj. EBITDA recon uses ""Restructuring and other costs"" which can include other items (e.g. Q3/24 $216m deemed non-pro rata distribution in Other expense)"
transaction_integration_restructuring,Q2/26,11,USD m,Derived: transaction_integration_costs + restructuring_costs (face of P&L lines),"Components on P&L face: ""Transaction and integration costs"" and ""Restructuring costs"". Adj. EBITDA recon uses ""Restructuring and other costs"" which can include other items (e.g. Q3/24 $216m deemed non-pro rata distribution in Other expense)"
xpo_net_investment,FY2021,1072,USD m,"https://www.sec.gov/Archives/edgar/data/1929561/000192956123000023/rxoq42022pressrelease.htm | RXO earnings release (Ex.99.1) for Q4/22, T1 (BS: Equity; row 'XPO investment'), column BSprior",
xpo_net_investment,Q2/22,1201,USD m,"https://www.sec.gov/Archives/edgar/data/1929561/000162828022026335/exhibit991-form10a.htm | Form 10/A information statement (Ex.99.1), unaudited condensed combined balance sheet as of June 30, 2022",
xpo_net_investment,Q3/22,1148,USD m,"https://www.sec.gov/Archives/edgar/data/1929561/000192956122000022/rxo-20220930.htm | Form 10-Q Q3 2022, Condensed Combined Balance Sheet (Sept 30, 2022)",
xpo_net_investment,Q4/22,0,USD m,"https://www.sec.gov/Archives/edgar/data/1929561/000192956123000023/rxoq42022pressrelease.htm | RXO earnings release (Ex.99.1) for Q4/22, T1 (BS: Equity; row 'XPO investment'), column BScur",Year-end balance (same as FY2022)
xpo_net_investment,FY2022,0,USD m,"https://www.sec.gov/Archives/edgar/data/1929561/000192956123000023/rxoq42022pressrelease.htm | RXO earnings release (Ex.99.1) for Q4/22, T1 (BS: Equity; row 'XPO investment'), column BScur",
